content_asli,teks_bersih,score,sentimen,at,panjang_asli,panjang_bersih,thumbsUpCount
mantap,bagus,5,Positif,2026-05-15 20:38:27,1,1,0
percuma harga murah murah tapi kualitas nya jelek/kw,percuma harga murah murah kualitas buruk kw,3,Netral,2026-05-15 20:37:18,8,7,0
"paylater telat sehari denda satu bulan , giliran di telatin sebulan sekalian di TLP trus , kan udah aku bayar denda nya selama sebulan",paylater telat hari denda satu bulan gilir telatin bulan sekali tlp trus kan bayar denda lama bulan,1,Negatif,2026-05-15 20:37:01,24,17,0
"bagus, perfect dan tambahin lagi voucher diskon besar' an /minggu",bagus perfect tambahin voucher diskon besar an minggu,5,Positif,2026-05-15 20:35:46,10,8,0
sangat membantuu,sangat membantuu,5,Positif,2026-05-15 20:34:43,2,2,0
"mudah, hemat, dan juara",mudah hemat juara,5,Positif,2026-05-15 20:33:32,4,3,0
lebih puas. karna semua barang d sini di jual lbh murah,lebih puas semua barang sini jual lebih murah,5,Positif,2026-05-15 20:33:01,11,8,0
sebagai pembeli ini yah,beli,5,Positif,2026-05-15 20:31:31,4,1,0
pengiriman cepat,kirim cepat,5,Positif,2026-05-15 20:30:25,2,2,0
"membuat program selalu saja bikin susah penjual & pembeli, bagaimana mau memberi penilaian pd toko ( sesuai kinerjanya ) jika di ganjal dng program TEMPLATE yg harus upload 3 video atas perintahnya bahkan perintah2 tdk logika, sekali lagi saya selaku konsumen tdk butuh coin dari penilaian, namun lebih cenderung utk memberi apresiasi kpd toko yg amanah, utk team programer shopee fikirkanlah program anda",buat program selalu bikin susah jual beli bagaimana mau beri nilai toko sesuai kerja ganjal program template upload video atas perintah bahkan perintah tdk logika sekali selaku konsumen tdk butuh coin nilai lebih cenderung beri apresiasi kpd toko amanah team programer fikirkanlah program,1,Negatif,2026-05-15 20:30:17,63,43,127
Aplikasi belanja terworth it!! yang penting pinter-pinter milih toko sama liat review.,belanja terworth it penting pinter pinter milih toko sama liat review,5,Positif,2026-05-15 20:29:48,12,11,0
Sangat mudah belanja di shopee,sangat mudah belanja,5,Positif,2026-05-15 20:29:12,5,3,0
semua nya serba mahal. mau beli iPhone 17 pro max harga 90 jutaan. padah aku punya uang 5k😭😭,semua serba mahal mau beli iphone pro max harga juta padah punya uang,1,Negatif,2026-05-15 20:29:11,18,13,0
mntap,bagus,5,Positif,2026-05-15 20:28:08,1,1,0
Kami kasi 4 bintang dulu,kasi bintang dulu,4,Positif,2026-05-15 20:27:58,5,3,0
sangat membantu,sangat bantu,5,Positif,2026-05-15 20:27:53,2,2,0
suka banget dgn Shopie,suka banget shopie,5,Positif,2026-05-15 20:27:53,4,3,0
kami sangat puas puas n puas dengan aplikasi shopee 🙏🙏🙏 apalagi dapat gratisan shopee Joss Joss n Joss,sangat puas puas puas gratis joss joss joss,5,Positif,2026-05-15 20:25:07,18,8,0
belanja simple,belanja simple,5,Positif,2026-05-15 20:24:27,2,2,0
belanja di Shopee dijamin murah aman dan amanah,belanja jamin murah aman amanah,5,Positif,2026-05-15 20:23:55,8,5,0
sangat puas,sangat puas,5,Positif,2026-05-15 20:23:23,2,2,0
"semenjak pakai expedisi spx shopee jadi sering mengecewakan, banyak pesanan yang di batalkan oleh expedisi",semenjak pakai expedisi spx jadi sering kecewa banyak pesan batal expedisi,3,Netral,2026-05-15 20:23:08,15,11,0
"Lodingnya lama bikin kesel, ada garansi tepat waktu, pad waktunya lewat, daritanggal estimasi, eh tanggal estimasinya jadi berubah, jadi di tambah, ya jadi tepat waktu terus, karna tanggal estimasi bisa berubah, kalau belum sampe",lodingnya lama bikin kesel garansi tepat waktu pad waktu lewat daritanggal estimasi eh tanggal estimasi jadi ubah jadi tambah jadi tepat waktu terus tanggal estimasi ubah kalau belum sampe,2,Negatif,2026-05-15 20:22:40,34,29,0
aplikasi yang sangat bagus banget buat berbelanja,sangat bagus banget buat belanja,5,Positif,2026-05-15 20:22:08,7,5,0
baguss bangett,baguss bangett,5,Positif,2026-05-15 20:20:08,2,2,0
tolong di koordinasi'kan dgn bijak kendala pengiriman sekarang² ini kenapa lama terkadang pesanan tiba² dibatalkan pihak jasa kurir padahal status pesanan dalam proses pengantaran,koordinasi kan bijak kendala kirim sekarang lama terkadang pesan tiba batal pihak jasa kurir padahal status pesan proses antar,4,Positif,2026-05-15 20:19:53,24,19,0
sangat mantap,sangat bagus,4,Positif,2026-05-15 20:19:26,2,2,0
bagus,bagus,5,Positif,2026-05-15 20:19:08,1,1,0
hallo kak saya mau ngadukan ada yang mengatasnamakan shoppe Indonesia apakah saya abis belanja di shoppe gak unboxing video paket akan di bekukan dan di kasih link nya tolong di usut tuntas,hallo kak mau ngadukan mengatasnamakan indonesia abis belanja tidak unboxing video paket beku kasih link usut tuntas,5,Positif,2026-05-15 20:18:59,32,17,0
Kayaknya produk homebrew... Tapi mudah2an kwalitas yg dipasarkan produk yg bagus,kayak produk homebrew mudah kwalitas pasar produk bagus,1,Negatif,2026-05-15 20:16:40,11,8,0
pokoke mantap,pokoke bagus,5,Positif,2026-05-15 20:16:03,2,2,0
"Shopee makin lama makin nyebelin ya, mau log in aja susahnya minta ampun kalau malam. Padahal ada wifi dan kuota. bikin kesel",makin lama makin nyebelin mau log in susah minta ampun kalau malam padahal wifi kuota bikin kesel,1,Negatif,2026-05-15 20:13:07,22,17,0
Perbelanjaan yg sangat gampang dalam pemesanannya. serta kita bisa chat dgn penjual utk tanya gambar barang dan stok yang ada.,belanja sangat gampang mesan chat jual tanya gambar barang stok,5,Positif,2026-05-15 20:07:44,20,10,0
shopee mantap the besstt,bagus the besstt,5,Positif,2026-05-15 20:06:57,4,3,0
"Saya kasih bintang 2. karna ga bisa COD ke papua dan juga ongkirnya mahal sekali lebih mahal dari harga barang yang kita pesan berasa kaya beli ongkir dan dapat barang yang kita mau. 1 lagi kalo misal kita beli barang di toko yang sama tolong harga barangnya yang di hitung jangan ongkirnya juga ikut nambah padahal suka sekali sama produk-produk yang di jual tapi ga bisa kebeli karna mahal, ongkirnya minta ampun pengen nangis dah sumpah. Tolong dong pihak SHOPEE kami di papua sangat kesulitan.",kasih bintang tidak bayar tempat papua ongkirnya mahal sekali lebih mahal harga barang pesan asa kaya beli ongkos kirim barang mau kalau misal beli barang toko sama harga barang hitung jangan ongkirnya ikut nambah padahal suka sekali sama produk produk jual tidak kebel mahal ongkirnya minta ampun ken nang dah sumpah pihak papua sangat sulit,2,Negatif,2026-05-15 20:04:29,85,55,0
tolong sangat menyiksa anak kos harga makananya. pakai shopee VIP ga ngaruhh. boncos,sangat siksa anak kos harga makananya pakai vip tidak ngaruhh boncos,1,Negatif,2026-05-15 20:01:26,13,11,0
terbaik,baik,5,Positif,2026-05-15 19:58:46,1,1,0
Blm bisa di instal,belum instal,5,Positif,2026-05-15 19:58:43,4,2,0
"pengalaman pahit.. barang rusak di paksa suruh nerima.. seolah shopee lbh berpihak ke penjual drpd pembeli.. saran saya klo beli apa"" lebih baik cod drpd lngsng bayar.. klo duit sudah masuk jngn harap bisa balik lagi.. bagusan toko sebelah drpd shopee....",alam pahit barang rusak paksa suruh nerima lebih pihak jual drpd beli saran kalau beli apa lebih baik bayar tempat drpd lngsng bayar kalau duit masuk jngn harap balik bagus toko belah drpd,1,Negatif,2026-05-15 19:54:45,41,33,0
"Great!, 👍🥰. Banyak promo diskon produk dan koin. Tlg banyakin voucer diskon yaa shopee. Makasih shopee😍😍😍",great banyak promo diskon produk koin banyakin voucer diskon yaa terima kasih,5,Positif,2026-05-15 19:53:55,16,12,0
cukup puas belanja d shopee,cukup puas belanja,5,Positif,2026-05-15 19:53:36,5,3,0
"Aplikasinya Lelet sekali dibagian menu, dan profil. tapi klw video promosi barang Pas buka aplikasi langsung putar tanpa gangguan. Biaya Pengiriman Tetap aja Mahal ke NTT, yg buat malas belanja karena Biaya Pengiriman lebih mahal dari barang yang ingin dibeli🤪",aplikasi lambat sekali bagi menu profil klw video promosi barang pas buka langsung putar tanpa ganggu biaya kirim tetap mahal ntt buat malas belanja biaya kirim lebih mahal barang beli,3,Netral,2026-05-15 19:53:25,40,30,0
pengiriman cepat dan harganya terjangkau,kirim cepat harga jangkau,5,Positif,2026-05-15 19:52:12,5,4,0
bagus sekali,bagus sekali,4,Positif,2026-05-15 19:52:02,2,2,0
"makasih shoppee dgn adanya aplikasi ini maka dpt mudah untuk berbelanja online,sangat membantu sekali",terima kasih shoppee ada mudah belanja online sangat bantu sekali,5,Positif,2026-05-15 19:50:57,14,10,0
bagus banget akuu suka,bagus banget akuu suka,5,Positif,2026-05-15 19:50:25,4,4,0
puas banget,puas banget,5,Positif,2026-05-15 19:48:53,2,2,0
bang tolong di perbaiki aplikasi nya masashi dapat order fiktif/penipuan,bang baik masashi order fiktif tipu,1,Negatif,2026-05-15 19:46:34,10,6,0
"so far, masih aman/oke👍",so far aman,5,Positif,2026-05-15 19:45:47,4,3,0
yah,,5,Positif,2026-05-15 19:45:11,1,0,0
"mohon maaf, ini akun shopee saya kenapa ya tba² minta verifikasi melalui link? trus nomor nya berbeda dengan nomor saya?.",mohon maaf akun tba minta verifikasi lalu link trus nomor beda nomor,5,Positif,2026-05-15 19:44:46,20,12,0
pengiriman Nya cepat dan barang nya sampai dengan bagus,kirim cepat barang bagus,5,Positif,2026-05-15 19:44:32,9,4,0
jika barang gak sesuai dijamin bisa dikembalikan..uang kita kembali 100%.,barang tidak sesuai jamin kembali uang,5,Positif,2026-05-15 19:44:00,10,6,0
keseringan butuh verifikasi pas mau co di webnya,sering butuh verifikasi pas mau co webnya,1,Negatif,2026-05-15 19:42:44,8,7,0
"membantu bgt kalo cari barang apapun ada, udah gtu banyak promo nya hihi",bantu banget kalau cari barang apa gtu banyak promo hihi,5,Positif,2026-05-15 19:41:38,13,10,0
Ok pakai bangeeett,pakai bangeeett,5,Positif,2026-05-15 19:38:28,3,2,0
"Sekelas Shopee yg tiap bulan bagi2 HP, mobil, dll dengan harga murah. masak ganti kerugian saya yg kena tipu barang palsu 700k gk mau, cuma mau separuh nya aja. Bukannya gk bersyukur, gaji saya kecil mau beli barang di Shopee mlh kena tipu, berarti Shopee masih lemah dalam pengawasan toko2, masih banyak toko scam yg bertebaran. pesan saya buat pihak Shopee perketat pengawasan dan beri sangsi yg berat untuk toko2 scam. tanggung jawab itu penting klo gk kelar didunia pasti lanjut diakhirat.",kelas tiap bulan hp mobil harga murah masak ganti rugi kena tipu barang palsu tidak mau cuma mau paruh bukan tidak syukur gaji kecil mau beli barang mlh kena tipu arti lemah awas toko banyak toko scam tebar pesan buat pihak ketat awas beri sangsi berat toko scam tanggung jawab penting kalau tidak kelar dunia lanjut akhirat,1,Negatif,2026-05-15 19:38:08,82,57,0
pengembalian barang dana tidak adil berpihak ke buyer,kembali barang dana tidak adil pihak buyer,1,Negatif,2026-05-15 19:37:59,8,7,0
"belanja oln terbaik,banyak yg murah2 nya, barang sama di oln yg lain cuman di, shopee yg murah cepat trimks",belanja oln baik banyak murah barang sama oln cuman murah cepat trimks,4,Positif,2026-05-15 19:35:19,19,12,0
"pelayanan bagus begitu sampai di pusat hub pengantaran, barang langsung di antar",layan bagus pusat hub antar barang langsung antar,5,Positif,2026-05-15 19:34:43,12,8,0
barang jos SMG mkin maju toko nya amin,barang jos smg mkin maju toko amin,5,Positif,2026-05-15 19:33:52,8,7,0
bagus banget murah kagummm .,bagus banget murah kagummm,4,Positif,2026-05-15 19:33:52,5,4,0
"klo ada brang yg gk sampai/diluar faktor kendali gudang,susah pengajuanya, gk bisa duit balik",kalau brang tidak luar faktor kendali gudang susah pengajuanya tidak duit balik,1,Negatif,2026-05-15 19:33:27,14,12,0
sangat cepet pengiriman,sangat cepat kirim,5,Positif,2026-05-15 19:31:57,3,3,0
sudah GX amanah,gx amanah,1,Negatif,2026-05-15 19:30:17,3,2,0
kwnpa ya saya sekarang pake shopee gak bisa cod lagi ? tolong bantu jawab dong,kwnpa sekarang pake tidak bayar tempat bantu jawab,5,Positif,2026-05-15 19:28:46,15,8,0
puas pokoknya deh belanja di Shopee,puas pokok belanja,5,Positif,2026-05-15 19:26:51,6,3,0
sangat membantu dalam pembelian,sangat bantu beli,5,Positif,2026-05-15 19:26:48,4,3,0
Alhamdulillah bermanfaat,alhamdulillah manfaat,5,Positif,2026-05-15 19:23:57,2,2,0
shope emg mantap,memang bagus,5,Positif,2026-05-15 19:22:45,3,2,1
sangat senang 😍,sangat senang,5,Positif,2026-05-15 19:22:27,3,2,0
"ini aplikasi berat bgt dh, tiap habis buka apk ini pasti lemot dan hp ikutan lemot, padahal buka apk lain b aja. dan iklannya sumpah ganggu banget, disetiap aplikasi ada apalagi tiap main game. ga ada iklan atau apa tiba-tiba kebuka pdahal lagi asik main",berat banget dh tiap habis buka lambat hp ikut lambat padahal buka iklan sumpah ganggu banget tiap tiap main game tidak iklan apa tiba tiba buka pdahal asik main,2,Negatif,2026-05-15 19:21:43,45,29,0
tim ekpedisi suka ngerugiin orang contoh nya nipu dana pemerasan,tim ekpedisi suka ngerugiin orang contoh nipu dana peras,1,Negatif,2026-05-15 19:20:51,10,9,0
"Yang membuat banyak pengguna kecewa bukan cuma keterlambatan SPX, tapi cara penanganannya. Komplain diputar-putar, jawaban copy-paste, investigasi lama, sementara pelanggan diminta terus sabar. Perusahaan sebesar Shopee seharusnya mampu memberi layanan yang transparan dan profesional, bukan membuat pelanggan merasa diabaikan setelah transaksi selesai.",buat banyak guna kecewa bukan cuma lambat spx cara tangan komplain putar putar jawab copy paste investigasi lama langgan minta terus sabar usaha besar mampu beri layan transparan profesional bukan buat langgan rasa abai transaksi selesai,1,Negatif,2026-05-15 19:20:46,42,36,0
kenapa setiap top up tidak ada namanya ya ... pengirimannya lama sampai 8 hari mungkin pilih instan gak masalah kalau bayar lebih ... dan jika penjual ingin review bagus mungkin bisa nilai bintang 5,top up tidak nama kirim lama hari mungkin pilih instan tidak masalah kalau bayar lebih jual review bagus mungkin nilai bintang,5,Positif,2026-05-15 19:09:23,34,21,0
Alhamdulillah shopee sangat bagus 😁,alhamdulillah sangat bagus,5,Positif,2026-05-15 19:08:20,5,3,0
"bagus, tapi belom apa apa udh kena pelanggaran gmna dah",bagus bom apa apa kena langgar gmna dah,3,Netral,2026-05-15 19:06:55,10,8,0
sangat puas dengan aplikasi ini,sangat puas,5,Positif,2026-05-15 19:05:15,5,2,0
hokihoki,hokihoki,5,Positif,2026-05-15 19:04:50,1,1,0
tolong dong jangn d batasi COD nya,jangn batas bayar tempat,5,Positif,2026-05-15 19:04:00,7,4,0
pokoknya blanja apa saja dishopee lengkap dan juga ramah dikantong (yg penting harus cek ulasan yah klo mau beli),pokok blanja apa dishopee lengkap ramah kantong penting cek ulas kalau mau beli,5,Positif,2026-05-15 19:03:04,19,13,0
i like Shopee,like,5,Positif,2026-05-15 19:02:53,3,1,0
saya mau cek ot tapi gabisa ada tombol harus dipelajari pas saya coba ga bisa mohon diperbaiki untuk masalah itu,mau cek ot gabisa tombol ajar pas coba tidak mohon baik masalah,3,Netral,2026-05-15 19:01:37,20,12,0
Sekarang pengiriman makin cepat apabila langsung dari aplikasi Shopee. Merupakan salah satu aplikasi belanja yg mumpuni dan nomor satu,sekarang kirim makin cepat apabila langsung rupa salah satu belanja mumpuni nomor satu,5,Positif,2026-05-15 19:01:03,19,13,0
"belanja lebih mudah,barang sesuai dg deskripsi tp juga kadang tidak sesuai dengan deskripsi tapi dari situ kita juga memaklumi harga mempengaruhi kwalitas suatu barang",belanja lebih mudah barang sesuai deskripsi kadang tidak sesuai deskripsi situ maklum harga pengaruh kwalitas suatu barang,5,Positif,2026-05-15 19:00:54,24,17,0
"senang belanja Shopee layanan konsumen cepat tepat , banyak pilihan produk yg menarik.. bebas ongkir 👏👍",senang belanja layan konsumen cepat tepat banyak pilih produk tarik bebas ongkos kirim,5,Positif,2026-05-15 19:00:33,16,13,0
"sangat berterima kasi kepada shopee atas pelayana yang selama ini di Berikan kepada kami,kepuasan kami berbelanja shopee lah tempatnya .",sangat terima kasi atas pelayana lama ikan puas belanja tempat,5,Positif,2026-05-15 19:00:12,20,10,0
layanan Shopee cukup bagus reaksi cepat saya puas dengan Shopee,layan cukup bagus reaksi cepat puas,5,Positif,2026-05-15 18:58:51,10,6,0
kebanyakan iklan di aplikasi lain sangat ganggu,banyak iklan sangat ganggu,1,Negatif,2026-05-15 18:58:07,7,4,0
"Seller abal abal ko' bisa lolos, gimana sch",seller abal abal ko lolos gimana sch,1,Negatif,2026-05-15 18:56:50,8,7,0
"sangat mudah dalam berbelanja, lengkap dan terjamin,, oke",sangat mudah belanja lengkap jamin,5,Positif,2026-05-15 18:56:34,8,5,0
"Beberapa kali paket yang dikirim zonk dengan nominal yang lumayan, kadang masih bisa di refund & pernah juga duit gag balik² smentara barang sudah dibalikin🙃 tolong lebih disaring lagi toko² nakal yang punya niatan nipu, jangan sampai aplikasi orange ini bernasip sama dg aplikasi biru sebelah👍🏻",beberapa kali paket kirim zonk nominal lumayan kadang refund pernah duit gag balik smentara barang dibalikin lebih saring toko nakal punya niat nipu jangan orange bernasip sama biru belah,5,Positif,2026-05-15 18:56:32,46,29,0
kalau gak dirubah standar pengirimannya mesti pake SPX dan lama banget dari dikemas- pengirimannya sekarang butuh 2 hari belum lagi nyampai ke tujuan butuh 4-5 hari,kalau tidak rubah standar kirim mesti pake spx lama banget kemas kirim sekarang butuh hari belum nyampai tuju butuh hari,1,Negatif,2026-05-15 18:55:57,26,20,0
Mantap,bagus,5,Positif,2026-05-15 18:55:16,1,1,0
"belanja di shopee tanpa ribet baik cod, cash maupun cicilan",belanja tanpa ribet baik bayar tempat cash maupun cicil,5,Positif,2026-05-15 18:54:09,10,9,0
Pengiriman cepat mantulllll,kirim cepat mantulllll,5,Positif,2026-05-15 18:54:07,3,3,0
knpa aku kasih bintang 2 ..karena kurir shopenya nganter paketnya jam 10 malem....g ngotakk emang,knpa kasih bintang kurir shopenya nganter paket jam malem ngotakk memang,2,Negatif,2026-05-15 18:53:35,15,11,0
good job,good job,5,Positif,2026-05-15 18:52:29,2,2,0
gercep....,gercep,5,Positif,2026-05-15 18:51:46,1,1,0
bagus mkasih,bagus mkasih,4,Positif,2026-05-15 18:49:36,2,2,0
tolongg untuk permainan shoppe tanamnya ga perlu ada lomba perang airnya keklik alat siram tanaman muncul kumpulkan air belum ngerjain misi misinya malah nyalip duluan😥☹️,tolongg main tanam tidak perlu lomba perang air klik alat siram tanam muncul kumpul air belum ngerjain misi misi malah nyalip duluan,1,Negatif,2026-05-15 18:49:12,25,22,3
"sumpah suka bgt aaaaaaaaa omaigat,banyak bgt promonya",sumpah suka banget aaaaaaaaa omaigat banyak banget promonya,5,Positif,2026-05-15 18:48:29,7,8,0
uang shopee afiiate GK bisa di tarik,uang afiiate tidak tarik,3,Netral,2026-05-15 18:48:17,7,4,0
bagus aplikasinya apalagi sekarang bisa terhubung ke Facebook...bisa jualan di Facebook,bagus aplikasi sekarang hubung facebook jual facebook,5,Positif,2026-05-15 18:47:57,11,7,0
baik,baik,5,Positif,2026-05-15 18:44:55,1,1,0
nice,nice,5,Positif,2026-05-15 18:42:39,1,1,0
"ngak ngasih tahu program penjualan, alhasil saya yang punya toko dikuras 20% potongan per pembelian orang, apaan gak ngasih tau tiba² ngikut program, ngerugiin penjual tloI",ngak ngasih tahu program jual alhasil punya toko kuras potong per beli orang apa tidak ngasih tau tiba ngikut program ngerugiin jual tloi,1,Negatif,2026-05-15 18:40:58,26,23,0
"kurirnya pada ga niat kerja, coba nanti cantumkan nomer kurirnya jika paket sudah ada ditangan kurir. paket saya sering kali di curi sama kurirnya dengan alasan saya menunda pengiriman padahal saya ga pernah meminta menunda pengiriman ujung² nya paket saya gagal dikirim",kurir tidak niat kerja coba cantum nomer kurir paket tang kurir paket sering kali curi sama kurir alas tunda kirim padahal tidak pernah minta tunda kirim ujung paket gagal kirim,1,Negatif,2026-05-15 18:38:36,42,30,0
"sangat lengkap dan banyak diskonnya, rekomendasi buat yang mencari barang",sangat lengkap banyak diskon rekomendasi buat cari barang,5,Positif,2026-05-15 18:37:39,10,8,0
parah Spayletter msh aja gak berubah udh brp tahun cma telat 7 hari,buruk spayletter msh tidak ubah brp tahun cma telat hari,1,Negatif,2026-05-15 18:31:35,13,10,0
Bagus,bagus,5,Positif,2026-05-15 18:31:16,1,1,0
Shopee sangat membantu walaupun masih ada sebagian kecil toko yang curang/ nakal.......! toko yg tidak jujur harus di tindakan biar tidak merusak nama Shopee yg sudah terkenal,sangat bantu walaupun bagi kecil toko curang nakal toko tidak jujur tindak biar tidak rusak nama kenal,5,Positif,2026-05-15 18:29:48,27,17,0
"jualan dishope, bukannya untung malah buntung, hasil penjualan tidak masuk ke saldo penjual, walaupun hanya 25rb, ternyata doyan juga shope uang 25rb😂ngenessss shope skr ada malingnya",jual dishope bukan untung malah buntung hasil jual tidak masuk saldo jual walaupun rb nyata doyan uang rb ngenessss skr maling,1,Negatif,2026-05-15 18:27:34,26,21,0
the best pokoknya,the best pokok,5,Positif,2026-05-15 18:24:44,3,3,0
barang ga sesuai,barang tidak sesuai,1,Negatif,2026-05-15 18:23:13,3,3,0
padahal udah lama kasi 5 bintang loh,padahal lama kasi bintang loh,5,Positif,2026-05-15 18:20:17,7,5,0
gg gaming,gg gaming,5,Positif,2026-05-15 18:19:52,2,2,0
barang nya bagus dan gercep,barang bagus gercep,5,Positif,2026-05-15 18:18:57,5,3,0
"aplikasi sangat baik tetapi sekarang sering banget kejadian PENGIRIMAN DI BATALKAN SISTEM TETAPI BARANG YG KEMBALI BUKAN YANG KITA KIRIM DAN EXPEDISI SPX SEKARANG SERING BARANG NYAMPE KE KONSUMEN SUDAH DI GANTI OKNUM"" SPX ENTAH BAGIAN GUDANG ENTAH BAGIAN LAPANG TOLONG DI PERBAHARUI SISTEM DAN PERKETAT LAGI TIM EXPEDESI TERKAIT🙏",sangat baik sekarang sering banget jadi kirim batal sistem barang bukan kirim expedisi spx sekarang sering barang nyampe konsumen ganti oknum spx entah bagi gudang entah bagi lapang baharu sistem ketat tim expedesi kait,5,Positif,2026-05-15 18:16:40,50,34,0
"cukup aman belanja disini,belum ada kendala selama saya belanja,terimakasih shopee",cukup aman belanja sini belum kendala lama belanja terimakasih,5,Positif,2026-05-15 18:16:38,10,9,0
tidak pernah mengecewakan,tidak pernah kecewa,5,Positif,2026-05-15 18:15:07,3,3,0
sangat membantu kalo lagi cari barang barang yang dibutuhkan.,sangat bantu kalau cari barang barang butuh,5,Positif,2026-05-15 18:14:41,9,7,0
beberapa kali metode pembayaran COD tidak tersedia di shopeefood,beberapa kali metode bayar bayar tempat tidak sedia shopeefood,5,Positif,2026-05-15 18:14:10,9,9,0
saya sangat terbantu dengan aplikasi ini,sangat bantu,5,Positif,2026-05-15 18:13:00,6,2,0
aplikasinya bagus tp jujur iklanya jngn berlebihan. masa aku lg enak enaknya baca wattpat tb tb muncul iklan shoppee. mana dikit diki iklan shopee.benci bgt sumpah sngt mengganggu,aplikasi bagus jujur iklanya jngn lebih masa lg enak enak baca wattpat tb tb muncul iklan shoppee mana dikit dik iklan benci banget sumpah sngt ganggu,2,Negatif,2026-05-15 18:11:00,28,26,0
"makin hari,makin lemot aja",makin hari makin lambat,5,Positif,2026-05-15 18:08:47,4,4,0
menurut aku kenapa ya setiap mau belanja harus masukin no tlpon giliran uda di masukin katanya no telpon nya uda perna di pake jadi aku pake no yang mana 😭padahal first time pake Shopee,mau belanja masukin no tlpon gilir uda masukin kata no telpon uda perna pake jadi pake no mana padahal first time pake,1,Negatif,2026-05-15 18:07:34,34,22,0
"Oke setelah masalah spx, keluar lagi yang baru. Untuk pengembalian barang menurutku jelek banget. Kenapa? Dari aplikasi ga dituliskan agen yang available mana aja, dari kurir juga ga tau harus kirim ke agen mana. Lalu pengembalian ini ga masuk ke ""pengembalian"" tapi masih di ""dikirim"" dan kita sebagai customer ga bisa lihat paket udah sampai mana pas kembali ke seller. Menurutku perlu diperbaiki sih ini. Tolong ya shopee. Perbaiki agar lebih baik lagi",masalah spx keluar baru kembali barang turut buruk banget tidak tulis agen available mana kurir tidak tau kirim agen mana lalu kembali tidak masuk kembali kirim customer tidak lihat paket mana pas seller turut perlu baik baik lebih baik,1,Negatif,2026-05-15 18:05:30,73,39,2
sangat bermanfaat,sangat manfaat,5,Positif,2026-05-15 18:03:35,2,2,0
sangat baik,sangat baik,5,Positif,2026-05-15 18:00:13,2,2,0
"Ok mantap, ada gratia ongkir terus hee saran saja, untuk kurir jasa kirimnya tolong di cantumin no hp/ WA nya agar saya sebagai pembeli tau bahwa paket pesanan saya menuju rumah atau ke tampat lain dulu",bagus gratia ongkos kirim terus hee saran kurir jasa kirim cantumin no hp wa beli tau paket pesan tuju rumah tampat dulu,5,Positif,2026-05-15 17:58:08,36,22,0
jasa pengiriman nya lama banget dah sumpah bikin kesel mana kalo udah telat cuman di kasih vocer 10k trus barang banyak yang ga sesuai,jasa kirim lama banget dah sumpah bikin kesel mana kalau telat cuman kasih vocer trus barang banyak tidak sesuai,1,Negatif,2026-05-15 17:58:06,24,19,0
"terimakasih shoope atas kepercayaan nya pada sy ,ga nyesal jadi pelanggan shopee bertahun2 keamanan akun sangat bagus ,dgn melindungi dulu dana customer smpe 7 hari kedepan dan adanya fasilitas ajukan pengembalian dana komplain yg ditanggapi dengan baik,sukses terus utk shoope",terimakasih shoope atas percaya tidak nyesal jadi langgan tahun aman akun sangat bagus lindung dulu dana customer smpe hari depan ada fasilitas aju kembali dana komplain tanggap baik sukses terus shoope,5,Positif,2026-05-15 17:57:15,40,31,0
BAGUS,bagus,5,Positif,2026-05-15 17:57:05,1,1,0
jos jis..langganan,jos jis langgan,5,Positif,2026-05-15 17:56:53,2,3,0
Good,good,5,Positif,2026-05-15 17:56:40,1,1,0
memuaskan belanja dishopee,muas belanja dishopee,5,Positif,2026-05-15 17:56:40,3,3,0
Very good,very good,5,Positif,2026-05-15 17:55:44,2,2,0
ini kok cod nya gak bisa digunain yah? apa sedang eror awalnya saya merasa cocok tetapi semenjak COD tdk bisa lagi sya jdi merasa tdk nyaman udah lama kok akun sya gak bisa bisa yah COD nya,kok bayar tempat tidak digunain apa sedang eror awal rasa cocok semenjak bayar tempat tdk sya jdi rasa tdk nyaman lama kok akun sya tidak bayar tempat,1,Negatif,2026-05-15 17:54:06,37,27,0
hampir tiap hari order di shopee,hampir tiap hari order,5,Positif,2026-05-15 17:52:51,6,4,0
perlu sesuatu ga perlu repot,perlu tidak perlu repot,5,Positif,2026-05-15 17:52:49,5,4,0
apk paling ok..,paling,5,Positif,2026-05-15 17:50:39,3,1,0
"aplikasi ga jelas woi guna nya CS buat apa woi kalo ga bisa membantu, hanya bisa muter-muter pertanyaan aja . celek",tidak jelas woi cs buat apa woi kalau tidak bantu muter muter tanya celek,1,Negatif,2026-05-15 17:50:12,21,14,0
"makin lama, makin burung pelayanan nya...top up etoll...saldo gak masuk sopay nya kepotong...tetep bayar walau gak trima prodak, hati2 kl top up...makin ngaco aja sistem nya...gw RETUR BARANG UDH DI TRIMA TOKO, PENGEMBALIN SELESAI STATUS DI TOLAK ,UANG GAK BALIK ,BARANG UDH BALIK KE TOKO,, GW HARUS TETEP BAYAR.",makin lama makin burung layan top up etoll saldo tidak masuk sopay potong tetep bayar tidak trima prodak hati kalau top up makin ngaco sistem gw retur barang trima toko pengembalin selesai status tolak uang tidak balik barang balik toko gw tetep bayar,4,Positif,2026-05-15 17:49:07,49,43,0
"selama saya berbelanja disini , sangat puas , dan real barangnya , Alhamdulillah selalu amanah tidak pernah dapet barang jelek / barang kosong",lama belanja sini sangat puas real barang alhamdulillah selalu amanah tidak pernah barang buruk barang kosong,5,Positif,2026-05-15 17:46:21,23,16,0
wahh bagus Skali,wahh bagus skali,5,Positif,2026-05-15 17:45:52,3,3,0
"shopee oke , semoga jaya selalu",moga jaya selalu,5,Positif,2026-05-15 17:43:07,6,3,0
"pembatalan orderan saya ditolak padahal barang masih di kemas, seller juga balas pake ai, dan pembatalannya juga butuh waktu 1 hari",batal order tolak padahal barang kemas seller balas pake ai batal butuh waktu hari,3,Netral,2026-05-15 17:42:40,21,14,0
aplikasi nya sangat bagus dan cangih kalo barang tidak sesuai bisa di kembalikan,sangat bagus cangih kalau barang tidak sesuai kembali,5,Positif,2026-05-15 17:42:29,13,8,0
"Alhamdulillah Shopee enak murah ongkir nya kadan gratis ongkir sukah banget belanja di Shopee 🤩😍👍👍,",alhamdulillah enak murah ongkos kirim kad gratis ongkos kirim sukah banget belanja,5,Positif,2026-05-15 17:41:54,15,12,0
sekarang banyak toko abal2.capek2 co dan nunggu malah gk dikirim barangnya tanpa ada info apapun dari admin tokonya!,sekarang banyak toko abal capek co nunggu malah tidak kirim barang tanpa info apa admin toko,2,Negatif,2026-05-15 17:41:52,18,16,0
barang yg dikirim sesuai pesanan,barang kirim sesuai pesan,5,Positif,2026-05-15 17:40:27,5,4,0
sudah bertahun² pake shopee sampe naik level platinum ehh skrg ngerasa gk asik lg blj di shopee krn suka ada cancel² pesanan krn dgn alasan melakukan aktifitas tidak wajar. whaattt??,tahun pake sampe naik level platinum ehh sekarang ngerasa tidak asik lg blj suka cancel pesan alas laku aktifitas tidak wajar whaattt,3,Netral,2026-05-15 17:40:14,30,22,0
"pengiriman instan di shopee sekarang jadi sangat buruk yang biasanya 2 jam sampai sekarang jadi 4jam sampai, tapi mungkin terkendala di sistem pembayaran yang minim kepada para mitra driver nya orderan instan sering gagal dan tidak ada driver yang mau pickup",kirim instan sekarang jadi sangat buruk biasa jam sekarang jadi jam mungkin kendala sistem bayar minim mitra driver order instan sering gagal tidak driver mau pickup,1,Negatif,2026-05-15 17:39:06,41,26,0
pelayanannya saya puas dan bila ada masalah selalu ada solusinya. semoga shopee terus maju dan berkembang.,layan puas bila masalah selalu solusi moga terus maju kembang,5,Positif,2026-05-15 17:38:27,16,10,0
terima kasih shopee,terima kasih,5,Positif,2026-05-15 17:38:09,3,2,0
Bagus dan top markotop,bagus top markotop,5,Positif,2026-05-15 17:38:00,4,3,0
memuaskan,muas,5,Positif,2026-05-15 17:37:25,1,1,0
mantab,mantab,5,Positif,2026-05-15 17:36:12,1,1,0
bagus...,bagus,5,Positif,2026-05-15 17:34:45,1,1,0
"lelett, apalgi pas pengirimannya entah kenapa makin hari makin lelet kek lama bgt dianternya?? udh gitu kadang kurirnya dongo suka salah anter alamat atauu barangnya blm dikirim tpi statusnya udh diterima barangnya kan kocak",lelett apalgi pas kirim entah makin hari makin lambat kek lama banget anter gitu kadang kurir dongo suka salah anter alamat atauu barang belum kirim status terima barang kan kocak,2,Negatif,2026-05-15 17:34:23,34,30,0
"sebagai penjual dan pembeli sangat kecewaa pesanan selalu dibatalkan sebagai seller pesanan dibatalkan, akun di blokir barang hilang 1 juta lebih cuma diganti 62ribu Buruk pelayanannya",jual beli sangat kecewaa pesan selalu batal seller pesan batal akun blokir barang hilang juta lebih cuma ganti ribu buruk layan,1,Negatif,2026-05-15 17:33:45,26,21,0
bagus aja lah,bagus,5,Positif,2026-05-15 17:31:30,3,1,0
"sangat membantu, trimakasih sopee smg tambah sukses",sangat bantu trimakasih sopee smg tambah sukses,5,Positif,2026-05-15 17:31:14,7,7,0
"maaf mengganggu,kok pesanan sy udh dekat rumah saya eh malah balik ke bandar Lampung khusus shoppe tolong perbaikan lagi aplikasi terimakasih",maaf ganggu kok pesan dekat rumah eh malah balik bandar lampung khusus baik terimakasih,4,Positif,2026-05-15 17:30:39,21,14,0
sebenarnya klo aplikasi oke2 aja TPI dari pengiriman nya tuh ngga suka banget,benar kalau kirim tuh tidak suka banget,3,Netral,2026-05-15 17:28:04,13,7,0
Pelayanannya masih harus ditingkatkan jadi saya kasih 2 bintang dulu ya,layan tingkat jadi kasih bintang dulu,2,Negatif,2026-05-15 17:27:52,11,6,0
sangat bagus sekali,sangat bagus sekali,5,Positif,2026-05-15 17:23:33,3,3,0
bingung skrg. harga di shopee gak sesuai dengan yg di tampilkan. pas co aja beda lagi harga. aneh dah. .,bingung sekarang harga tidak sesuai tampil pas co beda harga aneh dah,3,Netral,2026-05-15 17:21:41,20,12,0
"ya sejauh ini, ini yang bertahan.",jauh tahan,5,Positif,2026-05-15 17:21:17,6,2,0
aman,aman,5,Positif,2026-05-15 17:21:11,1,1,0
"tolong buka aplikasi shopee jangan langsung yg dmunculin live shopeenya lah, super mengganggu sekali.. kembalikan normal ky dulu, buka aplikasi lgsg halaman beranda BUKAN live!",buka jangan langsung dmunculin live shopeenya super ganggu sekali kembali normal ky dulu buka lgsg halaman beranda bukan live,2,Negatif,2026-05-15 17:21:06,25,19,0
"shopee nya bagus .. pedagang nya banyak yang asal²an dan gak amanah deskripsi tentang barang yang dijual sering beda dengan kenyataan, bikin trauma aja",bagus dagang banyak asal an tidak amanah deskripsi barang jual sering beda nyata bikin trauma,4,Positif,2026-05-15 17:16:41,24,15,0
apk lemot.,lambat,1,Negatif,2026-05-15 17:15:30,2,1,0
bagus banget untuk cod dan sudah berapa kali saya pake apk ini dan kurir nya ramah dan baik,bagus banget bayar tempat berapa kali pake kurir ramah baik,5,Positif,2026-05-15 17:14:34,18,10,0
makin tingkatkan layanan,makin tingkat layan,5,Positif,2026-05-15 17:10:09,3,3,0
"aplikasi belanja online yang paling amanah yang pernah aku temukan. selain harganya super murah karena banyak diskon, toko-toko didalam nya pun tidak abal-abal.",belanja online paling amanah pernah temu harga super murah banyak diskon toko toko dalam tidak abal abal,5,Positif,2026-05-15 17:10:05,23,17,0
jelek ribet,buruk ribet,1,Negatif,2026-05-15 17:08:32,2,2,0
mudah,mudah,5,Positif,2026-05-15 17:04:52,1,1,0
"sudah oke, namun perlu di perhatikan toko yang nge-rip (tipu / scam)",perlu perhati toko nge rip tipu scam,4,Positif,2026-05-15 17:04:08,12,7,0
fast Respon,fast respon,5,Positif,2026-05-15 17:00:36,2,2,0
siippp,siippp,5,Positif,2026-05-15 16:57:35,1,1,0
sangat membantu sekali,sangat bantu sekali,5,Positif,2026-05-15 16:56:44,3,3,0
bagus dehh shopeenya. aku kasih bintang 5 dehh,bagus dehh shopeenya kasih bintang dehh,5,Positif,2026-05-15 16:54:46,8,6,0
udah ngak bisa cod..jadi malas..,ngak bayar tempat jadi malas,2,Negatif,2026-05-15 16:51:13,5,5,0
terima kasih ya shoppe sukses selaluuu,terima kasih sukses selaluuu,5,Positif,2026-05-15 16:50:36,6,4,0
"saya puas tiap saya belanja gapernah mengecewakan,",puas tiap belanja gapernah kecewa,5,Positif,2026-05-15 16:49:46,7,5,0
ini sangat bagus,sangat bagus,5,Positif,2026-05-15 16:47:05,3,2,0
sangat membanth,sangat membanth,5,Positif,2026-05-15 16:46:33,2,2,0
ok banget,banget,4,Positif,2026-05-15 16:44:57,2,1,0
"sangat membantu dan sangat amanah dalam pengengimian pesanan. dengan adanya Shopee belanja pun jdi lebih mudah dan tidak repot harus keluar rumah,, Shopee memang no 1 se Indonesia karena apa yg kita butuhkan semua ada di Shopee,",sangat bantu sangat amanah pengengimian pesan ada belanja jdi lebih mudah tidak repot keluar rumah memang no se indonesia apa butuh semua,5,Positif,2026-05-15 16:44:12,37,22,0
jos,jos,5,Positif,2026-05-15 16:44:05,1,1,0
"Memudahkan dalam mencari barang2 yang ga ada dipasar konvensional dan ada bermacam pilihan cara pembayaran dan pilihan pengiriman, makasih tim shopee, baik penjual maupun jasa pengiriman",mudah cari barang tidak pasar konvensional macam pilih cara bayar pilih kirim terima kasih tim baik jual maupun jasa kirim,5,Positif,2026-05-15 16:43:46,26,20,1
layanan mantaf,layan mantaf,5,Positif,2026-05-15 16:43:25,2,2,0
Aplikasi profesional,profesional,5,Positif,2026-05-15 16:41:27,2,1,0
Terima aksih Shopee,terima aksih,5,Positif,2026-05-15 16:40:58,3,2,0
yaa bagus bagus aja sih,yaa bagus bagus,4,Positif,2026-05-15 16:40:47,5,3,0
makasih min jadi gampang banget kalo mau belanja,terima kasih min jadi gampang banget kalau mau belanja,5,Positif,2026-05-15 16:40:46,8,9,0
"suja belanja di shopee ada garansi pengiriman tepat waktu,bahkan kadang lebih cepat dari yg ditentukan",suja belanja garansi kirim tepat waktu bahkan kadang lebih cepat tentu,5,Positif,2026-05-15 16:40:31,15,11,0
keren,keren,5,Positif,2026-05-15 16:40:29,1,1,0
"Jujur saya cukup terganggu dengan iklan Shopee yang terlalu sering muncul saat membaca novel di Wattpad. Ketika sedang fokus membaca atau masuk ke bagian cerita yang seru, tiba-tiba muncul iklan Shopee berkali-kali dan itu membuat pengalaman membaca jadi tidak nyaman. Saya paham iklan memang diperlukan, tetapi kalau frekuensinya terlalu sering justru membuat pengguna merasa terganggu. Semoga pihak Shopee bisa mengurangi intensitas iklan agar pengguna aplikasi lain tetap nyaman.",jujur cukup ganggu iklan terlalu sering muncul baca novel wattpad sedang fokus baca masuk bagi cerita seru tiba tiba muncul iklan kali kali buat alam baca jadi tidak nyaman paham iklan memang perlu kalau frekuensi terlalu sering justru buat guna rasa ganggu moga pihak kurang intensitas iklan guna tetap nyaman,1,Negatif,2026-05-15 16:38:01,68,50,0
"Makin lama makin ga beres nih aplikasi, mulai dari seller ga jelas, pemberian solusi yang bermasalah, ngurus shopeepay later juga ga bisa.",makin lama makin tidak beres mulai seller tidak jelas beri solusi masalah ngurus shopeepay later tidak,1,Negatif,2026-05-15 16:37:56,22,16,0
good,good,5,Positif,2026-05-15 16:37:09,1,1,0
"shopee sebagai pusat online shop tidak tegas, aplikasi memang aman, tapi pengiriman di gudang2 sortir dan lain-lain nya kacau. estimasi tiba tanggal 5-6 diundur ke 6-7, lalu tetap stuck dan estimasi mundur lagi tanggal 11-12, sampai sekarang tanggal 15 masih juga stuck di gudang sortir ? agak sering juga kayaknya telat karena teledor terhadap paket, harusnya jika sudah melampaui batas, langsung aja nyatakan paket hilang atau bagaimana kek pertanggung jawabannya. ini status sama aja.",pusat online shop tidak tegas memang aman kirim gudang sortir kacau estimasi tiba tanggal undur lalu tetap stuck estimasi mundur tanggal sekarang tanggal stuck gudang sortir sering kayak telat teledor paket harus lampau batas langsung nyata paket hilang bagaimana kek tanggung jawab status sama,5,Positif,2026-05-15 16:36:51,74,44,0
sangqt membantu bngt,sangqt bantu banget,5,Positif,2026-05-15 16:35:12,3,3,0
terpercaya,percaya,5,Positif,2026-05-15 16:35:03,1,1,0
Kenapa sampai sekarang shopee gak punya fitur sort ulasan dari yang terbaru?,sekarang tidak punya fitur sort ulas baru,3,Netral,2026-05-15 16:34:27,12,7,0
saya sangat suka dengan pengiriman sangat cepat' dan saya suka kurir nya ramah shopee jaya,sangat suka kirim sangat cepat suka kurir ramah jaya,5,Positif,2026-05-15 16:33:13,15,9,0
"Pelayan buruk tidak ada respon dari penjual, tolong diperbaiki lagi",layan buruk tidak respon jual baik,1,Negatif,2026-05-15 16:32:12,10,6,0
sangat bagus Dan baik,sangat bagus baik,5,Positif,2026-05-15 16:31:47,4,3,0
sangat membantu untuk jual beli barang.,sangat bantu jual beli barang,5,Positif,2026-05-15 16:31:27,6,5,0
"pelayan buruk tidak ada respon, barang di kirim lama",layan buruk tidak respon barang kirim lama,1,Negatif,2026-05-15 16:30:57,9,7,0
sangat puas👍🏻,sangat puas,5,Positif,2026-05-15 16:30:10,2,2,1
"mantaaap, Amanah dan terpercaya",mantaaap amanah percaya,5,Positif,2026-05-15 16:30:02,4,3,0
mantep,mantep,5,Positif,2026-05-15 16:28:41,1,1,0
Terima kasih,terima kasih,5,Positif,2026-05-15 16:28:24,2,2,0
shoppe terbaik,baik,5,Positif,2026-05-15 16:28:24,2,1,0
kurir tepat waktu dan kooperatif ..daripd kurir tok2,kurir tepat waktu kooperatif daripd kurir tok,5,Positif,2026-05-15 16:28:17,8,7,0
terbaik terpercaya,baik percaya,5,Positif,2026-05-15 16:27:53,2,2,0
sangat membantu untuk belaja,sangat bantu baja,5,Positif,2026-05-15 16:27:50,4,3,0
kalu dari apk nya bagus.tpi tolong untuk yang di pengiriman di perbaiki lagiii 🙏🏽,kalu bagus kirim baik lagiii,5,Positif,2026-05-15 16:27:24,14,5,0
cakep saya suka,cakep suka,5,Positif,2026-05-15 16:27:13,3,2,0
semoga selalu menjadi aplikasi yg terbaik,moga selalu jadi baik,5,Positif,2026-05-15 16:26:03,6,4,0
Alesan bintang 1. saya beli barang kurang 1 udah tlp CS prioritas dan malah di kasih voucher.. bukannya pengembalian dana.. video dan bukti jelas banget kurir cuma bawa 1 barang. sedangkan saya beli 2 barang...voucher pun gak jelas.. di rugikan saya di sini.,alesan bintang beli barang kurang tlp cs prioritas malah kasih voucher bukan kembali dana video bukti jelas banget kurir cuma bawa barang beli barang voucher tidak jelas rugi sini,1,Negatif,2026-05-15 16:25:50,43,29,0
"aplk buat blnja yng bagus , murah , trpercaya tapi syang kdg kurir spx ny suka pngjuan pmbtalan sepihak terus ..",aplk buat blnja yng bagus murah trpercaya syang kdg kurir spx ny suka pngjuan pmbtalan pihak terus,4,Positif,2026-05-15 16:23:43,21,17,0
Tolong untuk shopee kalo saat barangnya menuju ke alamat pembeli tolong cantumkan no tlpn/wa kurirnya biar tau kondisinya gimana,kalau barang tuju alamat beli cantum no tlpn wa kurir biar tau kondisi gimana,4,Positif,2026-05-15 16:21:33,19,14,0
MAKIN HARI MAKIN LAMBAT PENGIRIMAN. CS PUN GAK RESPON. PADAHAL ADA KENA BIAYA PELAYANAN. KECEWA SAYA SEBAGAI PELANGGAN LAMA.,makin hari makin lambat kirim cs tidak respon padahal kena biaya layan kecewa langgan lama,1,Negatif,2026-05-15 16:19:04,19,15,0
sesuai dgn yg di pesan bosku,sesuai pesan bos,5,Positif,2026-05-15 16:18:45,6,3,0
selalu puas belanja makanan di shopee food,selalu puas belanja makan food,5,Positif,2026-05-15 16:18:27,7,5,0
Shope ni udah mulai bikin pusing...auto uninstall deh.. masalah di Pilihan cod nya..biasa klik cuma 5000..sekarang di klik jadi 30000...mampus dah mahal x cod nya,ni mulai bikin pusing auto uninstall masalah pilih bayar tempat biasa klik cuma sekarang klik jadi mampus dah mahal bayar tempat,5,Positif,2026-05-15 16:10:37,25,21,0
Mantap we,bagus we,5,Positif,2026-05-15 16:09:17,2,2,0
cukup membantu sy dalam berbelanja online...,cukup bantu belanja online,5,Positif,2026-05-15 16:07:50,6,4,0
GOOD,good,5,Positif,2026-05-15 16:07:16,1,1,0
proses cepat (layanan memuaskan),proses cepat layan muas,5,Positif,2026-05-15 16:07:10,4,4,0
tempat belanja online paling gampang di shoppy,tempat belanja online paling gampang shoppy,5,Positif,2026-05-15 16:05:14,7,6,0
oke,,5,Positif,2026-05-15 16:04:09,1,0,0
semoga selalu amanah menjaga ke percayaan konsumen,moga selalu amanah jaga percaya konsumen,5,Positif,2026-05-15 16:01:56,7,6,0
iklan shopee terlalu di paksakan yaa?? lagi baca watppad tiba² ke shopee aja udah di kembaliin malah menjadi jadi.,iklan terlalu paksa yaa baca watppad tiba kembaliin malah jadi jadi,1,Negatif,2026-05-15 16:01:39,19,11,0
"Barangnya kualitas kw parah ga lagi - lagi beli oli disini motor pada rusak, turun mesin dan suaranya ancur mending beli langsung ajah kualitasnya bagus dan aplikasi sering download perbaruan, pesanan lamban lebih dari 10 hari nyari bibi buat di tanam pun kurang kualitas",barang kualitas kw buruk tidak beli oli sini motor rusak turun mesin suara buruk mending beli langsung ajah kualitas bagus sering download baru pesan lamban lebih hari nyari bibi buat tanam kurang kualitas,5,Positif,2026-05-15 16:00:26,44,33,1
kak shopiku g bisa cod.bisa bantu soalnya aku mau belanja,kak shopiku bayar tempat bantu soal mau belanja,5,Positif,2026-05-15 15:59:11,10,8,0
cukup bagus,cukup bagus,4,Positif,2026-05-15 15:58:36,2,2,0
"recommended sih, tapi giliran barang sehingga diantar-antar begini, jadinya nyebelin",recommended gilir barang antar antar begini jadi nyebelin,1,Negatif,2026-05-15 15:58:35,10,8,0
"Sangat sefety dalam berbelanja, selama saya belanja di shopee apalagi pakai shopee Cod, saya merasa puas di shopee semua tersedia, dari yang penting sampai yg gak penting pun ada, shopee is the best lah 👍",sangat sefety belanja lama belanja pakai bayar tempat rasa puas semua sedia penting tidak penting is the best,5,Positif,2026-05-15 15:57:57,35,18,0
sangat penting,sangat penting,5,Positif,2026-05-15 15:56:33,2,2,0
alkhamdulillah sangat membantu,alkhamdulillah sangat bantu,5,Positif,2026-05-15 15:53:23,3,3,0
aplikasi & belanja terperyaca,belanja terperyaca,5,Positif,2026-05-15 15:51:48,4,2,0
bagus seklai,bagus seklai,5,Positif,2026-05-15 15:50:48,2,2,0
shopee makin parah yaa... pesanan saya sudah 2 hari belum dikirim....,makin buruk yaa pesan hari belum kirim,1,Negatif,2026-05-15 15:47:58,11,7,0
shopiee mantap belanja puas harganya pas.,shopiee bagus belanja puas harga pas,5,Positif,2026-05-15 15:47:55,6,6,0
selalu dpt gratis ongkir,selalu gratis ongkos kirim,5,Positif,2026-05-15 15:47:54,4,4,0
"gak niat banget shopeefood, tiap pesen ga ada driver . .. bubarin aja",tidak niat banget shopeefood tiap sen tidak driver bubarin,1,Negatif,2026-05-15 15:45:20,13,9,0
Tambahkan Voucher gratis ongkir nya untuk pulau Sulawesi dgn pembelian 10ribuan karena cuman dapat 1 tiap Senin tanpa VIP lagipula ga sering belanja,tambah voucher gratis ongkos kirim pulau sulawesi beli ribu cuman tiap senin tanpa vip lagipula tidak sering belanja,5,Positif,2026-05-15 15:43:00,23,18,0
sangat bagus,sangat bagus,5,Positif,2026-05-15 15:42:56,2,2,0
aplkasi terbauk,aplkasi bauk,5,Positif,2026-05-15 15:41:56,2,2,0
"untuk barang sih harus hati² soalnya susah buat pengembalian barang nya, apalagi soal barang eletronik harus teliti liat tokonya terutama hp gt jangan sampai kayak kejadian saya percuma ada bukti unboxing bukti klw pket bermasalah xray tetap banding gk d terima, percuma hubungi cs tetap tdk ada permasalahan jatuhnya cuma mengulur² waktu penenang ujung²nya d tolak jg haha",barang hati soal susah buat kembali barang soal barang eletronik teliti liat toko utama hp gt jangan kayak jadi percuma bukti unboxing bukti klw pket masalah xray tetap banding tidak terima percuma hubung cs tetap tdk masalah jatuh cuma ulur waktu tenang ujung tolak haha,2,Negatif,2026-05-15 15:40:47,58,45,0
"Buruk, ribet, mau pesen makan kebanyakan ita itu jadi ga mood. Biaya Layanan 6000? ga ngotak.",buruk ribet mau sen makan banyak ita jadi tidak mood biaya layan tidak ngotak,1,Negatif,2026-05-15 15:40:10,16,14,0
selalu dapat harga terbaik,selalu harga baik,5,Positif,2026-05-15 15:36:46,4,3,0
"Banyak transaksi pembelian barang yg saya lakukan berjalan lancar n berhasil, benar2 OLshop yg memfasilitasi dan inovatif..apalagi fitur tracking pengiriman brg nya lengkap jd terasa nyaman n aman ketika menunggu paket brg hingga tiba d tangan. Fitur retur pengembalian brg dan dana nya OK, cepat dan praktis. App online shop yg sgt direkomendasi 🤩👍👍👍",banyak transaksi beli barang laku jalan lancar hasil benar olshop fasilitas inovatif fitur tracking kirim barang lengkap jd asa nyaman aman tunggu paket barang hingga tiba tangan fitur retur kembali barang dana cepat praktis online shop sgt rekomendasi,5,Positif,2026-05-15 15:36:18,54,38,0
"luar biasa, mempermudah transaksi apapun , tinggal klik ..",luar biasa mudah transaksi apa tinggal klik,5,Positif,2026-05-15 15:35:33,9,7,0
"tolong dong keamanannya ditingkatkan lagi, soalnya iklan dari aplikasi lain langsung masuk ke aplikasi shopee dan mengakses akun shopee kita. karna kemarin buka tiktok dan gak sengaja kepencet postingan yang ada iklan shopee nya dan langsung beralih ke aplikasi shopee saya. selang beberapa menit akun saya langsung log in di hp orang lain dan udah sempat di ganti pasword sama orang. untung aku bisa log ini pake sidik jari dan face id, tapi tetap bisa di akses juga akun aku sama orang lain",aman tingkat soal iklan langsung masuk akses akun kemarin buka tiktok tidak sengaja pencet postingan iklan langsung alih selang beberapa menit akun langsung log in hp orang sempat ganti pasword sama orang untung log pake sidik jari face id tetap akses akun sama orang,1,Negatif,2026-05-15 15:34:30,83,44,0
mantapp bngett sangat murahh,mantapp bngett sangat murahh,1,Negatif,2026-05-15 15:34:28,4,4,0
Mantaf,mantaf,5,Positif,2026-05-15 15:32:40,1,1,2
bagus kebantu buat beli barang yg dibutuhkan,bagus bantu buat beli barang butuh,5,Positif,2026-05-15 15:31:53,7,6,0
shopee tidak jelas dan sangat mengecwkan,tidak jelas sangat mengecwkan,1,Negatif,2026-05-15 15:29:20,6,4,0
"so bad , so bad so bad pengiriman ngga jelas makanya jgn monopoli sendiri jasa pengiriman stuk dibekasi karna kurir yang ada Bekasi pada mogok semuanya.",so bad so bad so bad kirim tidak jelas makanya jgn monopoli sendiri jasa kirim stuk bekas kurir bekas mogok semua,1,Negatif,2026-05-15 15:29:20,26,21,0
nih apk ribet. di apk lain nonton iklan ini mulu dan klik x malah masuk ke apk ini. hadeehhh.,ribet nonton iklan mulu klik malah masuk hadeehhh,2,Negatif,2026-05-15 15:25:51,19,8,13
jos jis,jos jis,5,Positif,2026-05-15 15:25:48,2,2,0
semakin bagus.,makin bagus,5,Positif,2026-05-15 15:24:52,2,2,0
"ok aj, pajak tinggi buat seller",aj pajak tinggi buat seller,3,Netral,2026-05-15 15:24:50,6,5,0
"buruk karena pesan pakek di persulit karena tidak adanya nomor kurir yang tertera, mohon di kasih lagi lah itu no kurir nyaaaa",buruk pesan pakek sulit tidak ada nomor kurir tera mohon kasih no kurir nyaaaa,1,Negatif,2026-05-15 15:24:26,22,14,0
"tolong shopee hilangkan subtotal pengiriman khusus, karna itu sangat tidak menyenangkan",hilang subtotal kirim khusus sangat tidak senang,5,Positif,2026-05-15 15:22:34,11,7,12
"tolong iklan nya jangan langsung masuk ke aplikasinya, saya sering kali ada iklan saat gak sengaja di pencet langsung masuk aplikasi dan saat di close balik lagi ini sangat mengganggu apalagi hp entry level seperti saya akan lag jika close aplikasi nya, mohon di perbaiki jualan boleh maksa jangan, terimakasih🙏🙏🙏🙏🙏🙏",iklan jangan langsung masuk aplikasi sering kali iklan tidak sengaja pencet langsung masuk close balik sangat ganggu hp entry level lag close mohon baik jual maksa jangan terimakasih,3,Netral,2026-05-15 15:22:26,50,28,0
belanja mudah dan lengkap,belanja mudah lengkap,5,Positif,2026-05-15 15:20:32,4,3,0
memuaskan 👍,muas,5,Positif,2026-05-15 15:18:25,2,1,0
bagusi terimakasih,bagus terimakasih,5,Positif,2026-05-15 15:16:19,2,2,0
aplikasinya sudah bagus tapi kadang masih suka error saat mau memesan makanan atau barang tolong di perbaiki secepatnya jadi,aplikasi bagus kadang suka error mau mes makan barang baik cepat jadi,3,Netral,2026-05-15 15:13:13,19,12,0
kalau bisa jasa pengirimannya konsumen sendiri yang memutuskan masalahnya apa terkadang di notifikasinya sedang dalam pengantaran tapi ternyata setelah ditunggu-tunggu barangnya tidak diantar sama sekali,kalau jasa kirim konsumen sendiri putus masalah apa terkadang notifikasi sedang antar nyata tunggu tunggu barang tidak antar sama sekali,3,Netral,2026-05-15 15:11:32,25,20,0
The best♥️,the best,5,Positif,2026-05-15 15:11:31,2,2,0
poko nya debestt ga bisa berkata kata lagii🫰🏻🫰🏻,poko debestt tidak kata kata lagi,5,Positif,2026-05-15 15:09:00,8,6,0
"Hallo semuanya , Shopee tolong perbaiki HUB nya yg di Kramat jati dong , paket saya tidak pernah tiba sesuai estimasi , bahkan kemarin sampai 18 hari baru sampai , tolong di monitor ya HUB Kramat jati nya",hallo semua baik hub kramat jati paket tidak pernah tiba sesuai estimasi bahkan kemarin hari baru monitor hub kramat jati,5,Positif,2026-05-15 15:07:44,38,20,0
mantap sopi bisa beli apeking v4,bagus sopi beli apeking,5,Positif,2026-05-15 15:06:27,6,4,0
"aku sudah beberapa tahun menjadi pelanggan setia di shopee tapi kenapa sekarang exspedisi nya cuma spx aja coba tambahkan yang lain biar ada pilihan soalnya spx banyak sekali kendala lambat dalam pengiriman,stuck disana sana aja statusnya gak ada pergerakan,lamaaaa sampai malahan paket ku pernah ada yang hilang tolong shopee perbaiki lagi dalam pengirimannya 🙏",beberapa tahun jadi langgan setia sekarang exspedisi cuma spx coba tambah biar pilih soal spx banyak sekali kendala lambat kirim stuck sana sana status tidak gera lamaaaa malah paket pernah hilang baik kirim,4,Positif,2026-05-15 15:05:17,54,33,0
saangat memuaskan mengunakan shoppy,saangat muas mengunakan shoppy,5,Positif,2026-05-15 15:05:15,4,4,0
top,top,5,Positif,2026-05-15 15:01:52,1,1,0
sesuai pesanan,sesuai pesan,5,Positif,2026-05-15 15:00:39,2,2,0
Sangat PUAS.,sangat puas,5,Positif,2026-05-15 15:00:00,2,2,0
"sejauh ini untuk penggunaan shopee benar2 bagus sekali.. tertolong buat sebagian orang termasuk saya yang mungkin kekurangan dana saat akhir bulan tapi butuh barang itu penting dengan disediakan paylater dan bisa dicicil, terima kasih yah shoopee",jauh guna benar bagus sekali tolong buat bagi orang masuk mungkin kurang dana akhir bulan butuh barang penting sedia paylater cicil terima kasih shoopee,5,Positif,2026-05-15 14:57:53,36,24,0
aplikasi nya bagus dan praktis,bagus praktis,5,Positif,2026-05-15 14:56:38,5,2,0
mantul,bagus,5,Positif,2026-05-15 14:56:21,1,1,0
kepuasan diri dan hati dilihat dari bintang saya untuk shopee.,puas diri hati lihat bintang,5,Positif,2026-05-15 14:55:18,10,5,0
jelek,buruk,2,Negatif,2026-05-15 14:54:19,1,1,0
mantap aku suka,bagus suka,5,Positif,2026-05-15 14:53:16,3,2,0
"klu transaksi besar waspada misal beli furniture, klu lama barang TDK dkirim yg dkirim hanya PO/surat jalan CANCEL SAJA PEMBELIAN takut duit cair. pernah terjadi dgn istri saya.",klu transaksi besar waspada misal beli furniture klu lama barang tdk dkirim dkirim po surat jalan cancel beli takut duit cair pernah jadi istri,5,Positif,2026-05-15 14:52:53,28,24,0
"Belakangan aplikasi sering terbuka sendiri saat saya membuka aplikasi lain, bahkan bisa berkali-kali masuk ke beranda tanpa saya pencet apa pun. Cukup mengganggu dan membuat penggunaan HP jadi tidak nyaman. Semoga masalah redirect atau aplikasi terbuka otomatis ini bisa segera diperbaiki.",belakang sering buka sendiri buka bahkan kali kali masuk beranda tanpa pencet apa cukup ganggu buat guna hp jadi tidak nyaman moga masalah redirect buka otomatis segera baik,1,Negatif,2026-05-15 14:47:17,41,28,0
respon cepattt fast respon customer good,respon cepattt fast respon customer good,5,Positif,2026-05-15 14:44:23,6,6,0
"sangat membantu,semoga gratis ongkir terus ya🥰😍",sangat bantu moga gratis ongkos kirim terus,5,Positif,2026-05-15 14:43:52,6,7,0
mantap👍,bagus,5,Positif,2026-05-15 14:43:33,1,1,0
"aplikasi yang mempermudah tuk blanja brg"" original dan bagus",mudah tuk blanja barang original bagus,5,Positif,2026-05-15 14:42:15,9,6,0
bgus,bgus,5,Positif,2026-05-15 14:42:00,1,1,0
"cara pemilihan kurir spx sebenarnya bagaimana ya di Shopee ini? aplikasi belanja sangat menyenangkan tapi menjadi malas karena ulah kurir. tolong diperbaiki dan di cek kembali untuk kurirnya terutama arena pengiriman unit 8 rimbo ulu, tebo, jambi. terimakasih",cara pilih kurir spx benar bagaimana belanja sangat senang jadi malas ulah kurir baik cek kurir utama arena kirim unit rimbo ulu tebo jambi terimakasih,1,Negatif,2026-05-15 14:37:04,38,25,0
"spinjam bagus tp bunganya gila ya 2 tahun hampir 60% sedangkan bank konven cuma 8% (kur). saya mau utamain kur dulu. sejauh jauhnya 2-3x lipat nya okelah. seingat saya, dulu sekitar 20-30% dan klo ada teman sy kasih info spinjam. kalo skrng mah ogah, suruh ke bank lg aja gila 6x lipatnya.",spinjam bagus bunga gila tahun hampir bank konven cuma kur mau utamain kur dulu jauh jauh lipat oke ingat dulu kalau teman kasih info spinjam kalau sekarang mah ogah suruh bank lg gila lipat,3,Netral,2026-05-15 14:34:21,52,34,8
"banyak sekali membantu kemudahan dalam berbelanja,terjamin dan terpercaya...!!",banyak sekali bantu mudah belanja jamin percaya,5,Positif,2026-05-15 14:32:01,8,7,0
pengiriman lama,kirim lama,1,Negatif,2026-05-15 14:31:58,2,2,0
"Shoope ini hebat ya permainan harga dan ongkir itu di stabil parah,harga barang murah ongkir di mahalin ketika barang mahal ongkir di turunin kacau 🤣🤣",shoope hebat main harga ongkos kirim stabil buruk harga barang murah ongkos kirim mahalin barang mahal ongkos kirim turunin kacau,1,Negatif,2026-05-15 14:29:01,25,20,0
MENGAPA AKUN SHOPEEPAYLATER SAYA DIBEKUKAN PADAHAL TAGIHAN NYA BELUM JATUH TEMPO BAHKAN SAYA SELALU BAYAR TAGIHAN2 NYA LEBIH AWAL DAN TAGIHAN2 YANG BELUM JATUH TEMPO JUGA SAYA BAYAR KOK TIBA2 DIBLOKIR DIBEKUKAN ITU SANGAT MENGECEWAKAN SEKALI !!!!!!!!!!!,akun shopeepaylater beku padahal tagih belum jatuh tempo bahkan selalu bayar tagih lebih awal tagih belum jatuh tempo bayar kok tiba blokir beku sangat kecewa sekali,1,Negatif,2026-05-15 14:28:06,37,26,0
"idk aku udh pernah beri ulasan terkait iklan shopee, setiap buka apk lain pasti ada iklan Shopee. masalahnya pas iklan nya muncul aku tiba' masuk ke shopee padahal gaada mencet apa'. itu jujur buat aku kesel. aku bikin ulasan gini karna udah beberapa kali kaya gitu",idk pernah beri ulas kait iklan buka iklan masalah pas iklan muncul tiba masuk padahal gaada mencet apa jujur buat kesel bikin ulas gin beberapa kali kaya gitu,2,Negatif,2026-05-15 14:25:55,46,28,0
sangat memuaskan sesuai dengan menggunakan,sangat muas sesuai guna,5,Positif,2026-05-15 14:25:52,5,4,0
baguss semoga menguntungkan pembeli,baguss moga untung beli,5,Positif,2026-05-15 14:18:47,4,4,0
shopee pelayanannya oke 👍🏼👍🏼👍🏼,layan,5,Positif,2026-05-15 14:18:03,4,1,0
lanjut,lanjut,5,Positif,2026-05-15 14:17:39,1,1,0
"kurir SPX express seenaknya menyelesaikan pengiriman paket kami, barang tsb belum kami terima...enak di kurirnya bisa dapat bonus sedang kami buntung dan dirugikan",kurir spx express enak selesai kirim paket barang tsb belum terima enak kurir bonus sedang buntung rugi,1,Negatif,2026-05-15 14:15:34,23,17,2
bagussssssssss begttttttttt tapiiii yangg ngeselinn nya gelegg² mulu,bagussssssssss begttttttttt tapiiii yangg ngeselinn gelegg mulu,5,Positif,2026-05-15 14:14:43,8,7,0
sangat mmbantu dan memudahkan belanja online..,sangat mmbantu mudah belanja online,5,Positif,2026-05-15 14:13:08,6,5,0
"saran sudah bbrapa kali pesan kurirnya kyak tda ad niat untuk kerja masa paket udah tiba trus malah d retur, kan gobloknya bukan maen mana lama lagi nungguin paketnya",saran bbrapa kali pesan kurir kyak tda ad niat kerja masa paket tiba trus malah retur kan goblok bukan maen mana lama nungguin paket,2,Negatif,2026-05-15 14:12:50,29,24,0
𝑆ℎ𝑜𝑝𝑒𝑒 𝑖𝑛𝑖 𝑏𝑢𝑎𝑡 𝑘𝑒𝑏𝑢𝑡𝑢ℎ𝑎𝑛 𝑘𝑢 𝑘𝑙𝑎𝑢 𝑚𝑎𝑢 𝑏𝑒𝑙𝑖 𝑎𝑝𝑎' 𝑡𝑖𝑛𝑔𝑔𝑎𝑙 𝑏𝑒𝑙𝑖𝑖 𝑘𝑎𝑘 𝑠𝑖𝑛𝑖 𝑑𝑒ℎℎℎℎ,,5,Positif,2026-05-15 14:12:38,14,0,0
semangat. ....,semangat,5,Positif,2026-05-15 14:10:47,2,1,0
berapa kali belanja bagus nya gak pernah ada masalah mantap lah,berapa kali belanja bagus tidak pernah masalah bagus,5,Positif,2026-05-15 14:10:17,11,8,0
"iklan nya ngeganggu, BGT BGT",iklan ngeganggu banget banget,1,Negatif,2026-05-15 14:08:30,5,4,0
"Banyak produk yang tidak sesuai harga di tampilan awal. Contoh, ada video di beranda shoope sebuah bor cordless tipe tertentu dengan harga 200rb, pas saya klik produknya ternyata ada pilihan lagi produknya dan yang harga 200rb itu cuma baterainya 🤣🤣 Rasanya buang² waktu banget karena terlalu banyak",banyak produk tidak sesuai harga tampil awal contoh video beranda shoope buah bor cordless tipe tentu harga rb pas klik produk nyata pilih produk harga rb cuma baterai rasa buang waktu banget terlalu banyak,2,Negatif,2026-05-15 14:07:53,47,34,6
Shopee tempat belanja online yang mantap,tempat belanja online bagus,5,Positif,2026-05-15 14:05:18,6,4,0
Ok punya,punya,5,Positif,2026-05-15 14:03:52,2,1,0
oke sangat baik banyak promo diskon nya... semoga tetap melayani pelanggan dg baik selamanya,sangat baik banyak promo diskon moga tetap layan langgan baik lama,5,Positif,2026-05-15 14:01:38,14,11,0
"Luar biasa respon/tanggapan terhadap pesanan, kesesuaian paket dengan iklan serta ketepatan waktu pengiriman",luar biasa respon tanggap pesan sesuai paket iklan tepat waktu kirim,5,Positif,2026-05-15 14:01:18,13,11,0
saya pesan amplifier sampai 1 Minggu nggak datang akhirnya pun gak datang sampai sekarang,pesan amplifier minggu tidak datang akhir tidak datang sekarang,1,Negatif,2026-05-15 14:00:37,14,9,0
"banyak promonya, dan gratis ongkir",banyak promonya gratis ongkos kirim,5,Positif,2026-05-15 13:57:16,5,5,0
membantu sekali,bantu sekali,5,Positif,2026-05-15 13:55:57,2,2,0
barang bagus,barang bagus,5,Positif,2026-05-15 13:55:49,2,2,0
"tolong iklan shopee nya yah, saya lagi cari cerita baru di wattpad tiba' suka pindah ke aplikasi shopee, tolong yah di perbaiki🙏",iklan cari cerita baru wattpad tiba suka pindah baik,5,Positif,2026-05-15 13:55:41,22,9,0
terkadang harga barang melebihi dari harga postingan nya,terkadang harga barang lebih harga postingan,4,Positif,2026-05-15 13:49:40,8,6,0
"pindah aplikasi sebelahnya,karna pengiriman super lelet cukimay,Seminggu lebih masih stuck di Tanggerang anjenk²",pindah belah kirim super lambat cukimay minggu lebih stuck tanggerang anjenk,1,Negatif,2026-05-15 13:48:20,13,11,0
Sangat puas ketika pembelanjaan dan juga sesuai,sangat puas belanja sesuai,5,Positif,2026-05-15 13:47:04,7,4,0
aplikasi shopee sangat berkualitas harga murah dan berkualitas,sangat kualitas harga murah kualitas,5,Positif,2026-05-15 13:44:09,8,5,0
tidak baik karena sebelum dan sesudah pemakaian,tidak baik pakai,1,Negatif,2026-05-15 13:43:33,7,3,0
"Bulan mei ini dari 14 paket, 8 paket telat sampe dapet voucer potongan 10rb. Tapi voucernya ga kepake karna minimal belanjanya trlalu tinggi yakni 120rb",bulan mei paket paket telat sampe voucer potong rb voucernya tidak kepake minimal belanja trlalu tinggi rb,3,Netral,2026-05-15 13:42:47,25,17,18
AWET selalu,awet selalu,5,Positif,2026-05-15 13:41:33,2,2,0
"thanks,,,shopee sangat membantu dalam segala kebutuhan...semakin sukses",thanks sangat bantu segala butuh makin sukses,5,Positif,2026-05-15 13:41:28,7,7,0
Sangat puas dengan aplikasi ini memudakan pencarian ap yng kita butukan,sangat puas muda cari ap yng butukan,5,Positif,2026-05-15 13:41:00,11,7,0
pesan lambat sampai kita tunggu sampai 2 Minggu barang baru tiba belum lagi di hari liburnya..,pesan lambat tunggu minggu barang baru tiba belum hari libur,3,Netral,2026-05-15 13:39:10,16,10,0
belanja banyak sekali,belanja banyak sekali,5,Positif,2026-05-15 13:37:48,3,3,0
"kebijakan pengembalian atau return pesanan terbaru shopee sangat jahat.bahkan disaat seller menyetujui atau membenarkan kelalaiannya,tetap saja return saya di tolak shopee.waspada belanja shopee",bijak kembali return pesan baru sangat jahat bahkan saat seller tuju benar lalai tetap return tolak waspada belanja,1,Negatif,2026-05-15 13:37:38,23,18,0
sampai saat ini selalu bagus,selalu bagus,5,Positif,2026-05-15 13:36:51,5,2,0
saya telah tertipu beberapa kali ketika saya berjualan di aplikasi shopee dan pihak shopee ga ada pertanggungjawaban sama sekali,tipu beberapa kali jual pihak tidak pertanggungjawaban sama sekali,1,Negatif,2026-05-15 13:33:13,19,9,0
mudah menemukan opsi barang kebutuhan harian,mudah temu opsi barang butuh hari,5,Positif,2026-05-15 13:33:08,6,6,0
sangat bagus..tapi sayang terlalu berat app nya..apalagi untuk spek hp menengah bawah terlalu lambat.. saran saya coba agar diperingan app nya jadi walaupun hp nanggung juga enak buka app nyp,sangat bagus sayang terlalu berat spek hp tengah bawah terlalu lambat saran coba pering jadi walaupun hp nanggung enak buka nyp,3,Netral,2026-05-15 13:32:36,30,21,0
tidak bisa pengembalian dana dan duit saya tidak kembali sama sekali,tidak kembali dana duit tidak sama sekali,1,Negatif,2026-05-15 13:30:07,11,7,0
baik untuk memesan,baik mes,5,Positif,2026-05-15 13:30:06,3,2,0
bagus banget apk nya,bagus banget,5,Positif,2026-05-15 13:29:33,4,2,0
bagus banget sumpah ga boong slalu dpt vocucer gratis and diskon sukses selalu shopee,bagus banget sumpah tidak boong slalu vocucer gratis and diskon sukses selalu,5,Positif,2026-05-15 13:28:16,14,12,0
baguss,baguss,5,Positif,2026-05-15 13:27:40,1,1,0
ap bagus,ap bagus,5,Positif,2026-05-15 13:26:00,2,2,0
ongkir murah dan proses cepat,ongkos kirim murah proses cepat,5,Positif,2026-05-15 13:22:51,5,5,0
saya suka sekali sama aplikasi ini,suka sekali sama,5,Positif,2026-05-15 13:22:46,6,3,0
bisa berbelanja berbagai macam di sini bagus👍🏻,belanja bagai macam sini bagus,5,Positif,2026-05-15 13:22:19,7,5,0
Proses paket sangat cepat belanja di shopee pokoknya puas kualitas barang pas sesuai harga,proses paket sangat cepat belanja pokok puas kualitas barang pas sesuai harga,5,Positif,2026-05-15 13:21:49,14,12,0
jangan beli di sini pengiriman lama pesen filter tanggal 9mei sampe 15mei masih stuck di proses pesen filter box buat ikan alhasil ikan pada mati semua ga jelas!! enakan di tik tok shop/toko pedia shopee gajelass!!!! mana pas chat cs nya di suruh tunggu lagi di cek katanya udah 2h ngomong gitu trus gajelasss🫵,jangan beli sini kirim lama sen filter tanggal mei sampe mei stuck proses sen filter box buat ikan alhasil ikan mati semua tidak jelas enak tik tok shop toko dia gajelass mana pas chat cs suruh tunggu cek kata ngomong gitu trus gajelasss,1,Negatif,2026-05-15 13:21:47,54,43,0
suka dengan produk2 yg ditampilkan,suka produk tampil,5,Positif,2026-05-15 13:21:09,5,3,0
mantap.. belanja lebih gampang.. usahakan banyak free ongkirnya,bagus belanja lebih gampang usaha banyak free ongkirnya,5,Positif,2026-05-15 13:18:04,8,8,0
"Tolong aktifkan lagi sistem pembayaran COD di Akun Shoppe saya.. selama saya gak bisa bayar COD, saya gak bisa belanja di Shoppe lagi..",aktif sistem bayar bayar tempat akun lama tidak bayar bayar tempat tidak belanja,5,Positif,2026-05-15 13:17:06,23,13,0
semoga sukses selalu,moga sukses selalu,4,Positif,2026-05-15 13:14:06,3,3,0
hati hati bayak scam .dan penjual yang menjual hp refubish. dan penjual kurang amanah. ada juga yang menjual hp rakitan sampah masyarakat saya juga termasuk korban hp rakitan buat an orang bodoh Indonesia .bayak penipuan penjual yang menipu,hati hati bayak scam jual jual hp refubish jual kurang amanah jual hp rakit sampah masyarakat masuk korban hp rakit buat an orang bodoh indonesia bayak tipu jual tipu,1,Negatif,2026-05-15 13:09:17,38,29,0
iklan nya ngga ngotak,iklan tidak ngotak,1,Negatif,2026-05-15 13:08:49,4,3,0
tidak profesional,tidak profesional,1,Negatif,2026-05-15 13:08:09,2,2,0
sangat puas bahan bagus pengiriman tepat UK s muat di umur 1th,sangat puas bahan bagus kirim tepat uk muat umur th,5,Positif,2026-05-15 13:08:04,12,10,0
Mantab sesuai dng pesanan,mantab sesuai pesan,5,Positif,2026-05-15 13:06:47,4,3,0
"rekomendasi buat yang suka blanja tanpa ribet , hanya di shoppee aplikasi terbaik untuk indonesia",rekomendasi buat suka blanja tanpa ribet shoppee baik indonesia,5,Positif,2026-05-15 13:06:05,15,9,0
Aplikasi belanja online termurah. Recommended. Banyak gratis ongkirnya.,belanja online murah recommended banyak gratis ongkirnya,5,Positif,2026-05-15 13:02:06,8,7,0
🙏🙏🙏,,5,Positif,2026-05-15 13:01:45,1,0,0
baik👍,baik,5,Positif,2026-05-15 12:55:45,1,1,0
baru dowload sekali mau pake voucher katanya voucher nya udah dipake terus katanya kalo masih tetep mau pake akun kita keblokir tolong dong di betulin kalo gak dibetulin bintangnya sayang jadikan 1,baru dowload sekali mau pake voucher kata voucher dipake terus kata kalau tetep mau pake akun blokir betulin kalau tidak dibetulin bintang sayang jadi,2,Negatif,2026-05-15 12:54:56,32,24,0
bagus aplikasi nya bisa belanja online tapi hati hati ada sebagian barang tiruan atau penipuan ok,bagus belanja online hati hati bagi barang tiru tipu,5,Positif,2026-05-15 12:54:50,16,9,0
sangat mendukung untuk berbelanja dengan santai...,sangat dukung belanja santai,5,Positif,2026-05-15 12:54:28,6,4,0
"shopee adalah platform paling aman, murah dan banyak gratis ongkir nya.",platform paling aman murah banyak gratis ongkos kirim,5,Positif,2026-05-15 12:53:09,11,8,0
sangat buruk. kita mau pessn beiner tidak bisa kirim fhoto. sangat mengecewakan.,sangat buruk mau pessn beiner tidak kirim fhoto sangat kecewa,1,Negatif,2026-05-15 12:52:01,12,10,0
paket berhari-hari ga dikirim giliran dikirim pas mau ke alamat tujuan pengantaran katanya tapi berhari-hari jga ga nyampe ditunda trss padahal kurir seabrek kesell anjirr Shopee lama lama kaya pk,paket hari hari tidak kirim gilir kirim pas mau alamat tuju antar kata hari hari jga tidak nyampe tunda trss padahal kurir abrek kesell anjirr lama lama kaya pk,1,Negatif,2026-05-15 12:49:17,30,29,0
puas,puas,5,Positif,2026-05-15 12:47:22,1,1,0
sangat suka belanja di Shopee,sangat suka belanja,5,Positif,2026-05-15 12:45:44,5,3,0
"Oke sangat membantu, pelayanan bagus👍",sangat bantu layan bagus,5,Positif,2026-05-15 12:44:13,5,4,0
baik pelayan yang bisa diandalkan,baik layan andal,4,Positif,2026-05-15 12:43:29,5,3,0
"ya belanja lebih mudah,byk bonus",belanja lebih mudah byk bonus,5,Positif,2026-05-15 12:41:02,5,5,0
pokoknya Shopee tempat belanja terbaik👍💯,pokok tempat belanja baik,5,Positif,2026-05-15 12:40:17,5,4,0
best,best,5,Positif,2026-05-15 12:39:12,1,1,0
digunakan hemat shope sdh oi ya,guna hemat oi,4,Positif,2026-05-15 12:38:16,6,3,0
aplikasi bagus tapi sering lemot,bagus sering lambat,5,Positif,2026-05-15 12:37:38,5,3,0
sangat berguna,sangat guna,5,Positif,2026-05-15 12:36:41,2,2,0
pelayanan nya sangat lambat untuk di tanganni,layan sangat lambat tanganni,1,Negatif,2026-05-15 12:36:27,7,4,0
bagus sangat membantu,bagus sangat bantu,5,Positif,2026-05-15 12:36:23,3,3,0
pelayanan nya pelayanan nya sangat bagus,layan layan sangat bagus,5,Positif,2026-05-15 12:36:02,6,4,0
pesanan pembayaran spaylater pompa belum tak terima. pihak shopee dan penjual(toko) tdk responsif. mitra pengirim tolong kirim foto serah terima ke siapa kirim wa atau emailku terima kasih,pesan bayar spaylater pompa belum tak terima pihak jual toko tdk responsif mitra kirim kirim foto serah terima siapa kirim wa email terima kasih,1,Negatif,2026-05-15 12:35:35,28,24,0
"bagus, murah, banyak barang tersedia, tapi knp di aku semua paketnya dikirim ke Tangerang dulu, pengiriman juga agak lama",bagus murah banyak barang sedia knp semua paket kirim tangerang dulu kirim lama,4,Positif,2026-05-15 12:34:26,19,13,0
"puas dengan aplikasi shopee pengiriman barang nya tepat waktu,,, original",puas kirim barang tepat waktu original,5,Positif,2026-05-15 12:34:25,10,6,0
"belanja di shoope seru banget,,banyak diskon nya respon cepat,brang realpict.bnyak event"" seru.apalgi kalo pake VIP bnyak diskonya.tingakatkan terus pelayanan nya,,biar konsumen semakin puuas...,",belanja shoope seru banget banyak diskon respon cepat brang realpict bnyak event seru apalgi kalau pake vip bnyak disko tingakatkan terus layan biar konsumen makin puuas,5,Positif,2026-05-15 12:34:00,23,26,0
makin gk jelas pengirimannya .,makin tidak jelas kirim,1,Negatif,2026-05-15 12:29:58,5,4,0
bagus bnget berguna,bagus bnget guna,5,Positif,2026-05-15 12:28:02,3,3,0
Mudah berbelanja,mudah belanja,5,Positif,2026-05-15 12:27:52,2,2,0
"aplikasi kikirrr, nyusahin penjual.",kikirrr nyusahin jual,1,Negatif,2026-05-15 12:27:51,4,3,0
bagusss bgttttttttt,bagusss bgttttttttt,5,Positif,2026-05-15 12:25:30,2,2,0
Nice sesuai dengan kebutuhan. Banyak diskon free ongkir dan barang,nice sesuai butuh banyak diskon free ongkos kirim barang,5,Positif,2026-05-15 12:19:40,10,9,0
"jangan terlalu banyak ngiklan di aplikasi lain2 deh, ganggu banget..tetep shopee pilihan belanjaa tp klo ngiklan jgn d aplikasi lain geregetan jadinya",jangan terlalu banyak ngiklan ganggu banget tetep pilih belanjaa kalau ngiklan jgn gereget jadi,2,Negatif,2026-05-15 12:16:54,22,14,0
memudahkan berbelanja yang di inginkan,mudah belanja ingin,5,Positif,2026-05-15 12:10:28,5,3,0
sangat membantu👍👍👍,sangat bantu,5,Positif,2026-05-15 12:09:35,2,2,0
Belanja di Shopee selalu lancar,belanja selalu lancar,5,Positif,2026-05-15 12:09:09,5,3,0
Banyakkin DISKON,banyakkin diskon,5,Positif,2026-05-15 12:05:32,2,2,0
enak,enak,4,Positif,2026-05-15 12:03:47,1,1,0
sangat bagus dan hrga bersahabat 🧡,sangat bagus hrga sahabat,5,Positif,2026-05-15 12:02:03,6,4,0
mudah penggunaaan,mudah penggunaaan,5,Positif,2026-05-15 11:59:10,2,2,0
pesen food ga nyampe. pengembalian dana lelet.,sen food tidak nyampe kembali dana lambat,1,Negatif,2026-05-15 11:56:30,7,7,0
"aplikasinya bagus, cuman minus pengiriman terlalu lama, terkadang ada juga pengiriman yg gagal krim, tolong di perbaiki waktu pengirimannya",aplikasi bagus cuman minus kirim terlalu lama terkadang kirim gagal krim baik waktu kirim,5,Positif,2026-05-15 11:54:13,19,14,0
semoga amanah,moga amanah,5,Positif,2026-05-15 11:53:56,2,2,0
good terbaik,good baik,5,Positif,2026-05-15 11:53:52,2,2,0
"selalu suka belanja di sini tapi kalo bisa tolong dong min biaya pelayanan itu mbok di perkecil lagi nominalnya,,percuma dapet hrga murah kalau biaya oenangannya mahal jatuhnya hrga barang jdi ikutan mahal😁",selalu suka belanja sini kalau min biaya layan mbok kecil nominal percuma hrga murah kalau biaya oenangannya mahal jatuh hrga barang jdi ikut mahal,5,Positif,2026-05-15 11:52:26,32,24,0
bguss,bguss,5,Positif,2026-05-15 11:47:19,1,1,0
"beli barang dari tanggal 9 mei sampe tanggal 15 belum juga dateng, sudah lewat waktu yg diestimasikan, hanya konfirmasi tertunda tertunda selama 2x bukan solusi yg didapatkan dari cs, hanya disuruh nunggu"" tanpa ada konfirmasi dari jasa pengirimannya (spxid)",beli barang tanggal mei sampe tanggal belum dateng lewat waktu estimasi konfirmasi tunda tunda lama bukan solusi dapat cs suruh nunggu tanpa konfirmasi jasa kirim spxid,1,Negatif,2026-05-15 11:44:49,39,26,0
sangat memudahkan dalam belanja banyak diskon,sangat mudah belanja banyak diskon,5,Positif,2026-05-15 11:42:57,6,5,0
ke banyakkan iklan org mau main ap nonton iklan🙏,banyak iklan org mau main ap nonton iklan,1,Negatif,2026-05-15 11:42:54,9,8,0
sangat profesional👍,sangat profesional,5,Positif,2026-05-15 11:42:11,2,2,0
"SHOPEE BUAT PILIHAN PENGEMBALIAN BARANG DGN PILIHAN BARANG DI PICK UP KURIR, TAPI KALO KURIR GA PICK UP DAN PENGEMBALIAN DIBATALKAN UANG GA KEMBALI DENGAN ALASAN BARANG GA DIKIRIM SESUAI WAKTU, PADAHAL YG SALAH KURIR NYA GA PICK UP, DIHUBUNGI HANYA BILANG TUNGGU SEMENTARA DIJEMPUT. DUIT GA SEBERAPA TAPI SEBEL NYA KRN TERKESAN PEMBELI YANG SALAH PADAHAL SISTEM NYA YANG SALAH DAN MEMANG SENGAJA KALI YA BUAT PILIHAN SEPERTI ITU UNTUK MEJEBAK KONSUMEN. HAPUS SAJA PILIHAN PICK UP BY KURIR, PENIPUAN.",buat pilih kembali barang pilih barang pick up kurir kalau kurir tidak pick up kembali batal uang tidak alas barang tidak kirim sesuai waktu padahal salah kurir tidak pick up hubung bilang tunggu jemput duit tidak berapa sebel kes beli salah padahal sistem salah memang sengaja kali buat pilih mejebak konsumen hapus pilih pick up by kurir tipu,1,Negatif,2026-05-15 11:41:14,81,58,0
bagus dan sangat membantu,bagus sangat bantu,5,Positif,2026-05-15 11:40:41,4,3,0
saya suka dengan shopee karena harga terjangkau semuanya,suka harga jangkau semua,5,Positif,2026-05-15 11:40:34,8,4,0
"bagus puas banget sama aplikasi Shopee sangat membantu, pembayarannya pun mudah, bisa lewat apa saja",bagus puas banget sama sangat bantu bayar mudah lewat apa,5,Positif,2026-05-15 11:39:04,15,10,0
sangat mudah dan nggak pernah kecewa selama belanja online di shopee,sangat mudah tidak pernah kecewa lama belanja online,5,Positif,2026-05-15 11:38:56,11,8,0
sebelum paket datang ada konfirmasi ke pembeli,paket datang konfirmasi beli,5,Positif,2026-05-15 11:38:27,7,4,0
menyenangkan belanja disoppe,senang belanja disoppe,5,Positif,2026-05-15 11:38:25,3,3,0
"aplikasi nya si oke cuma , suka eror sendiri",si cuma suka eror sendiri,3,Netral,2026-05-15 11:35:23,9,5,0
Good Best Of The Best,good best of the best,5,Positif,2026-05-15 11:32:12,5,5,0
Shopee semakin gak jelas pengiriman cukup lama udah mau 2 Minggu paket belum sampe sampe sama pembeli Tolong di Perbaiki Lagi,makin tidak jelas kirim cukup lama mau minggu paket belum sampe sampe sama beli baik,1,Negatif,2026-05-15 11:28:43,21,15,0
bagusss banget APLIKASINYA manaaa sering dapet barang murceee kualitas mantaapp pelayanan juga good,bagusss banget aplikasi manaaa sering barang murceee kualitas mantaapp layan good,5,Positif,2026-05-15 11:27:58,13,11,0
"mau login gk bisa , mau ganti nomor gk bisa , spay di bekukan udah 3 tahun pdhal sudah di lunasi. tiba tiba akun keluar sendiri .",mau login tidak mau ganti nomor tidak spay beku tahun pdhal lunas tiba tiba akun keluar sendiri,2,Negatif,2026-05-15 11:27:42,27,17,0
barang pesanan sesui haralan kurir baik amanah sopan,barang pesan sesui haralan kurir baik amanah sopan,5,Positif,2026-05-15 11:26:21,8,8,0
senang belanjadi shopee,senang belanjadi,5,Positif,2026-05-15 11:25:56,3,2,0
"ini aplikator tidak manusiawi,sistem tidak bagus,mending semua hapus saja aplikasinya,..ini aplikasi memaksakan driver mana argo banyak potongan tidak sesuai belum lagi penjemputan tidak manusiawi,aplikasi meresahkan",aplikator tidak manusiawi sistem tidak bagus mending semua hapus aplikasi paksa driver mana argo banyak potong tidak sesuai belum jemput tidak manusiawi resah,1,Negatif,2026-05-15 11:25:29,25,23,0
kalau bisa untuk expedisi Spx express itu diganti dengan yg lain saja min . itu lelet sekali dan kurirnya juga kurang sopan paket saya pernah salah kirim juga. pdhl alamat nya sudah jelas .,kalau expedisi spx express ganti min lambat sekali kurir kurang sopan paket pernah salah kirim pdhl alamat jelas,4,Positif,2026-05-15 11:23:50,34,18,5
terima kasih,terima kasih,5,Positif,2026-05-15 11:22:18,2,2,0
mantap banget pake apk shopee sekarang pengiriman cepat bintang 5 dah 😁😁,bagus banget pake sekarang kirim cepat bintang dah,5,Positif,2026-05-15 11:22:06,12,8,0
"Shopee terlengkap dan mudah digunakan nya, aman bersama shopee.",lengkap mudah guna aman sama,5,Positif,2026-05-15 11:21:04,9,5,0
bagus apknya tapi udah nggak bisa cod semuanya,bagus apknya tidak bayar tempat semua,4,Positif,2026-05-15 11:17:59,8,6,0
"penanganan retur barang sangat lama yg jawab robot/ sistem jauh lebih baik toko ijo penangananya tidak membuat customer kecewa, tulisannya chat prioritas/platinum pelayanannya payahhhhhhhh",tangan retur barang sangat lama jawab robot sistem jauh lebih baik toko ijo penangananya tidak buat customer kecewa tulis chat prioritas platinum layan payahhhhhhhh,1,Negatif,2026-05-15 11:17:37,24,24,0
produk penjualan bagus dan murah,produk jual bagus murah,5,Positif,2026-05-15 11:16:50,5,4,0
👍👍👍👍 biaya ongkir gratis.,biaya ongkos kirim gratis,5,Positif,2026-05-15 11:16:08,4,4,0
sangat bermanfaat dan gak pernah tipu tipu,sangat manfaat tidak pernah tipu tipu,5,Positif,2026-05-15 11:14:38,7,6,0
"Bagus sih applikasinya,,tp aku pakai yg shopee lite lebih simple,,dn gk makan memori hp,,cm sayang buat video unboxiing gk bisa tuh di lite,,jd klw beli barang mahal harus download yg memori besar ini,,,,",bagus applikasinya pakai lite lebih simple dn tidak makan memori hp cm sayang buat video unboxiing tidak tuh lite jd klw beli barang mahal download memori besar,5,Positif,2026-05-15 11:14:23,33,27,0
josss,josss,5,Positif,2026-05-15 11:14:12,1,1,0
shopee mantab,mantab,5,Positif,2026-05-15 11:13:06,2,1,0
terimakasih shopee sangat membantu untuk pembelian barang,terimakasih sangat bantu beli barang,5,Positif,2026-05-15 11:11:43,7,5,0
puas sekali memakai aplikasi ini ...mau blnja apa saja tersedia disini,puas sekali pakai mau blnja apa sedia sini,5,Positif,2026-05-15 11:11:20,11,8,0
"brand applikasi ini tidak memiliki loyalitas terhadap pihak pengirim (tim distribusi nya) di AI cuman bisa menyampaikan ke pihak distribusi untuk mengirimkan lebih cepat tapi malah aku tunggu lumayan lama, padahal aku butuh nya hari ini juga secara langsung!",brand applikasi tidak milik loyalitas pihak kirim tim distribusi ai cuman sampai pihak distribusi kirim lebih cepat malah tunggu lumayan lama padahal butuh hari langsung,2,Negatif,2026-05-15 11:10:07,39,25,0
"sering saya uninstall karena terbuka sendiri,saya buka aplikasi lain tiba-tiba shopee terbuka sendiri...",sering uninstall buka sendiri buka tiba tiba buka sendiri,2,Negatif,2026-05-15 11:10:03,13,9,0
layanan.nya baik,layan baik,5,Positif,2026-05-15 11:09:27,2,2,0
app ny sangat bagus,ny sangat bagus,5,Positif,2026-05-15 11:06:04,4,3,0
suka belanja,suka belanja,5,Positif,2026-05-15 11:05:07,2,2,0
apk nya ngeleg banget,ngeleg banget,1,Negatif,2026-05-15 11:04:42,4,2,0
"hai perbaiki aplikasimu biar ga gampang lag dan buffering. ini bukan masalah HP atau Internet, tapi dari Aplikasimu yang butut dan ngelag parahhhh",hai baik aplikasi biar tidak gampang lag buffering bukan masalah hp internet aplikasi butut ngelag parahhhh,5,Positif,2026-05-15 11:04:05,23,16,0
aplikasi ini sangat amat amanah,sangat amanah,5,Positif,2026-05-15 11:04:02,5,2,0
Emang the best,memang the best,5,Positif,2026-05-15 11:03:10,3,3,0
mudah dan senang sekali,mudah senang sekali,5,Positif,2026-05-15 11:02:44,4,3,0
gabisa login,gabisa login,1,Negatif,2026-05-15 11:02:43,2,2,0
aplikasi kontoll,kontoll,1,Negatif,2026-05-15 11:01:45,2,1,0
sesuai orderan dan amanah,sesuai order amanah,5,Positif,2026-05-15 11:00:56,4,3,0
"kurir dan logistik sangat amatiran sangat mengecewakan, pengiriman bandung jakarta bisa sampai milyaran tahun cahaya sampai barang tiba, CS dan SPX sangat buruk dalam pelayanan ke konsumen syngnya apk kurang berguna shopee ini",kurir logistik sangat amatir sangat kecewa kirim bandung jakarta milyaran tahun cahaya barang tiba cs spx sangat buruk layan konsumen syngnya kurang guna,1,Negatif,2026-05-15 10:59:32,33,23,0
"bukan sekedar aplikasi belanja, tapi aplikasi yang sangat membantu ku mencari cuan,,, sukses terus shopee",bukan dar belanja sangat bantu cari cuan sukses terus,5,Positif,2026-05-15 10:58:24,15,9,0
cocok beli beli,cocok beli beli,5,Positif,2026-05-15 10:58:15,3,3,0
Kok di harganya misalnya 59 kok jadi 100 ribu aplikasi bohong,kok harga misal kok jadi ribu bohong,1,Negatif,2026-05-15 10:57:26,11,7,0
"sangat membatu sekali dalam berbelanja barang pesanan,dll..👍👍",sangat batu sekali belanja barang pesan,5,Positif,2026-05-15 10:57:06,7,6,0
"SPX SALAH TEMPEL RESI, BARANG JUALAN SAYA 350RB HILANG, TIDAK BISA KEMBALI. CUMA DIGANTI BIAYA IKLAN 10RB OLEH SHOPEE!!! BUAT SELLER HATI², SHOPEE MELEGALKAN PENCURIAN, BUKANNYA MENDISKUSIKAN DULU LEPORAN BUYER DENGAN SELLER, EH MALAH LANGSUNG DISETUJUI. AKHIRNYA SAYA GABISA MINTA BALIK BARAMG KE BUYER. BAYANGKAN KALAU YANG HILANG ITU LAPTOP PULUHAN JUTA, MENDING SELLER HATI²",spx salah tempel resi barang jual rb hilang tidak cuma ganti biaya iklan rb buat seller hati legal curi bukan diskusi dulu leporan buyer seller eh malah langsung tuju akhir gabisa minta balik baramg buyer bayang kalau hilang laptop puluh juta mending seller hati,1,Negatif,2026-05-15 10:56:00,55,44,1
aplikasi terbaik di banding lainnya sebelumnya saya sudah mencoba aplikasi lainnya tapi shopee is the best 👍👍👍👍👍 jempolnya 5 yang satu dapet pinjem 🥰,baik banding lain belum coba lain is the best jempol satu pinjem,5,Positif,2026-05-15 10:54:08,24,12,0
"tidak puas dengan pengirimannya,termasuk kurir",tidak puas kirim masuk kurir,1,Negatif,2026-05-15 10:47:01,5,5,0
sangat bagus dan belanja puas👍👍👍👍👍🤙🤙🤙🤙,sangat bagus belanja puas,5,Positif,2026-05-15 10:45:33,5,4,0
"menjual barang bagus tapi ada yang kurang yaitu update an nya dulu estimasi tiba nya 3 hari / 2 hari sekarang jadi 4-5 hari jadi harus nunggu lama, pelayanan kurir nya juga ramah dan bagus tidak membohongi orang lain atau pun meng akali anak kecil yang berbelanja online trimakasih 🙏🏻",jual barang bagus kurang update an dulu estimasi tiba hari hari sekarang jadi hari jadi nunggu lama layan kurir ramah bagus tidak bohong orang meng akal anak kecil belanja online trimakasih,4,Positif,2026-05-15 10:43:29,50,31,0
Oke,,3,Netral,2026-05-15 10:42:36,1,0,0
"untuk kesekian kali belanja di Shopee memang pernah kecewa, tapi lebih sering/banyak puasnya. tingkatkan pelayanan, sukses selalu untuk Shopee😊❤️",sekian kali belanja memang pernah kecewa lebih sering banyak puas tingkat layan sukses selalu,5,Positif,2026-05-15 10:41:44,19,14,0
makin suka belanja disni,makin suka belanja disni,5,Positif,2026-05-15 10:40:24,4,4,0
aplikasi sangat membantu,sangat bantu,5,Positif,2026-05-15 10:40:16,3,2,0
semua yang saya pesan sesuai pesanan terima kasih kepada shopee,semua pesan sesuai pesan terima kasih,5,Positif,2026-05-15 10:39:21,10,6,0
bagus dan informatif,bagus informatif,5,Positif,2026-05-15 10:35:16,3,2,0
"berat banget app nya, baru dibuka udah ngelag, login aja susah",berat banget baru buka ngelag login susah,3,Netral,2026-05-15 10:34:18,11,7,0
mantap.. selalu tepat kirimannya.. yg salah lgsg di return,bagus selalu tepat kirim salah lgsg return,5,Positif,2026-05-15 10:33:06,9,7,0
lebih tingkatkan kenyamanan kastamer/pemesan,lebih tingkat nyaman kastamer mes,5,Positif,2026-05-15 10:32:24,4,5,0
baru baru ini akun saya di-hack orang Alhamdulillah bisa saya perbaikin tolong keamanan diperbaikin LG agar lebih aman,baru baru akun hack orang alhamdulillah perbaikin aman diperbaikin lg lebih aman,5,Positif,2026-05-15 10:29:34,18,12,0
belanjan online jadi praktis,belanjan online jadi praktis,5,Positif,2026-05-15 10:29:07,4,4,0
bisa gak kalau baru masuk aplikasi jangan auto masuk k toko live jualan,tidak kalau baru masuk jangan auto masuk toko live jual,2,Negatif,2026-05-15 10:25:27,13,10,0
"free ongkir, dan bisa COD",free ongkos kirim bayar tempat,5,Positif,2026-05-15 10:24:40,5,5,0
"Barang Original,Sesuai pesanan,Pengiriman cepat.",barang original sesuai pesan kirim cepat,5,Positif,2026-05-15 10:21:33,4,6,0
"paket terlalu lambat,kurir nya pada lelet.sdh 2 hari paket ditunda2 gk dikirim2.jga gk ada wa tertulis atau tlp dri kurirnya ini gmn shoopexspress.shooopeexpres kok makin lelet dlm pengiriman.gk kyak jnt sangat satset",paket terlalu lambat kurir lambat hari paket tunda tidak kirim jga tidak wa tulis tlp kurir gmn shoopexspress shooopeexpres kok makin lambat dlm kirim tidak kyak jnt sangat satset,2,Negatif,2026-05-15 10:19:46,32,29,0
"Senang belanja di shopee dpt hrg lbh murah,mudah pengembalian brg & dana,banyak pilihan barang nya,sayang d aplikasi saya tdk diijinkan mengunakan VIP,saya berharap selanjutnya bisa langganan VIP harapan saya",senang belanja harga lebih murah mudah kembali barang dana banyak pilih barang sayang tdk diijinkan mengunakan vip harap lanjut langgan vip harap,5,Positif,2026-05-15 10:18:14,29,22,0
Mantap banget kak,bagus banget kak,5,Positif,2026-05-15 10:17:31,3,3,0
ok..👍👍👍,,5,Positif,2026-05-15 10:15:22,1,0,4
"sopee memang terbaik untuk kekurangan bahan bahan yang sudah habis,rusak dll",sopee memang baik kurang bahan bahan habis rusak,5,Positif,2026-05-15 10:14:33,11,8,0
Shopee Selalu okey! moga sukses komitmen shopeee 👍👍,selalu okey moga sukses komitmen shopeee,5,Positif,2026-05-15 10:13:57,8,6,0
"shopee ga berpihak kepembeli, pembeli hanya dibuat rugi",tidak pihak bel beli buat rugi,1,Negatif,2026-05-15 10:13:00,8,6,0
"Sangat baik dalam pemesanan barang-barang yang saya butuhkan. Terima kasih Shopee, semoga jadi lebih baik lagi dalam semua fitur dan pelayanannya.",sangat baik mesan barang barang butuh terima kasih moga jadi lebih baik semua fitur layan,5,Positif,2026-05-15 10:07:38,21,15,0
belanja di Shopee 👍,belanja,5,Positif,2026-05-15 10:07:05,4,1,0
sistem pengiriman yang terlambat tidak sesuai dengan estimasi tiba lalu paket di batalkan oleh kurir tampa pemberitahuan kepada kami sebagai pembeli,sistem kirim lambat tidak sesuai estimasi tiba lalu paket batal kurir tampa pemberitahuan beli,1,Negatif,2026-05-15 10:04:53,21,14,0
sangat terbantu belanja apa saja ada,sangat bantu belanja apa,5,Positif,2026-05-15 10:04:51,6,4,0
jadi kecanduan belanja lewat apk shoppee..mantap..😁😁,jadi candu belanja lewat shoppee bagus,5,Positif,2026-05-15 10:01:25,6,6,0
kadang ngelag,kadang ngelag,4,Positif,2026-05-15 10:00:27,2,2,0
"expedisi spx buruk , sering keterlambatan , pernah barang hilang tidak ada konfirm dan saya sebagai pembeli secara tidak langsung harus tanggung jawab sama barangnya . krna ada transaksi di luar shopee , duit sya hilang . emang apk buruk . amanah banyak penjual penipu tidak ada regulasi ketat tapi kalau mungutin duit penjual no 1",expedisi spx buruk sering lambat pernah barang hilang tidak konfirm beli tidak langsung tanggung jawab sama barang transaksi luar duit sya hilang memang buruk amanah banyak jual tipu tidak regulasi ketat kalau mungutin duit jual no,1,Negatif,2026-05-15 10:00:05,56,36,1
"barang dan jasa pengiriman sesuai pesanan dan jadwal pengiriman, bagus.",barang jasa kirim sesuai pesan jadwal kirim bagus,5,Positif,2026-05-15 09:59:30,10,8,0
puas pelayanannya telat waktu,puas layan telat waktu,5,Positif,2026-05-15 09:55:22,4,4,0
mudah digunakan pelayanan bagus.....,mudah guna layan bagus,5,Positif,2026-05-15 09:52:10,4,4,0
"blnja di shopee sih msh sebagian besar amanah jualan nya. tp syg ekspedisi spx nya sering mengecewakan kdg pkt ada 5 yg nyampe hnya 2 atw 3 sisanya ngk nyampe krna prosedur pngntrn ribet, kita juga kan ngak sllu mantau hp utk lihat chat masuk sdgkn kdg pkt dtg lbh awal kdg telat bngt. masa iya pngntrnnya mksml 1x aja ngak ada di hari brktnya.",blnja msh bagi besar amanah jual syg ekspedisi spx sering kecewa kdg pkt nyampe hnya atw sisa ngk nyampe prosedur pngntrn ribet kan ngak sllu mantau hp lihat chat masuk sdgkn kdg pkt dtg lebih awal kdg telat banget masa pngntrnnya mksml ngak hari brktnya,1,Negatif,2026-05-15 09:48:55,65,45,11
aplikasi apa ni kalo kita retur barang alamat kitaa tidak tersedia lagi,apa ni kalau retur barang alamat kitaa tidak sedia,2,Negatif,2026-05-15 09:48:25,12,9,0
intinya sempurna,inti sempurna,5,Positif,2026-05-15 09:47:44,2,2,0
sangattt membantu dan aplikasinya seruuu,sangattt bantu aplikasi seruuu,5,Positif,2026-05-15 09:46:56,5,4,0
"aplikasi nya bagus bngt terus barangnya murah-murah, aku kasih bintang 5 karna bagus",bagus banget terus barang murah murah kasih bintang bagus,5,Positif,2026-05-15 09:46:09,13,9,0
tolong lindungi akun shopy ku,lindung akun shopy,1,Negatif,2026-05-15 09:45:29,5,3,0
pelayanannya sangat baik,layan sangat baik,5,Positif,2026-05-15 09:45:23,3,3,0
fitur ter lemot,fitur ter lambat,1,Negatif,2026-05-15 09:45:05,3,3,0
"tingkatkan pelayanan, dan mudahkan prosses pembatalan, saat ingin mengganti produc",tingkat layan mudah prosses batal ganti produc,5,Positif,2026-05-15 09:44:22,10,7,0
suka banget belanja d shopi bnyak promo dan gratis ongkir,suka banget belanja shopi bnyak promo gratis ongkos kirim,5,Positif,2026-05-15 09:42:55,10,9,0
bagus sllu tepat waktu dan lancar sukses buat Shopee,bagus sllu tepat waktu lancar sukses buat,5,Positif,2026-05-15 09:42:27,9,7,0
"kalian sangat buruk dlam pelayanan. kalian tdk periksa dulu barang yg mau di kirim sebelum sampai ke orang yg pesan. sesuai tdk ni data barangnya sama barang nya yg mau di kirim gunanya apa kalian data, gunanya apa kalian di bayar ongkos kirimnyakakw masi sering dtang barang yg tdk sesuai.",kalian sangat buruk dlam layan kalian tdk periksa dulu barang mau kirim orang pesan sesuai tdk ni data barang sama barang mau kirim guna apa kalian data guna apa kalian bayar ongkos kirimnyakakw mas sering dtang barang tdk sesuai,1,Negatif,2026-05-15 09:42:23,50,39,1
"padahal ini pertama kali ny sy pesan lewat shopee, tp sdh di buat kecewa, barang yg sy terima rusak & penjual menjanjikan konpensasi sy di suruh nunggu 7hari, tp ini sdh hampir 1bulan & sy blm mendapatkan konpensasi yg di janjikan.",padahal pertama kali ny pesan lewat buat kecewa barang terima rusak jual janji konpensasi suruh nunggu hari hampir bulan belum dapat konpensasi janji,1,Negatif,2026-05-15 09:42:09,41,23,0
bila pesanan belum diterima tanggal tertentu akan ada voucher 10.000 itu bohong,bila pesan belum terima tanggal tentu voucher bohong,1,Negatif,2026-05-15 09:40:58,12,8,0
"kacau !! 3 bulan spaylater di bekukkan , kalo 1 minggu mungkin saya masih maklumin , ini dah 3 bulan gak ada perubahan , telat bayar gak pernah , bahkan 1 minggu sebelum jatuh tempo sudah di bayar , sungguh mengecewakan , maaf saya kasih * 1 , karna gak ada kebijakan yg terselesaikan , semua prosudur sudah di jalani , sampai laporan , email sudah , tp gak ada perubahan , sedikitpun , dan sekarang harus menunggu lagi sampai tgl 18 mei , begitu terus dari awal maret sampai hari ini ,",kacau bulan spaylater bekuk kalau minggu mungkin maklumin dah bulan tidak ubah telat bayar tidak pernah bahkan minggu jatuh tempo bayar sungguh kecewa maaf kasih tidak bijak selesai semua prosudur jalan lapor email tidak ubah sedikit sekarang tunggu tgl mei terus awal maret hari,1,Negatif,2026-05-15 09:39:20,93,44,0
kenapa Shopee saya sekarang gk bisa COD nya,sekarang tidak bayar tempat,5,Positif,2026-05-15 09:37:56,8,4,0
"semakin oke dalam berbelanja, semakin banyak racun shopee.. hihihihihi..",makin belanja makin banyak racun hihihihihi,5,Positif,2026-05-15 09:36:23,9,6,1
no comen ajah kayanya 😍,no comen ajah kaya,5,Positif,2026-05-15 09:35:53,5,4,0
gak bikin ngelek,tidak bikin ngelek,5,Positif,2026-05-15 09:35:34,3,3,0
tidak ada pengalaman,tidak alam,5,Positif,2026-05-15 09:32:12,3,2,0
shopeee kerennnnn,shopeee kerennnnn,5,Positif,2026-05-15 09:29:58,2,2,0
"Satu satunya aplikasi terpercaya, dengan tidak banyak drama",satu satu percaya tidak banyak drama,5,Positif,2026-05-15 09:29:53,8,6,0
good respond cepat,good respond cepat,5,Positif,2026-05-15 09:29:39,3,3,0
aplikasi kalo pengin diskon gede tp di suruh ngutang😂 harusnya yg di utamakan diskon yg non COD ya😆 bukan yg nyicil,kalau pengin diskon gede suruh ngutang harus utama diskon non bayar tempat bukan nyicil,3,Netral,2026-05-15 09:26:53,21,14,0
ini kok knp suara bocor dari laapk lain. menganggu skali,kok knp suara bocor laapk menganggu skali,3,Netral,2026-05-15 09:26:08,10,7,0
Gak bisa memverifikasi no handphone,tidak verifikasi no handphone,2,Negatif,2026-05-15 09:24:16,5,4,0
"kalau aplikasi nya sih bagus""aja, kadang toko nya lah yg bikin kecewa itu",kalau bagus kadang toko bikin kecewa,5,Positif,2026-05-15 09:22:07,13,6,0
banyak promo menyenangkan bikin menarik pengguna /pembeli jadi lebih membandingkan dengan e-commerce lain,banyak promo senang bikin tarik guna beli jadi lebih banding commerce,5,Positif,2026-05-15 09:17:06,13,11,0
suka,suka,5,Positif,2026-05-15 09:14:41,1,1,0
"iklan lo ganggu banget, gada iklan juga tetep masuk ke ni aplikasi. jelek banget dah",iklan lo ganggu banget gada iklan tetep masuk ni buruk banget dah,2,Negatif,2026-05-15 09:12:55,15,12,0
"shopee keren mau belanja apa aja ada barang murah2,,,,👍👍👍👍",keren mau belanja apa barang murah,5,Positif,2026-05-15 09:12:23,9,6,0
Bagus Terimakasih.,bagus terimakasih,5,Positif,2026-05-15 09:11:21,2,2,0
kak mau minta tlng gimana cara bayar spaylater kalau akun ya dan no whatsap ganti soalnya ini jatah bayar spaylater,kak mau minta tlng gimana cara bayar spaylater kalau akun no whatsap ganti soal jatah bayar spaylater,4,Positif,2026-05-15 09:10:33,20,17,0
ini iklan tolol banget setiap gw buka web kaya link mesti ada iklan gblk ini benci banget gw sama iklan aneh ini,iklan tolol banget gw buka web kaya link mesti iklan gblk benci banget gw sama iklan aneh,1,Negatif,2026-05-15 09:10:14,22,17,0
"kok untuk jasa kirim nya lama lama kurang tepat waktu kalau ada event, tidak puas dengan layanan shopee sekarang",kok jasa kirim lama lama kurang tepat waktu kalau event tidak puas layan sekarang,1,Negatif,2026-05-15 09:09:31,19,14,0
"sekarang shopy byk toko tipu2,,,setelah cekout toko lngsung gada...parahhhh",sekarang shopy byk toko tipu cekout toko lngsung gada parahhhh,3,Netral,2026-05-15 09:08:09,9,10,0
"langganan VIP makin gak ada promo, cuma promo ongkir aja, langganan VIP cuma bagus di awal aja, setelahnya rugi...",langgan vip makin tidak promo cuma promo ongkos kirim langgan vip cuma bagus awal telah rugi,1,Negatif,2026-05-15 09:07:40,19,16,0
Saya sangat kecewa BANGET PIHAK SHOPEEY KENAPA TIDAK MENYERTAKAN NAMA KURIR SPX DAN NO TLP KURIR PADA STATUS PENGIRIMANNYA..!!! KARENA KURIR SPX TEMPAT SAYA SERING BARANG DIBAWA DARI PAGI SAMPE MALEM DITUNGGUIN SEHARIAN GAK DIANTARKAN....PAYAH,sangat kecewa banget pihak shopeey tidak serta nama kurir spx no tlp kurir status kirim kurir spx tempat sering barang bawa pagi sampe malem ditungguin hari tidak antar payah,1,Negatif,2026-05-15 09:07:34,35,29,2
kak napa gk bisa transaksi,kak napa tidak transaksi,1,Negatif,2026-05-15 09:05:42,5,4,0
"Aplikasnya sdh bagus, cuma perlu pembenahan SOP distribusinya shg tdk muter2 yg seharusnya sdh smpe tp hrs kirim ke DC Pusat dahulu. Contoh kami pesan produk di daerah kota domisili tempat tinggal (Tangerang) , namun harus muter dl ke kota lain ( Jakarta Utara) butuh wkt 40 km ntr balik lg kirim ke arah kota tujuan pengiriman.",aplikasnya bagus cuma perlu benah sop distribusi shg tdk muter smpe kirim dc pusat contoh pesan produk daerah kota domisili tempat tinggal tangerang muter dl kota jakarta utara butuh wkt km ntr balik lg kirim arah kota tuju kirim,5,Positif,2026-05-15 09:05:32,57,39,0
aplikasi jelek iklan nya kepencet Mulu mending mari aj lu,buruk iklan pencet mulu mending aj lu,1,Negatif,2026-05-15 09:05:08,10,7,0
gila masih blm ada perbaikan lemotnya minta ampun,gila belum baik lot minta ampun,1,Negatif,2026-05-15 09:04:50,8,6,2
byk diskon,byk diskon,5,Positif,2026-05-15 08:59:07,2,2,0
proses belanja maupun pengembalian cepat dan lancar,proses belanja maupun kembali cepat lancar,5,Positif,2026-05-15 08:57:29,7,6,0
"setelah di update malah nambah ngelag, terus gak bisa scroll2 video live kadang putus2 ,kadang macet,",update malah nambah ngelag terus tidak scroll video live kadang putus kadang macet,1,Negatif,2026-05-15 08:56:17,16,13,0
"semenjak sekarang sudah tidak pernah tepat waktu sudah seminggu paket belum sampai padahal rumah saya tidak di daerah terpencil masih di pulau jawa kenapa lama sekali, 2 hari paket belum ada tanda kabarnya entah kemana tolong dong...",semenjak sekarang tidak pernah tepat waktu minggu paket belum padahal rumah tidak daerah pencil pulau jawa lama sekali hari paket belum tanda kabar entah,1,Negatif,2026-05-15 08:55:08,37,24,0
sangat bermanfaat bagi masyarakat luas dalam bentuk apapun pekerjaannya,sangat manfaat masyarakat luas bentuk apa kerja,5,Positif,2026-05-15 08:55:01,9,7,0
EXPEDISI TERBURUK SE INDONESIA YA SPX.... PENGIRIMAN REGULER AJA 6 HARI.... SEDANGKAN EXPEDISI LAIN MENTOK 4-5 HARI....NAJIS PAKE EXPEDISI KALIAN LAGI ...PALING LELET SE-INDONESIA.....👎👎👎👎👎,expedisi buruk se indonesia spx kirim reguler hari expedisi mentok hari najis pake expedisi kalian paling lambat se indonesia,1,Negatif,2026-05-15 08:53:25,24,19,0
bagus sekali dan mudah,bagus sekali mudah,5,Positif,2026-05-15 08:51:59,4,3,0
senang bisa paylater...,senang paylater,5,Positif,2026-05-15 08:50:22,3,2,0
"aplikasi ini memiliki program loyalitas,,,",milik program loyalitas,5,Positif,2026-05-15 08:49:29,5,3,0
okeh,okeh,5,Positif,2026-05-15 08:49:16,1,1,0
Baik,baik,5,Positif,2026-05-15 08:48:20,1,1,0
shopeepay lupa pin...dimintai otp gak respon.! sampe gak bisa dibuka,shopeepay lupa pin minta otp tidak respon sampe tidak buka,1,Negatif,2026-05-15 08:45:05,10,10,0
"woy itu potongan turunin cik, ngerugiin seller banget lu, potongan lu gak ngotak bjir, tiap tahun atau bulan naik Mulu hadeh.",woy potong turunin cik ngerugiin seller banget lu potong lu tidak ngotak bjir tiap tahun bulan naik mulu hadeh,1,Negatif,2026-05-15 08:43:24,21,19,0
"belanja puas dan murah,dapat juga mencari penghasilan tambahan",belanja puas murah cari hasil tambah,5,Positif,2026-05-15 08:43:01,8,6,0
"tolong buat Shopee, tindak lanjuti SPX mustika jaya bekasi. kurirnya pd males2 bgt!!!!! paket sy ada 4 paket, dari tgl 3 Mei smpe skrg tgl 15 Mei blm sampe2. mereka tulis keterangan ""pembeli menjadwalkan ulang"". itu penipuan sekali!!!! mereka bahkan tidak ada konfirmasi ke sy dan belum datang samasekali ke alamat sy!!! tolong ditindak lanjuti!!! kl bisa pecat kurir yg pd males2 itu!!!! merugikan customer sekali!!! ini barang2 penting bgt. buat operasional kantor!!!!",buat tindak lanjut spx mustika jaya bekas kurir males banget paket paket tgl mei smpe sekarang tgl mei belum sampe tulis terang beli jadwal ulang tipu sekali bahkan tidak konfirmasi belum datang samasekali alamat tindak lanjut kalau pecat kurir males rugi customer sekali barang penting banget buat operasional kantor,1,Negatif,2026-05-15 08:33:31,73,49,0
pokoknya no ribet,pokok no ribet,5,Positif,2026-05-15 08:31:57,3,3,0
bermanfaat,manfaat,5,Positif,2026-05-15 08:28:47,1,1,0
"aplikasi sangat berguna untuk belanja atau cek barang, harga ditambah diskon serta gratis ongkir",sangat guna belanja cek barang harga tambah diskon gratis ongkos kirim,5,Positif,2026-05-15 08:22:09,14,11,0
bagus👌👍,bagus,5,Positif,2026-05-15 08:19:06,1,1,0
"terlalu sering update, jd males sama aplikasi Kya gini",terlalu sering update jd males sama kya gin,1,Negatif,2026-05-15 08:17:36,9,8,0
mantabbb,mantabbb,5,Positif,2026-05-15 08:17:33,1,1,0
apk aneh selalu ngeleg kalo di buka pengiriman juga selalu di bikin telat,aneh selalu ngeleg kalau buka kirim selalu bikin telat,1,Negatif,2026-05-15 08:17:07,13,9,0
"kembaliin uang aku anjir, bayar pake qr ga keverifikasi trss udh laporan ke cs berhari hari malah di tandai laporan slesaii smntra saldo aku ga balik",kembaliin uang anjir bayar pake qr tidak verifikasi trss lapor cs hari hari malah tanda lapor slesaii smntra saldo tidak balik,1,Negatif,2026-05-15 08:16:56,26,21,0
suka belanja di shope selain harga murah jg gratis ongkir minesnya estimasinya lama,suka belanja harga murah gratis ongkos kirim mes estimasi lama,5,Positif,2026-05-15 08:15:10,13,10,0
mantaaaaaaf,mantaaaaaaf,5,Positif,2026-05-15 08:12:23,1,1,0
"bintang 1 karena jika memesan bahan seperti LCD atau hp akan rusak jika dipesan di apk ini, GK tau karna kurirnya atau karna shoppe",bintang mes bahan lcd hp rusak pes tidak tau kurir,1,Negatif,2026-05-15 08:11:43,24,10,0
"pengiriman lama, paket dari padang lokasi sama sama sumatera malah dikirim kejawa dulu gajls emng. biar apa kek gitu woi org butuh paketnya, dilama lamain",kirim lama paket padang lokasi sama sama sumatera malah kirim kejawa dulu gajls emng biar apa kek gitu woi org butuh paket lama lamain,1,Negatif,2026-05-15 08:11:32,25,24,0
"shopee tolong diperbaiki lagi, jangan suka tiba2 muncul pdhal ga mencet apa2. aku lagi asik2 baca novel di salah satu app tiba2 pindah ke shopee, pdhal ga kepencet apa pun. dan itu sering bgt, ganggu bgt. tolong lah yg wajar2 aja.",baik jangan suka tiba muncul pdhal tidak mencet apa asik baca novel salah satu tiba pindah pdhal tidak pencet apa sering banget ganggu banget wajar,3,Netral,2026-05-15 08:10:24,41,25,0
sukaaaa bgtttttt,sukaaaa bgtttttt,5,Positif,2026-05-15 08:07:20,2,2,0
ok bgt,banget,5,Positif,2026-05-15 08:05:57,2,1,0
sangan membantu dan mempermudah kita belanja ... mksih shopee,sangan bantu mudah belanja mksih,5,Positif,2026-05-15 08:03:29,9,5,0
ada yang pernah tertunda sampai 4/5 kali gak 🗿,pernah tunda kali tidak,1,Negatif,2026-05-15 08:01:13,9,4,0
"Alhamdulillah datang sesuai pesanan dari warna dan ukuran, semoga awet dipake. terimakasih seller semoga ttp amanah dlm melayani customer 🙏",alhamdulillah datang sesuai pesan warna ukur moga awet dipake terimakasih seller moga ttp amanah dlm layan customer,5,Positif,2026-05-15 08:00:58,20,17,0
saran mungkin bisa peringkat yang diraih paling tinggi tidak usah diturunin.,saran mungkin peringkat raih paling tinggi tidak usah diturunin,5,Positif,2026-05-15 07:58:13,11,9,0
apknya sangat bagus dan bermanfaat. tapi produk didalamnya banyak yang palsu.,apknya sangat bagus manfaat produk dalam banyak palsu,1,Negatif,2026-05-15 07:57:55,11,8,0
Maaf sebelumnya buat ulasan kasar saya. Sekarang kendala iklan pas main game sudah aman. Terima kasih tim Shopee sudah merespon,maaf belum buat ulas kasar sekarang kendala iklan pas main game aman terima kasih tim merespon,5,Positif,2026-05-15 07:51:32,20,16,1
🙏🥺sistem pembayaran cod saya gx bisa😔☕ padahal pihak shopee yang selalu membatalkan pesananku😔 aku mah nungguin pesananku😔 taunya di batalin😔,sistem bayar bayar tempat gx padahal pihak selalu batal pesan mah nungguin pesan tau batalin,5,Positif,2026-05-15 07:45:23,20,15,0
sungguh bagus,sungguh bagus,5,Positif,2026-05-15 07:45:11,2,2,0
"woyy shopee kalo narok iklan jgn di semua tempat,bikin ribet aja..mana urusin aja itu penjual,yg jualan nya bnyak gak jelas.unistal aja dehh biar aman.",woyy kalau narok iklan jgn semua tempat bikin ribet mana urusin jual jual bnyak tidak jelas unistal dehh biar aman,1,Negatif,2026-05-15 07:44:00,24,20,0
shopee menawarkan produk yang berkualitas dan terjamin menawarkan harga yang terjangkau dan pelayanan yang memuaskan,tawar produk kualitas jamin tawar harga jangkau layan muas,5,Positif,2026-05-15 07:34:20,15,9,0
perfect 💫,perfect,5,Positif,2026-05-15 07:33:09,2,1,0
"tea nya bikin BB ku turun,dan rasanya mau beli lagi.🫰🏻",tea bikin bb turun rasa mau beli,4,Positif,2026-05-15 07:20:01,10,7,0
aplikasi sat set g nunggu lama langsung tring,sat set nunggu lama langsung tring,5,Positif,2026-05-15 07:16:55,8,6,0
kurir nya gak jelas,kurir tidak jelas,1,Negatif,2026-05-15 07:16:51,4,3,0
pelayanan busuk,layan busuk,1,Negatif,2026-05-15 07:15:59,2,2,0
"belanja Mudah, praktis dan hemat",belanja mudah praktis hemat,5,Positif,2026-05-15 07:15:12,5,4,0
mantapp JD lebih mudah,mantapp jd lebih mudah,5,Positif,2026-05-15 07:13:49,4,4,0
senang berbelanja disini karna bnyk diskonnya hahaha,senang belanja sini bnyk diskon hahaha,5,Positif,2026-05-15 07:12:16,7,6,0
kenapa aplikasi shopee tidak bisa cod,tidak bayar tempat,3,Netral,2026-05-15 07:11:51,6,3,0
banyak barang palsu dan penipuan.,banyak barang palsu tipu,1,Negatif,2026-05-15 07:11:09,5,4,0
"barangnya sesuai pesanan, kurir ramah dan sopan. pengiriman tidak lama sesuai dengan lokasi tempat tinggal/daerah.",barang sesuai pesan kurir ramah sopan kirim tidak lama sesuai lokasi tempat tinggal daerah,5,Positif,2026-05-15 07:11:08,15,14,0
"payah pengiriman tertunda trs kurir gada yg niat kerja, di akun kan ada nomer tercantum, harus bisa ditelp terlebih dahulu, bukanya malah paket datang gada konfirmasi wa..",payah kirim tunda trs kurir gada niat kerja akun kan nomer cantum ditelp lebih buka malah paket datang gada konfirmasi wa,1,Negatif,2026-05-15 07:11:03,27,21,0
"Tiap saat iklan voucher ini, voucher itu, notif terus diskon ini, diskon itu, giliran dipakai dianggap transaksi mencurigakan, aneh",tiap iklan voucher voucher notif terus diskon diskon gilir pakai anggap transaksi curiga aneh,1,Negatif,2026-05-15 07:10:12,19,14,0
"sudah lama belanja di shopee , semua hampir 90 % sesuai dengan pesanan",lama belanja semua hampir sesuai pesan,5,Positif,2026-05-15 07:04:27,13,6,0
oke mantap,bagus,5,Positif,2026-05-15 07:04:19,2,1,0
kurang,kurang,1,Negatif,2026-05-15 07:00:17,1,1,0
"orang bertahan belanja di shopee hanya karena banyak diskonnya, banyak voucher nya.. untuk sistemnya sangat amburadul estimasi pengiriman terlalu lama, status pengiriman tidak sesuai dengan di lapangan, kurir yg tidak menghubungi pembeli sebelum mengantarkan barang. tolong kembalikan seperti dulu.",orang tahan belanja banyak diskon banyak voucher sistem sangat amburadul estimasi kirim terlalu lama status kirim tidak sesuai lapang kurir tidak hubung beli antar barang kembali dulu,1,Negatif,2026-05-15 06:57:20,39,27,0
Shopee keren,keren,5,Positif,2026-05-15 06:45:30,2,1,0
aplikasi terbaik untuk digunakan,baik guna,5,Positif,2026-05-15 06:43:01,4,2,0
terlalu lama proses nya untuk dapat meninjau permasalahan costumer nya,terlalu lama proses tinjau masalah costumer,1,Negatif,2026-05-15 06:38:45,10,6,0
"paling muak sama kurir yang seharusnya udah antar paket di tanggal itu,tapi malah rngga di antar dan terskip 2-4 hari, itu kurang ajar dan pemalas",paling muak sama kurir antar paket tanggal malah rngga antar skip hari kurang ajar malas,3,Netral,2026-05-15 06:33:14,25,15,0
bgus bgt,bgus banget,5,Positif,2026-05-15 06:30:10,2,2,0
"plis ya shopee jng kek setan yg slalu muncul dimana"", kalo waktunya iklan lo muncul msh gpp tp ini gw lagi enak""nge game tiba"" lo muncul pdhl blom wkt nya iklan, mana setiap 2 detik sekali lagi munculnya🐽",plis jng kek setan slalu muncul kalau waktu iklan lo muncul msh gpp gw enak nge game tiba lo muncul pdhl belum wkt iklan mana detik sekali muncul,2,Negatif,2026-05-15 06:28:57,38,28,0
pengiriman payah lama spx nya jelek paket pesen minggu jumat masih blum datang malah stuck payah shope aplikasi terburuk,kirim payah lama spx buruk paket sen minggu jumat blum datang malah stuck payah buruk,1,Negatif,2026-05-15 06:28:26,19,15,0
gak menyesal lh belanja online di shopee kurir ny Rama dan barang ny sesuai dan memuaskan,tidak sesal lh belanja online kurir ny rama barang ny sesuai muas,5,Positif,2026-05-15 06:22:57,16,12,0
enak nya belanja di shopee banyak macam nya tinggal klik sampai,enak belanja banyak macam tinggal klik,5,Positif,2026-05-15 06:20:38,11,6,0
bagus banget,bagus banget,5,Positif,2026-05-15 06:14:58,2,2,0
shope besar ongkirnya,besar ongkirnya,3,Netral,2026-05-15 06:11:46,3,2,0
"',',,8z ,q', O'Conner xx xx izshoppi gak bisa cod sekarang,,*di caXz^√",conner xx xx izshoppi tidak bayar tempat sekarang caxz,3,Netral,2026-05-15 06:04:56,11,9,0
sejauh ini sangat puas,jauh sangat puas,5,Positif,2026-05-15 05:57:32,4,3,0
"good, bagus pelayanannya, bagus barang dagangannya",good bagus layan bagus barang dagang,5,Positif,2026-05-15 05:56:45,6,6,0
"Banyak seler yg asal dalam menjual barang, barang gak sesuai deskripsi, barang rusak, barang gak sesuai ukuran. jadi banyak retur kan males. di kira pihak pembeli gak bener.",banyak seler asal jual barang barang tidak sesuai deskripsi barang rusak barang tidak sesuai ukur jadi banyak retur kan males kira pihak beli tidak bener,5,Positif,2026-05-15 05:55:59,28,25,2
"sejak pakai spx doang. paket sering hilang tidak sampai rumah ,nunggu proses pembatalannya lama .paket sering stuck di tempat sampai seminggu endingnya sama2 nyusahin penjual dan pembeli . penjual rugi ongkir . pembeli udah ngga percaya toko.",sejak pakai spx doang paket sering hilang tidak rumah nunggu proses batal lama paket sering stuck tempat minggu endingnya sama nyusahin jual beli jual rugi ongkos kirim beli tidak percaya toko,1,Negatif,2026-05-15 05:55:11,37,31,0
Pernah dapet barang 0 RP jir 😋,pernah barang rp jir,5,Positif,2026-05-15 05:45:18,7,4,0
"belanja di shopee serba murah dan Ter percaya ""Terima kasih shopee""",belanja serba murah ter percaya terima kasih,5,Positif,2026-05-15 05:38:31,11,7,0
"shoope adalah aplikasi paling top pokoknya, penjual nya juga bisa di percaya, return juga gampang,selalu ada diskon ,pokoknya paling tooooop deh",shoope paling top pokok jual percaya return gampang selalu diskon pokok paling tooooop,5,Positif,2026-05-15 05:36:49,21,13,0
untuk 2x terakhir ini Alhamdulillah baguus layananya tepat dan amanah.,akhir alhamdulillah baguus layananya tepat amanah,5,Positif,2026-05-15 05:36:45,10,6,0
"best of the best, sudah betul notifikasi bisa dihapus,malah dirubah g bisa dihapus, ini bukan kemajuan tapi kemunduran, notifikasi g bisa dihapus bisa menumpuk sampai ribuan, ini memberatkan memori Hp",best of the best betul notifikasi hapus malah rubah hapus bukan maju mundur notifikasi hapus tumpuk ribu berat memori hp,5,Positif,2026-05-15 05:34:11,30,20,0
"banyak macam barang yang dijual,respon penjual cepat,kurir kurirnya ok,kalau ada pengembalian barang juga penggantian uang nya cepat pula.pokoknha ok belanja dishopee",banyak macam barang jual respon jual cepat kurir kurir kalau kembali barang ganti uang cepat pokoknha belanja dishopee,5,Positif,2026-05-15 05:33:52,21,18,0
"tergantung kurir dan ekspedisinya, bukan aplikasi nya",gantung kurir ekspedisi bukan,5,Positif,2026-05-15 05:31:37,7,4,0
shoope makin kesini makin aneh aja.. mau cekout aja selalu di batalakn sistem.. pesanan tidak wajar.. emang gua pesen pesan yang terlarang..yay kagalah. tolong sekalian di benarkan lagi..,shoope makin kesini makin aneh mau cekout selalu batalakn sistem pesan tidak wajar memang gua sen pesan larang yay kagalah sekali benar,1,Negatif,2026-05-15 05:22:17,28,22,0
Aplikasi Geje... akun ditangguhkan tanpa sebab.. Mana buerat lg.. Jendela Video sangat mengganggu dan terlalu banyak gimmick tidak jelas. The Worst Marketplace,geje akun tangguh tanpa mana buerat lg jendela video sangat ganggu terlalu banyak gimmick tidak jelas the worst marketplace,1,Negatif,2026-05-15 05:20:52,22,19,0
saya sangat puas dengan shopee,sangat puas,5,Positif,2026-05-15 05:20:21,5,2,0
barang yang dikirim sesuai dan banyak toko yang amanah,barang kirim sesuai banyak toko amanah,5,Positif,2026-05-15 05:19:00,9,6,0
sangat membantu mencari alat bengkel,sangat bantu cari alat bengkel,5,Positif,2026-05-15 05:10:38,5,5,0
memuaskan pelanggan,muas langgan,5,Positif,2026-05-15 05:05:28,2,2,0
aku sangat puas belanja di Shope ini untuk kali ini saya ggk ada kendala ad Ama sekali responnya jg oke...mantul,sangat puas belanja kali ggk kendala ad ama sekali responnya bagus,5,Positif,2026-05-15 04:54:40,20,11,0
Blm lamapake ternyata samp4h! Algoritmanya amburadul! Sarang toko nakal dgn deskripsi yang wah namun tidak sesuai dgn produk yg diterima namun tetap dibiarkan atau mungkin sengaja dipelihara. penuh game jebakan! siram tanam selalu dikasih lawan tak seimbang berujung diarahkan utk membeli produk dgn iming² tetesan air neraka. verifikasi yg mewajibkan scan privasi wajah pd barang/live tertentu padahal akun bocah bisa saja beli pisau utk kejahatan namun dibiarkan. byk kebijakan aneh dimata saya!,belum lamapake nyata samph algoritmanya amburadul sarang toko nakal deskripsi wah tidak sesuai produk terima tetap biar mungkin sengaja pelihara penuh game jebak siram tanam selalu kasih lawan tak imbang ujung arah beli produk iming tetes air neraka verifikasi wajib scan privasi wajah barang live tentu padahal akun bocah beli pisau jahat biar byk bijak aneh mata,1,Negatif,2026-05-15 04:49:13,72,57,0
logistik Shopee sangat mengecewakan karena pesanan saya belum sempat diterima tiba-tiba langsung dikembalikan kepenjualnya karena melewati estimasi pengiriman padahal barang yang saya pesan sangat dibutuhkan dan sangat berarti... maaf untuk sementara 1 bintang dulu😡,logistik sangat kecewa pesan belum sempat terima tiba tiba langsung kembali jual lewat estimasi kirim padahal barang pesan sangat butuh sangat arti maaf bintang dulu,1,Negatif,2026-05-15 04:33:25,34,25,0
aplikasi licik... dapet 10rb kalau paket tidak sampai sesuai estimasi... gemana mau dapet.. estimasi tgl 13/14 pas tgl 14 gak nyampe juga eh besoknya estimasinya berubah jd tgl 14/15... BEGITU AJA TERUS... APLIKASI LICIK,licik rb kalau paket tidak sesuai estimasi gana mau estimasi tgl pas tgl tidak nyampe eh besok estimasi ubah jd tgl terus licik,1,Negatif,2026-05-15 04:22:15,34,23,0
aplikasi sampah,sampah,1,Negatif,2026-05-15 04:20:15,2,1,0
"shopee skr pelit nih.. ud gak ada lagi gratis ongkir minimal belanja Rp 0, n cashbacknya jg sangat sangat pelit gak ky dulu.",skr pelit ud tidak gratis ongkos kirim minimal belanja rp cashbacknya sangat sangat pelit tidak ky dulu,4,Positif,2026-05-15 04:14:37,23,17,0
ok good,good,5,Positif,2026-05-15 04:07:22,2,1,0
"kasus pengembalian barang berkahir tidak adil,padahal saya sudah memberi bukti video dan poto,tapi shoppie lebih memihak penjual ,pengembalian barang saya pikir tidak bgitu mudah seperti sebelum sebelumnya tapi ini mungkin hanya saya saja yang mengalami,saya sudah tidak nyaman berbelanja di aplikasi ini,maaf🙏🏼🙏🏼🙏🏼",kasus kembali barang berkahir tidak adil padahal beri bukti video poto shoppie lebih pihak jual kembali barang pikir tidak bgitu mudah belum mungkin alami tidak nyaman belanja maaf,3,Netral,2026-05-15 04:07:11,42,28,4
kenapa ya pihak shoope sangat mempersulit pengembalian dana saya dari bulan lalu tgl 21 sampai sekarang tidak ada kejelasan soal pengembalian dana saya.shoope malah minta bukti terus menerus sampai sekarang padahal sudah jelas itu kesalahan si penjual malah saya yang dipersulit barang juga sudab dikembalikan sudah sampai darj tanggal 27 terus kok malah dana saya tidak kembali kembali ya? tolong ditangani yang mengelola pengembalian dana saya ini ya.,pihak shoope sangat sulit kembali dana bulan lalu tgl sekarang tidak jelas soal kembali dana shoope malah minta bukti terus terus sekarang padahal jelas salah si jual malah sulit barang sudab kembali darj tanggal terus kok malah dana tidak tangan kelola kembali dana,1,Negatif,2026-05-15 04:06:10,68,43,0
mau belanja ke shope tidak bisa cod,mau belanja tidak bayar tempat,1,Negatif,2026-05-15 03:50:13,7,5,0
perbaiki data nya dah keberatan dibikin ringan aja apk nya berat bgt.,baik data dah berat bikin ringan berat banget,5,Positif,2026-05-15 03:42:45,12,8,1
sangat baik utk keperluan,sangat baik perlu,5,Positif,2026-05-15 03:22:56,4,3,0
"Pengiriman shopee sangat lambat, kecewa dengan shopee sangat lambat terlalu banyak sortir mana kerjanya lambat",kirim sangat lambat kecewa sangat lambat terlalu banyak sortir mana kerja lambat,1,Negatif,2026-05-15 03:11:05,15,12,0
top markotop hihi,top markotop hihi,5,Positif,2026-05-15 03:07:28,3,3,0
"shopee bisa ga si, gausah se agresif itu klo naro iklan di aplikasi lain, masa di apa apain engga tiba tiba pindah ke shopee, meresahkan tau ga! masalahnya ga cuma di satu apk doang, hampir di samua apk ada nih iklan shopee mana brutal bgt, kesenggol dikit langsung pindah apk heran, kadang malah ga ke pencet aja pindah sendiri",tidak si gausah se agresif kalau naro iklan masa apa apain engga tiba tiba pindah resah tau tidak masalah tidak cuma satu doang hampir samua iklan mana brutal banget senggol dikit langsung pindah heran kadang malah tidak pencet pindah sendiri,3,Netral,2026-05-15 02:56:59,59,40,0
memfalitasi kebaikan,memfalitasi baik,5,Positif,2026-05-15 02:56:35,2,2,0
"please la iklan lo tu ngeganggu bangke, apalagi pas lagi baca di w eh tiba-tiba gk ada angin gk ada ujan malah masuk ke Shopee kan ke taikk😩",please la iklan lo tu ngeganggu bangke pas baca eh tiba tiba tidak angin tidak ujan malah masuk kan taikk,1,Negatif,2026-05-15 02:49:48,28,20,0
Bagusss sangat membantu,bagusss sangat bantu,5,Positif,2026-05-15 02:43:28,3,3,0
jelek akun gak bisa cekout sama sekali. percuma sudah jadi Shopee VIP kecewa berat 💔😮‍💨 vocer promo tidak bisa digunakan👎🏻,buruk akun tidak cekout sama sekali percuma jadi vip kecewa berat vocer promo tidak guna,2,Negatif,2026-05-15 02:41:24,20,15,0
bagus ko,bagus ko,5,Positif,2026-05-15 02:40:44,2,2,0
jelek apk nya lemot keluar trus,buruk lambat keluar trus,1,Negatif,2026-05-15 02:35:33,6,4,0
"paket ku ke kirim ke alamat orang lain gimana ni oyyy,udh ku laporkan ke cs tpi gk tau di ambil dan dikirim lagi atau gimana.masalahnya ak udah bayar tu paket",paket kirim alamat orang gimana ni oyyy lapor cs tidak tau ambil kirim gimana masalah ak bayar tu paket,1,Negatif,2026-05-15 02:35:08,30,19,0
aplikasi memudahkan dalam belanja akan tetapi saat pengiriman pesanan terkadang pesanan tidak kunjung ada update terbaru dan sering kali pesanan stuck disatu titik dengan waktu yang sangat lama.,mudah belanja kirim pesan terkadang pesan tidak kunjung update baru sering kali pesan stuck satu titik waktu sangat lama,1,Negatif,2026-05-15 02:24:59,28,19,1
sangat membantu untuk belanja online,sangat bantu belanja online,5,Positif,2026-05-15 01:59:34,5,4,0
"Shopee ngebantu banget, harga murah, tokonya kebanyakan amanah,",ngebantu banget harga murah toko banyak amanah,5,Positif,2026-05-15 01:53:34,8,7,0
"Aplikasi Shopee sangat bermanfaat semoga kedepannya nanti lebih berkualitas,bnyak promosi dgn harga Rp.1 atau murah sekali dn tdk memberatkan para penggunanya 🤲🙏🙏",sangat manfaat moga depan lebih kualitas bnyak promosi harga rp murah sekali dn tdk berat guna,5,Positif,2026-05-15 01:53:05,22,16,0
aku suka degan shopee,suka degan,5,Positif,2026-05-15 01:48:55,4,2,0
aneh sama shopee pinjam.. bayar cepet SALAH kena pringatan..kan mumpung lg ada uang.. nanti telat bayar Di Telponin setiap hari.. kena pringatan lagi.. bayar hutang ko di persulit.. heran.. benerin lagi dah.,aneh sama pinjam bayar cepat salah kena pringatan kan mumpung lg uang telat bayar telponin hari kena pringatan bayar hutang ko sulit heran benerin dah,1,Negatif,2026-05-15 01:47:44,32,25,0
kalo bisa tambahin fitur bayar lewat Dana👍🏻,kalau tambahin fitur bayar lewat dana,1,Negatif,2026-05-15 01:40:22,7,6,0
kenapa akun saya tidak bisa berbelanja COD kenapa kalau setiap sudah di update malah makin buruk mohon perbaiki lebih baik lagi🙏🏻,akun tidak belanja bayar tempat kalau update malah makin buruk mohon baik lebih baik,3,Netral,2026-05-15 01:25:12,21,14,0
sangat senang,sangat senang,5,Positif,2026-05-15 01:18:45,2,2,0
terbaikkk 👍,terbaikkk,5,Positif,2026-05-15 01:18:09,2,1,0
lumayan,lumayan,2,Negatif,2026-05-15 01:15:30,1,1,0
"iklan mulu di apk lain, ganggu",iklan mulu ganggu,3,Netral,2026-05-15 01:14:57,6,3,0
megirim paket lama yampe 10 hari,megirim paket lama yampe hari,1,Negatif,2026-05-15 01:10:31,6,5,0
okee good,okee good,5,Positif,2026-05-15 01:08:13,2,2,0
"gmna sih, saya ga melakukan kesalahan apa2 tiba2 perangkat di blokir, jadi gabisa login ga bisa daftar baru.. klo memang mau beku kan bekukan saja akunnya bukan perangkatnya, gasalah apa2 kok tiba2 perangkat dibekukan",gmna tidak laku salah apa tiba perangkat blokir jadi gabisa login tidak daftar baru kalau memang mau beku kan beku akun bukan perangkat gasalah apa kok tiba perangkat beku,1,Negatif,2026-05-15 00:57:55,34,29,0
sangat puas barang datang tepat waktu,sangat puas barang datang tepat waktu,5,Positif,2026-05-15 00:51:17,6,6,0
sangat kecewa dengan kinerja kurir shopee . tiap mau antar barang tidak perna menghubungi kastamer terlebih dahulu . selalu menaruh barang di depan / teras rmh. kalau barang hilang itu kan sangat merugikan kurir tersebut.,sangat kecewa kerja kurir tiap mau antar barang tidak perna hubung kastamer lebih selalu taruh barang depan teras rmh kalau barang hilang kan sangat rugi kurir sebut,2,Negatif,2026-05-15 00:35:53,35,27,0
sering sering kasih aku vocer shope food ya min🥹,sering sering kasih vocer food min,5,Positif,2026-05-15 00:30:12,9,6,0
"parah..parah.. engga bgt dah pengiriman skrng lambat . udh 5 hari barang gag sampe""?!",buruk buruk engga banget dah kirim sekarang lambat hari barang gag sampe,1,Negatif,2026-05-15 00:29:03,14,12,0
"Good, very nice 👍",good very nice,5,Positif,2026-05-15 00:24:55,4,3,0
"customer baik dan cepat respon, terima kasih ka' customer sudah membantu menyelesaikan masalah yang saya laporkan semakin profesional lagi yah",customer baik cepat respon terima kasih ka customer bantu selesai masalah lapor makin profesional,5,Positif,2026-05-15 00:21:34,20,14,0
lebih gampang pesan,lebih gampang pesan,5,Positif,2026-05-15 00:16:59,3,3,0
"tolong promonya di kurangi aja yaa, apalagi tengah malam soalnya teman saya sibuk dan berisik bgt kalo ada promo tanggal sama dan hari besar, saya stress",promonya kurang yaa tengah malam soal teman sibuk berisik banget kalau promo tanggal sama hari besar stress,5,Positif,2026-05-15 00:14:40,26,17,0
memudahkan kan dalam berbelanja,mudah kan belanja,5,Positif,2026-05-15 00:13:21,4,3,0
"belum nemu hal yang tidak mengenakan, sejauh ini saya gunakan Shopee sangat puas, jika ada kesalahan antar berarti anda minim literasi, atau jika barang nya yang datang tidak sesuai padahal harga asli nya mahal tapi di jual murah itu karena anda tidak berfikir lebih lanjut, bijak bijak lah saat menggunakan suatu aplikasi",belum nemu tidak kena jauh guna sangat puas salah antar arti minim literasi barang datang tidak sesuai padahal harga asli mahal jual murah tidak berfikir lebih lanjut bijak bijak guna suatu,5,Positif,2026-05-15 00:13:18,52,31,0
"Belanja di shopee memuaskan ,silahkan pilih toko dan review dari pembeli untuk mendapatkan barang yang sesuai pesanan..",belanja muas silah pilih toko review beli dapat barang sesuai pesan,5,Positif,2026-05-15 00:03:53,17,11,0
"Gue sengaja kasih bintang 5biar biar di notice developer. Ini apk knpa semakin di update semakin banyak bug! Yang paling sering tentang tanggal estimasi yang lama bgtt berubah. Kaya paket gue hari ini, tetep stuck di 13mei! padahal hari ini tanggal 14 Mei! ini udh kesekian kalinya! Update doang gede, bug banyak! Hadehh. tolong dongg di perbaiki lagi. Soalnya gue dari dulu pake Shoppe gapernah pake lapak laen! Thanks.",gue sengaja kasih bintang biar biar notice developer knpa makin update makin banyak bug paling sering tanggal estimasi lama bgtt ubah kaya paket gue hari tetep stuck mei padahal hari tanggal mei sekian kali update doang gede bug banyak hadehh dongg baik soal gue dulu pake gapernah pake lapak laen thanks,5,Positif,2026-05-14 23:56:38,69,51,0
l ga ih,tidak ih,5,Positif,2026-05-14 23:54:25,3,2,0
"Turunin jadi bintang satu, makin kesini makin lelet, pesanan dalam proses pengantaran tapi udah dua hari berturut-turut gak sampai-sampai, kalau hari pertama tertunda ya hari berikutnya di prioritaskan lah buat dikirim duluan pesanannya, klo ditumpuk sama pesanan baru yg lainnya kapan sampenya itu pesenan yg hari sebelumnya ditunda",turunin jadi bintang satu makin kesini makin lambat pesan proses antar hari turut turut tidak kalau hari pertama tunda hari ikut prioritas buat kirim duluan pesan kalau tumpuk sama pesan baru lain kapan sampenya sen hari belum tunda,1,Negatif,2026-05-14 23:49:58,48,38,0
jujur makin hancur barang cod saya sUdha seminggu GK di kirim2 di hub depok dan aplikasi muter2 tolong dong niat kaga si ni jualan mentang2 cod di buat mainan kasian yg penjual di sangka saya cuma main2 kalau emang gak niat mending tutup aja sektor hub depok sudah ke tiga kali ya,jujur makin hancur barang bayar tempat sudha minggu tidak kirim hub depok muter niat kaga si ni jual mentang bayar tempat buat main kasi jual sangka cuma main kalau memang tidak niat mending tutup sektor hub depok tiga kali,1,Negatif,2026-05-14 23:45:10,52,39,0
pengiriman selalu lebih dari waktu yg sudah diestimasikan. Teruss iklan shopee ada di mana-manaaa ganggu banget,kirim selalu lebih waktu estimasi teruss iklan mana manaaa ganggu banget,1,Negatif,2026-05-14 23:44:23,16,11,0
"apk yg sering digunain banyak iklan,pdhal udh download,redup aja ajg hama²",sering digunain banyak iklan pdhal download redup ajg hama,1,Negatif,2026-05-14 23:42:35,11,9,0
apk ny bagus,ny bagus,5,Positif,2026-05-14 23:37:12,3,2,0
bagus banget brang cpet sampai nggk kyk toko sebelah byak penipuan dan scam L****da,bagus banget brang cepat nggk kyk toko belah byak tipu scam da,5,Positif,2026-05-14 23:36:19,14,12,0
Shopee memang bikin happy dan simple shopping.,memang bikin happy simple shopping,5,Positif,2026-05-14 23:34:29,7,5,0
Shopee yg trbaik,trbaik,5,Positif,2026-05-14 23:27:31,3,1,0
"penjual, pengiriman y sangat LAMBAT beda dengan TOKOPEDIA satsettt.. tolong berbenah",jual kirim sangat lambat beda tokopedia satsettt benah,2,Negatif,2026-05-14 23:22:43,11,8,0
"sekarang shopee cuman bisa 1 hari, dulu bisa sampai 3 hari, sekarang susah kalau lagi ga dirumah atau lagi di luar kota ga bisa lagi nunggu paketnya langsung diretrun sama kurir..",sekarang cuman hari dulu hari sekarang susah kalau tidak rumah luar kota tidak nunggu paket langsung diretrun sama kurir,2,Negatif,2026-05-14 23:15:49,31,19,0
"apk nya bagus sih,tmpat blanja online bagus.tapi sayang,kecewa karna belum pernah ngasih spinjam atau paylater pelit",bagus tmpat blanja online bagus sayang kecewa belum pernah ngasih spinjam paylater pelit,1,Negatif,2026-05-14 23:06:55,16,13,0
iklan g jelas sumpah,iklan jelas sumpah,1,Negatif,2026-05-14 23:04:36,4,3,0
saya baru saja kena tipu di Shopee ada yang suru saya kirim 500 ribu katanya akun saya akan di blokir klo ga kirim 500 ribu setelah saya kirim langsung di matiin telpon nya dan uang saya yang di Shopeepay raip totalnya 578.000,baru kena tipu suru kirim ribu kata akun blokir kalau tidak kirim ribu kirim langsung matiin telpon uang shopeepay raip total,1,Negatif,2026-05-14 23:04:13,42,21,0
makin susah buat log in nyaa di bikin bingung,makin susah buat log in nyaa bikin bingung,1,Negatif,2026-05-14 23:01:57,9,8,0
bisa dipercaya,percaya,5,Positif,2026-05-14 22:58:57,2,1,0
aneh saya mau ubah alamat malah selalu yg muncul ubah profil terus terusan gimana si ah sampe uninstal lagi,aneh mau ubah alamat malah selalu muncul ubah profil terus terus gimana si ah sampe uninstal,1,Negatif,2026-05-14 22:57:31,19,16,0
"tempat shopping terbaik,",tempat shopping baik,5,Positif,2026-05-14 22:53:16,3,3,0
shoppe sangat memudahkan kita berbelanja tanpa harus keluar rumah. mudahan makin jaya dan makin banyak diskon,sangat mudah belanja tanpa keluar rumah mudah makin jaya makin banyak diskon,5,Positif,2026-05-14 22:47:54,16,12,0
Yes sip,yes sip,5,Positif,2026-05-14 22:44:37,2,2,0
Minimal iklan GK berceceran kemana mana lah,minimal iklan tidak cecer mana,1,Negatif,2026-05-14 22:44:26,7,5,0
jasa kirim buruk barang kadang hilang saat pengiriman. penyok lah masih banyak kekuranga,jasa kirim buruk barang kadang hilang kirim penyok banyak kekuranga,1,Negatif,2026-05-14 22:43:27,13,10,0
sudah hampir 10 tahun pakai shope,hampir tahun pakai,5,Positif,2026-05-14 22:43:25,6,3,0
hasil pengembalian barang tidak adil selalu di tolak....padahal barang yg kita beli datangnya tidak sesuai....,hasil kembali barang tidak adil selalu tolak padahal barang beli datang tidak sesuai,1,Negatif,2026-05-14 22:37:00,15,13,0
baguss banget,baguss banget,5,Positif,2026-05-14 22:33:43,2,2,0
Tolong segera di tindaklanjuti secepatnya. beri peringatan buat para penjual. kalok pasang iklan jagan buatan Ai. banyak pembeli yg merasa di rugikan.,segera tindaklanjuti cepat beri ingat buat jual kalok pasang iklan jagan buat ai banyak beli rasa rugi,5,Positif,2026-05-14 22:31:38,22,17,0
muantap,muantap,5,Positif,2026-05-14 22:27:22,1,1,0
"Sekarang saya kasih bintang 1. BALIKIN kebijakan jasa kirim seperti dulu. Pembeli bisa milih jasa kirim sendiri. Aturan reguler, hemat, kargo, dll itu ga enak ga nyaman MAHAL tau. Jadi males pake shopee. BALIKIN LAGI SEPERTI DULU!!!!!!!!!!!!!!!!!!",sekarang kasih bintang balikin bijak jasa kirim dulu beli milih jasa kirim sendiri atur reguler hemat kargo tidak enak tidak nyaman mahal tau jadi males pake balikin dulu,5,Positif,2026-05-14 22:18:08,37,28,0
ramah banget kurirnya,ramah banget kurir,5,Positif,2026-05-14 22:18:05,3,3,0
AQ beri bintang 5 karna puas KLO blnja dishopee,beri bintang puas kalau blnja dishopee,5,Positif,2026-05-14 22:17:40,9,6,0
kk mf mau tanya kok aplikasi Shopee saya gk bisa cod ya pembayaran.. knp ya,kk mf mau tanya kok tidak bayar tempat bayar knp,1,Negatif,2026-05-14 22:15:48,15,10,0
puass,puass,5,Positif,2026-05-14 22:11:18,1,1,0
buset ngrim nya udah kaya keong seminggu blm nyampe nyampe,buset ngrim kaya keong minggu belum nyampe nyampe,5,Positif,2026-05-14 22:10:39,10,8,0
saya sangat puas belanja di sopi,sangat puas belanja sopi,5,Positif,2026-05-14 22:09:32,6,4,0
kurir suka menunda2 pengantaran,kurir suka tunda antar,1,Negatif,2026-05-14 22:08:50,4,4,0
habis di update kenapa shopee ku srg keluar sendiri? baru liat2 produk bentar tiba2 keluar dari aplikasinya.,habis update srg keluar sendiri baru liat produk bentar tiba keluar aplikasi,3,Netral,2026-05-14 22:08:43,17,12,0
"shoppe kek bbi skrg, lg buka pencarian barang yg lain tiba tiba pindah ke toko lain, repootttttt lama lama kudeleet",kek bbi sekarang lg buka cari barang tiba tiba pindah toko repootttttt lama lama kudeleet,1,Negatif,2026-05-14 22:07:18,20,15,1
"yg bener cuy kalau bikin apps 1. pertama banyak shopeefood yg jual makanan sisa , ayolah diperketat 2. saya punya akun, ni hpnya no hp saya dari pertama beli, wa nya ada , tapi login gapernah bisa karena email udh diubah sama hacker, saya udh chat cs malah gitu gitu ae 3. paylater sudah lunas tapi tagihan ditumpuk sama yg baru seolah yg lama belum dibayar, aneh bgt Cok yg bener lah kalau bikin sistem, disaat banyak org nipu , ini ada org bener malah ga diperhatikan, jangan dzalim lah",bener cuy kalau bikin apps pertama banyak shopeefood jual makan sisa ayo ketat punya akun ni hpnya no hp pertama beli wa login gapernah email ubah sama hacker chat cs malah gitu gitu ae paylater lunas tagih tumpuk sama baru lama belum bayar aneh banget cok bener kalau bikin sistem saat banyak org nipu org bener malah tidak perhati jangan dzalim,1,Negatif,2026-05-14 22:07:06,90,61,0
"pengantaran Spx express sampah. di tungguin hampir 1 minggu gak sampai2. hubungi CS juga gak ada efek apa2. hapus saja itu Spx express dari pilihan pengantaran pesanan. aplikasinya sih bagus, tapi sayang spx express gak layak di pertahankan",antar spx express sampah tungguin hampir minggu tidak hubung cs tidak efek apa hapus spx express pilih antar pesan aplikasi bagus sayang spx express tidak layak tahan,1,Negatif,2026-05-14 22:06:14,38,27,0
"Sangat puas,terima kasih Shopee 😘",sangat puas terima kasih,5,Positif,2026-05-14 22:03:03,5,4,0
ok bisa dipercaya dan real barang sesuai amanah,percaya real barang sesuai amanah,5,Positif,2026-05-14 22:02:52,8,5,0
"LEMOT,CHATINGAN HILANG,DAN RUMIT",lambat chatingan hilang rumit,1,Negatif,2026-05-14 22:00:41,3,4,0
tepat waktu hny ada beberapa yg hrs diperbaiki mslh pengiriman barang yg tdk sesuai dgn diskripsi nya,tepat waktu hny beberapa baik mslh kirim barang tdk sesuai skripsi,5,Positif,2026-05-14 21:56:27,17,11,0
"terimakasih shopee selalu ngasih diskon dengan harga murah, belanja online termurah dengan diskon""nya, terbaik 🧡",terimakasih selalu ngasih diskon harga murah belanja online murah diskon baik,5,Positif,2026-05-14 21:51:33,15,11,0
"seperti belanja di supermarket,karna semua yang kita inginkan ada, apa aja..",belanja supermarket semua ingin apa,5,Positif,2026-05-14 21:51:10,11,5,0
ni shopeefood gk bisa gtu atur daftar orderan kita ga bisa diliat klo blom trima orderan ? soal nya ada driver nakal yang sengaja ga nrima tpi screenshot daftar orderan saya sma jumblah uangnya untuk kepentingan pribadi tolong ya dibenerin se enggaknya driver g bisa liat daftar orderan kita plus jumblah uangnya klo blom dia ambil pesenan itu plis saya pengguna stia shopee sma shopeefod tolong dibenerin privasi soalnya,ni shopeefood tidak gtu atur daftar order tidak liat kalau belum trima order soal driver nakal sengaja tidak nrima screenshot daftar order sma jumblah uang penting pribadi dibenerin se enggak driver liat daftar order plus jumblah uang kalau belum ambil sen plis guna stia sma shopeefod dibenerin privasi soal,2,Negatif,2026-05-14 21:49:29,69,49,0
Aplikasi yg bagus dan mempermudah dalam mencari barang² ketika lagi mager ngemall.,bagus mudah cari barang mager ngemall,5,Positif,2026-05-14 21:45:19,12,6,0
ok sip berkat shopee segalanya jadi mudah,sip berkat segala jadi mudah,5,Positif,2026-05-14 21:44:01,7,5,0
keren mantap,keren bagus,5,Positif,2026-05-14 21:42:51,2,2,0
sangat sangat bagusssss polllll,sangat sangat bagusssss polllll,5,Positif,2026-05-14 21:42:04,4,4,0
pengalaman berbelanja terbaik ada di shopee. termurah biaya ongkirnya dan terutama melindungi hak konsumen. senantiasa berusaha memberikan layanan terbaik buat konsumen. Sukses selalu buat Shopee. 👍👍,alam belanja baik murah biaya ongkirnya utama lindung hak konsumen senantiasa usaha beri layan baik buat konsumen sukses selalu buat,5,Positif,2026-05-14 21:41:31,26,20,0
sangat kecewa pelayanan kurir shopee 2 barang saya yang sangat penting ntah di bawah ke mana dan selalu tidak menuju di tempat saya. ternyata mending saya beli sendiri di toko dari pada dari shopee ini,sangat kecewa layan kurir barang sangat penting ntah bawah mana selalu tidak tuju tempat nyata mending beli sendiri toko,1,Negatif,2026-05-14 21:40:20,35,19,0
gimana lah pengiriman bisa Sampek 1 Minggu padahal udah di tetapin tanggal segitu nyampek ini enggak gak jelas,gimana kirim sampek minggu padahal tetapin tanggal segitu nyampek tidak tidak jelas,1,Negatif,2026-05-14 21:38:20,18,12,0
Terimakasih sekarang sudah bisa kasih penilaian pada produk yg di beli.,terimakasih sekarang kasih nilai produk beli,5,Positif,2026-05-14 21:38:11,11,6,0
Kenapa kok shope ku gak bisa di buka,kok tidak buka,4,Positif,2026-05-14 21:38:10,8,3,0
"shoppe tolong dong untuk biaya admin jngan terlalu gede,, masa sampai 10-15tbu..turunin dong.. maaf bintangnya kasih 3 dulu aja",biaya admin jngan terlalu gede masa tbu turunin maaf bintang kasih dulu,3,Netral,2026-05-14 21:37:28,19,12,0
cepat dan tanggap,cepat tanggap,5,Positif,2026-05-14 21:35:16,3,2,0
"belanja dishopee sangat mudah dan memuaskan banyak ongkir,terima kasih shopee",belanja dishopee sangat mudah muas banyak ongkos kirim terima kasih,5,Positif,2026-05-14 21:34:38,10,10,0
payah nih shopee gara gara shopee ..pinjam gg bisa punya account aku ko ...jadi gg bener ..jadi susah kemana mana ini shopee tolong hapus account saya saya dah hapus aplikasinya dan mohon data saya d hapus aja jadi ribet kemana mana bikin jadi rudett,payah gara gara pinjam gg punya account ko jadi gg bener jadi susah mana hapus account dah hapus aplikasi mohon data hapus jadi ribet mana bikin jadi rudett,1,Negatif,2026-05-14 21:31:23,44,28,0
membantu belanja online,bantu belanja online,5,Positif,2026-05-14 21:29:40,3,3,0
Senang banget belanja di shopee estimasi selalu tepat waktu Maju terus Shopee 🫰,senang banget belanja estimasi selalu tepat waktu maju terus,5,Positif,2026-05-14 21:25:47,13,9,0
shoope ne mantap,shoope ne bagus,5,Positif,2026-05-14 21:24:11,3,3,0
terimakasih atas barang Bagus,terimakasih atas barang bagus,5,Positif,2026-05-14 21:23:40,4,4,0
lebih di tingkatkan lagi proses pengirimannya,lebih tingkat proses kirim,5,Positif,2026-05-14 21:23:00,6,4,0
banyak mmberi kemudahan,banyak mmberi mudah,4,Positif,2026-05-14 21:21:12,3,3,0
gak bisa cod padahal sebelumnya bisa cod dan akun saya tidak pernah bermasalah. kenapa shopee menonaktifkan cod ? apa masalahnya? jawab!!! saya perlu kepastian!!! mengecewakan sekali padahal saya tidak pernah membatalkan atau apapun yang dapat memicu menonaktifkan fitur COD. Kenapa hah jawab ?!!!! saya tidak mau tahu Jumat tanggal 15 mei 2026 harus di perbaiki. salam dari saya. 👎👎👎👎👎👎👎👎👎👎👎👎👎👎👎👎👎👎👎👎👎👎👎👎👎👎👎👎👎👎👎👎👎👎👎👎👎👎👎👎👎👎👎👎👎👎👎👎👎👎👎👎👎👎👎👎👎🙏🤗,tidak bayar tempat padahal belum bayar tempat akun tidak pernah masalah nonaktif bayar tempat apa masalah jawab perlu pasti kecewa sekali padahal tidak pernah batal apa picu nonaktif fitur bayar tempat hah jawab tidak mau tahu jumat tanggal mei baik salam,1,Negatif,2026-05-14 21:21:02,59,41,0
sangat memuaskan dengan harga yg murah,sangat muas harga murah,5,Positif,2026-05-14 21:16:29,6,4,0
cepet,cepat,5,Positif,2026-05-14 21:13:31,1,1,0
kurang memuaskan,kurang muas,1,Negatif,2026-05-14 21:13:24,2,2,0
udah bagus bnget nih tapi tolong bnget ya min kenapa paket gw always lama di dc Cileungsi muak bngett😭😭,bagus bnget bnget min paket gw always lama dc cileungsi muak bngett,4,Positif,2026-05-14 21:13:22,19,12,0
lemot,lambat,3,Netral,2026-05-14 21:12:27,1,1,0
"mau tanya KLO mau bayar PK shopee pin nya lupa no hp nya SDH ganti jg gimana msh blm kelar masalah nya karna no pin nya lupa,JD nggak bisa blnja",mau tanya kalau mau bayar pk pin lupa no hp ganti gimana msh belum kelar masalah no pin lupa jd tidak blnja,5,Positif,2026-05-14 21:11:04,30,22,0
aplikasi dajjal banyak iklan,dajjal banyak iklan,1,Negatif,2026-05-14 21:10:13,4,3,0
terima kasih shope sudah melancarkan usaha saya..,terima kasih lancar usaha,5,Positif,2026-05-14 21:08:46,7,4,0
"it's so bad, estimasi berubah mulu gw ganti rate kalau shoope udah berubah",it so bad estimasi ubah mulu gw ganti rate kalau shoope ubah,1,Negatif,2026-05-14 21:06:31,13,12,0
Saya suka dan sangat membantu,suka sangat bantu,1,Negatif,2026-05-14 21:05:43,5,3,0
"taik emang, mau rete buruk pesanan yang datangnya ga sesui gabisa, udah ulang beberapa kali ttp gabisa, emank sintink",taik memang mau rete buruk pesan datang tidak sesui gabisa ulang beberapa kali ttp gabisa emank sintink,1,Negatif,2026-05-14 21:03:24,19,17,0
"Kecewa ,Kanapa Mau ngaktipin Payllatr D Tolak Mulu ?",kecewa kanapa mau ngaktipin payllatr tolak mulu,5,Positif,2026-05-14 21:03:06,9,7,0
oke bngt,banget,1,Negatif,2026-05-14 21:01:41,2,1,0
kocakkk kenapa sih shopee pembeli sama penjual/toko harus dipisah ke seller center lagi?🙄 udah benerrr praktis di satu app aja,kocakkk beli sama jual toko pisah seller center benerrr praktis satu,3,Netral,2026-05-14 20:57:47,20,11,0
sangat baik dari segala hal,sangat baik segala,5,Positif,2026-05-14 20:57:32,5,3,0
"shopeefood apa apa mahal, ongkirnya ngga masuk akal.",shopeefood apa apa mahal ongkirnya tidak masuk akal,1,Negatif,2026-05-14 20:57:10,8,8,0
aplikasi anjeng iklannya dimana mana,anjeng iklan mana,1,Negatif,2026-05-14 20:52:28,5,3,0
"menambahkan produk baru, sangat lemot",tambah produk baru sangat lambat,2,Negatif,2026-05-14 20:51:20,5,5,0
"Cukup kecewa sama shopee, ternyata pihak shopee lepas tangan jika Customer ada kendala dan mengalami penipuan oleh seller. Tidak ada tindaklanjut hanya lipservice saja statment yg keluar. Harusnya bisa lakukan crosscheck ke pihak seller nya apakah benar hal tsb dan lakukan pembekuan akun karna hal tsb dapat merugikan customer lainnya. Pihak shopee Malah memberikan solusi di kembalikan kepada kedua belah pihak mau seperti apa, sementara seller tidak respond. Parahhhhh Shopee, kecewa banget saya.",cukup kecewa sama nyata pihak lepas tangan customer kendala alami tipu seller tidak tindaklanjut lipservice statment keluar harus laku crosscheck pihak seller benar tsb laku beku akun tsb rugi customer lain pihak malah beri solusi kembali dua belah pihak mau apa seller tidak respond parahhhhh kecewa banget,1,Negatif,2026-05-14 20:50:24,73,47,0
terimakasih shopee saya suka banget aplikasinya sangat Oky terimakasih SM2 kak KK cuman terkadang pesanan ku kurang sesuai,terimakasih suka banget aplikasi sangat oky terimakasih sama kak kk cuman terkadang pesan kurang sesuai,5,Positif,2026-05-14 20:50:06,18,15,0
Woi dev! Akun saya keluar sendiri dan balik login gak mau login. Ada apa ini?,woi dev akun keluar sendiri balik login tidak mau login apa,1,Negatif,2026-05-14 20:49:28,15,11,0
iklan pop-up lo ganggu banget,iklan pop up lo ganggu banget,1,Negatif,2026-05-14 20:47:13,5,6,0
"aplikasis yang sangat membantu,,",aplikasis sangat bantu,5,Positif,2026-05-14 20:44:14,4,3,0
bagus kali,bagus kali,5,Positif,2026-05-14 20:38:40,2,2,0
online shop terbaik no 1 di indonesia thanks shoope.,online shop baik no indonesia thanks shoope,5,Positif,2026-05-14 20:35:22,9,7,0
luar biasa shopee 👍👍👍,luar biasa,5,Positif,2026-05-14 20:33:15,4,2,0
saya suka,suka,5,Positif,2026-05-14 20:31:48,2,1,0
sejauh cukup ok tapi masih banyak oknum penjual yg tidak jujur bilang ori tapi nyatanya bukan,jauh cukup banyak oknum jual tidak jujur bilang ori nyata bukan,5,Positif,2026-05-14 20:27:50,16,11,0
"buka pertama apl langsung tayangan live, buka ke menu yang lain kadang sering ada suara tayangan live.. tolong diperbaiki",buka pertama apl langsung tayang live buka menu kadang sering suara tayang live baik,3,Netral,2026-05-14 20:27:40,19,14,0
"bisa diem engga si? ganggu, muncul terus heran",diem engga si ganggu muncul terus heran,1,Negatif,2026-05-14 20:26:50,8,7,0
membantu untuk berbelanja secara cepat,bantu belanja cepat,4,Positif,2026-05-14 20:26:47,5,3,0
sangat memudahkan untk belanja dari rumah,sangat mudah untk belanja rumah,5,Positif,2026-05-14 20:26:19,6,5,0
"belanja di sophee si asik,cuma kurir spx di Gayo Lues ni pemalas dan suka membatalkan pesan orang tidak memikirkan barang penjual",belanja sophee si asik cuma kurir spx gayo lues ni malas suka batal pesan orang tidak pikir barang jual,3,Netral,2026-05-14 20:25:34,21,19,0
bagus aplikasi nyan,bagus nyan,5,Positif,2026-05-14 20:24:16,3,2,0
"sudah sekian lama pake shopee bru kali ini kecewa, barang yg d pesan tdak sesuai yg datang, serupa tp tk sama, blom lagi klaim pngembalian rumit, harus kluar biaya 2x lipat, jdi jika dihitung² mnding iklaskan, walaupun barangx tdk sesuai, tp dicelah inilah para penipu panen raya",sekian lama pake bru kali kecewa barang pesan tdak sesuai datang rupa tk sama belum klaim pngembalian rumit kluar biaya lipat jdi hitung mnding iklaskan walaupun barangx tdk sesuai celah ini tipu panen raya,5,Positif,2026-05-14 20:24:11,47,34,0
"hallo shopee Indonesia. mengenai kompensasi keterlambatan pengiriman pesanan yakni klaim voucher 10.000, kenapa harus pake syarat minimal belanja 120K?itukan kompensasi atas keterlambatan, kenapa malah ada syarat minimal belanja? dikira lagi promo apa ya? itukan tanggung jawab pihak shopee Indonesia, kenapa malah nyari untung dari kerugian customer atas telatnya pesanan nyampe? ga banget itu. yang sungguh² dong kalau ada itikad baik sama costumer.",hallo indonesia kena kompensasi lambat kirim pesan klaim voucher pake syarat minimal belanja itu kompensasi atas lambat malah syarat minimal belanja kira promo apa itu tanggung jawab pihak indonesia malah nyari untung rugi customer atas telat pesan nyampe tidak banget sungguh kalau itikad baik sama costumer,2,Negatif,2026-05-14 20:23:37,62,46,0
paket tidak di antar tiba-tiba return itulah hebatnya shopee memilih ekspedisi (merugikan konsumen) iklannya disemua aplikasinya paketnya cuma sampai di ekspedisi,paket tidak antar tiba tiba return hebat pilih ekspedisi rugi konsumen iklan semua aplikasi paket cuma ekspedisi,1,Negatif,2026-05-14 20:18:44,21,17,0
untuk pengiriman kurir spx usahakan ada nomer yg bisa di hubungi biar bisa konfirmasi paket ada dimana,kirim kurir spx usaha nomer hubung biar konfirmasi paket,3,Netral,2026-05-14 20:16:40,17,9,0
Terpercaya,percaya,4,Positif,2026-05-14 20:15:32,1,1,0
di pengiriman blm ada ada kontak kurir jadi susah untuk hubungi kurir nya,kirim belum kontak kurir jadi susah hubung kurir,3,Netral,2026-05-14 20:12:34,13,8,0
mantap 👍👍👍,bagus,5,Positif,2026-05-14 20:09:31,2,1,0
transaksi bagus,transaksi bagus,4,Positif,2026-05-14 20:07:49,2,2,0
sangat cocok,sangat cocok,4,Positif,2026-05-14 20:07:00,2,2,0
"Bagus aplikasi nya cuma agak berat di memo aja, tapi gak papa 😊 Thank you shopee 🌷🌷🌷🌷",bagus cuma berat memo tidak papa thank you,5,Positif,2026-05-14 20:06:29,17,8,0
"aplikasi gak ber mutu lagi bukak wattpat tiba tiba pindah ke shopee apa sih ngangu bgt, kita kalau butuh beli di shopee juga bakal ke shopee ngapain sih segala ngasih iklan langsung masuk shopee, muak bgt sumpah gak usah order di shopee aja muak bgt",tidak ber mutu bukak wattpat tiba tiba pindah apa ngangu banget kalau butuh beli bakal ngapain segala ngasih iklan langsung masuk muak banget sumpah tidak usah order muak banget,1,Negatif,2026-05-14 20:03:16,45,29,0
"aplikasi ga jelas, masa paket gue ketahanan DC 1 Minggu tiba-tiba dibalikin lagi ke sellernya, beli lagi paket yang sama 2 hari 2 malam statusnya masih pesanan akan diantar kurir. najis ga amanah bgt.",tidak jelas masa paket gue tahan dc minggu tiba tiba dibalikin sellernya beli paket sama hari malam status pesan antar kurir najis tidak amanah banget,1,Negatif,2026-05-14 20:02:17,34,25,0
"aplikasi shopee nya bagus, tpi sungguh sangat disayangi, kurir spx nya, ga mau antar pket sampai tujuan, ini di wilayah saya.",bagus sungguh sangat sayang kurir spx tidak mau antar pket tuju wilayah,5,Positif,2026-05-14 20:00:21,21,12,0
Alhamdulillah,alhamdulillah,5,Positif,2026-05-14 19:59:29,1,1,0
"pengalaman belanja yang memuaskan, ya di shopee.",alam belanja muas,5,Positif,2026-05-14 19:59:05,7,3,0
Alhamdulillah semakin baik,alhamdulillah makin baik,5,Positif,2026-05-14 19:57:23,3,3,0
penanganan CS kok lama kali. pengatifan akun saya gimana ini. klo gini caranya saldo saya hangus dong,tangan cs kok lama kali katifan akun gimana kalau gin cara saldo hangus,2,Negatif,2026-05-14 19:55:30,17,13,0
(fixed) bug di tab pesanan perlu diproses/telah diproses tolong diperbaiki,fixed bug tab pesan perlu proses proses baik,4,Positif,2026-05-14 19:52:01,10,8,0
update apk malah force close,update malah force close,1,Negatif,2026-05-14 19:51:45,5,4,0
belanja makin mudah,belanja makin mudah,5,Positif,2026-05-14 19:49:34,3,3,0
"expedisi ninja di aplikasi shopee soplak gak waras apalagi wilayah jepara, gak waras tutup aja ninja nya hapus dr shopee",expedisi ninja soplak tidak waras wilayah jepara tidak waras tutup ninja hapus dr,5,Positif,2026-05-14 19:48:45,20,13,0
awas hati2..toko orange lagi GK baik2 saja.. banyak modus penipuan..hp.rongsok aja di jual..seller GK amanah..team shopee nya juga bela'in seller..karena takut rugi biaya penanganan nya. kapok hati2..return pu. di persulit beda dengan aplikasi tiktok si orange mah return juga ribet. apalagi pengembalian dana,awas hati toko orange tidak baik banyak modus tipu hp rongsok jual seller tidak amanah team bela in seller takut rugi biaya tangan kapok hati return pu sulit beda tiktok si orange mah return ribet kembali dana,1,Negatif,2026-05-14 19:46:43,43,37,0
aplikasinya banyak hackernya,aplikasi banyak hackernya,1,Negatif,2026-05-14 19:44:34,3,3,0
"Shopee Indonesia,tempat belaja yang aman.",indonesia tempat baja aman,5,Positif,2026-05-14 19:44:32,5,4,0
gak bisa cod,tidak bayar tempat,2,Negatif,2026-05-14 19:44:19,3,3,0
apk yang bagus buat belanja banyak diskon dan gratis ongkir,bagus buat belanja banyak diskon gratis ongkos kirim,5,Positif,2026-05-14 19:43:48,10,8,0
okok,okok,5,Positif,2026-05-14 19:42:12,1,1,0
"membantu untung belanja,",bantu untung belanja,5,Positif,2026-05-14 19:42:06,3,3,0
buat belanja makin enak!!!,buat belanja makin enak,5,Positif,2026-05-14 19:41:22,4,4,0
aku tim mageran keman mana males aplikasi ini membantu banget buat kita yang gak suka belanja di luar,tim mageran keman mana males bantu banget buat tidak suka belanja luar,5,Positif,2026-05-14 19:39:21,18,12,0
"aplikasi ini sangat penting untuk didownload bagus gak ada iklan, pemakaian data sedikit, semoga semua memberikan nilai 5 💫⭐",sangat penting didownload bagus tidak iklan pakai data sedikit moga semua beri nilai,5,Positif,2026-05-14 19:39:12,19,13,0
aplikasi INI sanagatt membantu,sanagatt bantu,5,Positif,2026-05-14 19:38:10,4,2,0
bagus banget cuma lebih di pantau lagi ya sama penipuan barang palsu,bagus banget cuma lebih pantau sama tipu barang palsu,5,Positif,2026-05-14 19:38:04,12,9,0
bagus banget selama saya pesen di sini ga pernah di tipu dan bebrapa brang gada yg rusak good,bagus banget lama sen sini tidak pernah tipu bebrapa brang gada rusak good,5,Positif,2026-05-14 19:37:47,18,13,0
lebih murah,lebih murah,5,Positif,2026-05-14 19:37:34,2,2,0
min mohon maap min kalo pesanan kalo bisa paling lambat 7hari gitu min soalnya paket gua datang belasan hari mulu kemaren ampek 18hr🙏,min mohon maap min kalau pesan kalau paling lambat hari gitu min soal paket gua datang bas hari mulu kemaren ampek hr,5,Positif,2026-05-14 19:31:45,23,22,0
dengan adanya aplikasi ini cukup membantu untuk yg males pergi keluar untuk beli sesuatu. tapi kadang suka lemot / diley ga tau kenapa,ada cukup bantu males pergi keluar beli kadang suka lambat diley tidak tau,5,Positif,2026-05-14 19:30:57,23,13,0
aplikasi paling jempol,paling jempol,5,Positif,2026-05-14 19:24:40,3,2,0
"Shopee aplikasi yg sangat bagus,tp kenapa paylatter saya tidak bisa pake terus sudah bertahun2,limit nya di beku kan terus hanya karena saya salah satu kali telat bayar,,",sangat bagus paylatter tidak pake terus tahun limit beku kan terus salah satu kali telat bayar,3,Netral,2026-05-14 19:24:11,27,16,0
"Saya suka pakai shopee. Tapi sangat kecewa dengan garansi tepat waktu. Kompensasi voucher hanya 10rb dengan minimal belanja lebih dari 100rb. Sangat tidak sepadan antara kerugian dan kompensasi yang diberikan. Sudah hubungi customers service, mereka hanya bisa ikut ketentuan manajemen. Sangat mengecewakan.",suka pakai sangat kecewa garansi tepat waktu kompensasi voucher rb minimal belanja lebih rb sangat tidak padan rugi kompensasi beri hubung customers service ikut tentu manajemen sangat kecewa,1,Negatif,2026-05-14 19:23:11,42,28,0
good luck and love you,good luck and love you,5,Positif,2026-05-14 19:18:07,5,5,0
sekarang jadi lahan cuan karna bisa dapet dari affiliate shopee juga,sekarang jadi lahan cuan affiliate,5,Positif,2026-05-14 19:16:36,11,5,0
aplikasi ini membantu kita membeli produk yang misalnya tidak ada di daerah kita,bantu beli produk misal tidak daerah,5,Positif,2026-05-14 19:16:00,13,6,0
puas belanja di shopee,puas belanja,5,Positif,2026-05-14 19:15:55,4,2,0
belanja online di shopee memuaskan.simpel.peraktis .. tinggal pilih pesan tunggu datang pesanan Nya 👍👍👍👍👍,belanja online muas simpel peraktis tinggal pilih pesan tunggu datang pesan,5,Positif,2026-05-14 19:14:54,14,11,0
mantep banget,mantep banget,5,Positif,2026-05-14 19:14:24,2,2,0
apk blnja terbaik,blnja baik,5,Positif,2026-05-14 19:13:32,3,2,0
"senang berbelanja di shopee dapet gratis ongkir terus,,harga relatif murah dari apk lainnya",senang belanja gratis ongkos kirim terus harga relatif murah lain,5,Positif,2026-05-14 19:12:25,13,10,0
bagus 🥰 blnja d SNI GK pernah kecewa,bagus blnja sni tidak pernah kecewa,5,Positif,2026-05-14 19:12:16,8,6,0
selalu dpt brg sesuai pesanan,selalu barang sesuai pesan,5,Positif,2026-05-14 19:11:34,5,4,0
selama aku beli di apk shopee ini barang barang nya selalu bagus dan sesuai gambarr,lama beli barang barang selalu bagus sesuai gambarr,5,Positif,2026-05-14 19:10:06,15,8,0
di Shopee belanja amanah banget. gak kecewa pokoknya. saya puas bangettt. sampai sekarang gak ada yang lain.,belanja amanah banget tidak kecewa pokok puas bangettt sekarang tidak,5,Positif,2026-05-14 19:09:10,17,10,0
makasih shopee,terima kasih,5,Positif,2026-05-14 19:09:04,2,2,0
terus kembang kan,terus kembang kan,5,Positif,2026-05-14 19:08:39,3,3,0
feruduk yah amanah dan terpercaya m,feruduk amanah percaya,5,Positif,2026-05-14 19:08:11,6,3,0
Harga nya bersaing,harga saing,4,Positif,2026-05-14 19:07:17,3,2,0
mantap...,bagus,5,Positif,2026-05-14 19:06:48,1,1,0
"Dari saya pesan dari dulu banyak yg amanah tapi ada sedikit yg menipu,untuk shopee arasi toko² yg tidak amanah biar kami semua pengguna shopee tidak kecewa terimakasih",pesan dulu banyak amanah sedikit tipu aras toko tidak amanah biar semua guna tidak kecewa terimakasih,4,Positif,2026-05-14 19:04:36,27,16,0
"ga guna lo tim iklan, bisa sampai berapa tombol silang baru bisa keluar dari iklan. Wajar aja sih game dave pasti mau uang, anggap saja rela dan ikhlas",tidak lo tim iklan berapa tombol silang baru keluar iklan wajar game dave mau uang anggap rela ikhlas,3,Netral,2026-05-14 19:01:38,28,18,0
Pengalaman yg sgt luar biasa..harga jual beli di shoopie..pko nya top lah..,alam sgt luar biasa harga jual beli shoopie pko top,4,Positif,2026-05-14 19:00:53,12,10,0
kena penipuan di spinjam tetapi dari pihak shopee tidak ada tindaakan yang hasilnya merugikan bagi konsumen tanpa mengusut kasus yang di alami oleh konsumen,kena tipu spinjam pihak tidak tindaakan hasil rugi konsumen tanpa usut kasus alami konsumen,1,Negatif,2026-05-14 18:58:22,24,14,0
tidak relevan jelek pelayanan,tidak relevan buruk layan,1,Negatif,2026-05-14 18:56:58,4,4,0
uang ku di shopepay 2 juta tidak balikin dan di blokir,uang shopepay juta tidak balikin blokir,1,Negatif,2026-05-14 18:56:50,11,6,0
"pelayanan kurang baik, padahal barang sya sudah sampai di kantor spx, setelah seharian nunggu belum dikirim ke tempat saya, sorenya saya datangi mau di ambil sendiri ternyata barang sya belum bisa di ambil katanya harus tandon dulu, dan besoknya baru bisa di ambil peraturan yang aneh",layan kurang baik padahal barang sya kantor spx hari nunggu belum kirim tempat sore datang mau ambil sendiri nyata barang sya belum ambil kata tandon dulu besok baru ambil atur aneh,1,Negatif,2026-05-14 18:55:33,46,31,0
"pengantaran shoope sudah buruk kurir nya tidak tanggung jawab sama paket berhari"" paket sampai gak di antar",antar shoope buruk kurir tidak tanggung jawab sama paket hari paket tidak antar,1,Negatif,2026-05-14 18:54:03,17,13,0
"Shopee loadingnya lama, ga minta update tapi lama loading nya",loadingnya lama tidak minta update lama loading,4,Positif,2026-05-14 18:51:39,10,7,0
memang yg terbaik 🥳,memang baik,5,Positif,2026-05-14 18:50:34,4,2,0
banyak puasnya,banyak puas,5,Positif,2026-05-14 18:49:22,2,2,0
menyenangkan,senang,5,Positif,2026-05-14 18:48:34,1,1,0
shopee kalo menginstal sering lemot,kalau menginstal sering lambat,3,Netral,2026-05-14 18:47:22,5,4,0
"pelayanannya shopee baik, pelayanan kurirnya sangat baik.",layan baik layan kurir sangat baik,5,Positif,2026-05-14 18:46:17,7,6,0
sangat membantu🥰,sangat bantu,5,Positif,2026-05-14 18:46:02,2,2,0
saya sangat puas dengan aplikasi ini. karna mempermudah untuk berbelanja,sangat puas mudah belanja,5,Positif,2026-05-14 18:45:38,10,4,0
amanah...bila ada pembeli yg komplen lansung di tanggapi oleh pihak shopee,amanah bila beli komplen lansung tanggap pihak,5,Positif,2026-05-14 18:44:36,11,7,0
"ketidak konsistenan Toko, aplikasi, dan jasa kirim dengan estimasi datang yang di mundur mundurkan.",tidak konsisten toko jasa kirim estimasi datang mundur mundur,1,Negatif,2026-05-14 18:44:35,14,9,0
aplikasi yg bagus,bagus,5,Positif,2026-05-14 18:43:11,3,1,0
"aplikasi belanja paling bagus,no.1 di hati",belanja paling bagus no hati,5,Positif,2026-05-14 18:40:24,6,5,0
dimana lu taruh wishlist di shopee web ?? kenapa gaada,lu taruh wishlist web gaada,2,Negatif,2026-05-14 18:36:11,10,5,0
aplikasi ini dpt bembantu anda menemukan keinginan anda berbelanja online dilengkapi livestreaming membuat anda langsung berinteraksi dgn penjual produk,bembantu temu ingin belanja online lengkap livestreaming buat langsung interaksi jual produk,5,Positif,2026-05-14 18:35:26,19,12,0
pengiriman yg tidak baik dan sangat sangat tidak efisien. parah,kirim tidak baik sangat sangat tidak efisien buruk,1,Negatif,2026-05-14 18:34:39,10,8,0
the best,the best,5,Positif,2026-05-14 18:34:09,2,2,0
tak ada yang lebih baik dari shoopee,tak lebih baik shoopee,5,Positif,2026-05-14 18:31:29,7,4,0
sangat puas..,sangat puas,4,Positif,2026-05-14 18:31:26,2,2,0
bahan bagus. pengiriman cepat,bahan bagus kirim cepat,5,Positif,2026-05-14 18:30:47,4,4,0
cukup puasssss,cukup puasssss,5,Positif,2026-05-14 18:28:54,2,2,0
"palugada , apalu mau gw ada ,,",palugada apalu mau gw,5,Positif,2026-05-14 18:28:46,7,4,0
makin ke sini pelayanan shopee makin buruk saya kecewa....,makin sini layan makin buruk kecewa,1,Negatif,2026-05-14 18:28:42,9,6,0
sangat beda dengan toko sebelah,sangat beda toko belah,5,Positif,2026-05-14 18:27:52,5,4,0
mempermudah transaksi jual beli online,mudah transaksi jual beli online,5,Positif,2026-05-14 18:27:32,5,5,0
hapus aplikasi. spaylater dibekukan,hapus spaylater beku,1,Negatif,2026-05-14 18:25:36,4,3,18
sangat panting bagi saya,sangat panting,5,Positif,2026-05-14 18:24:32,4,2,0
amanah dan loyal,amanah loyal,5,Positif,2026-05-14 18:22:59,3,2,0
"iklan lu maksa banget buat buka shopee,ganggu banget buat kehidupan",iklan lu maksa banget buat buka ganggu banget buat hidup,1,Negatif,2026-05-14 18:21:47,10,10,0
"tqyu shopee, paketnya blum smpe jg",tqyu paket blum smpe,1,Negatif,2026-05-14 18:21:43,6,4,0
Alhamdulillah masih banyak toko yg amanah..,alhamdulillah banyak toko amanah,5,Positif,2026-05-14 18:21:37,6,4,0
sangat bermanfaat😁🙏,sangat manfaat,5,Positif,2026-05-14 18:19:42,2,2,0
kecewa!!! bbrpa bnyak toko jelek. slow respon!! hari libur tgl merah ikut libur juga? online hrusya 24jm On!! miniml bgtu hri ini ad order..sgera di kemas kurir di tugaskan!! jarang yg mau bls chat!!!?,kecewa bbrpa bnyak toko buruk slow respon hari libur tgl merah ikut libur online hrusya jm on miniml bgtu hri ad order sgera kemas kurir tugas jarang mau bls chat,2,Negatif,2026-05-14 18:19:24,34,30,0
coba dlu klo ok baru saya kasih bintang5,coba dlu kalau baru kasih bintang,4,Positif,2026-05-14 18:19:19,8,6,0
"tolong itu kurir yang main ambil paket tanpa liat alamat kena sanksi lah mentang mentang nama nya sama di kira org itu aja yang mesan kecewa sama kurir yang langsung ambil paket tanpa liat alamat,mentang beda wilayah malah ga di anter udh nunggu besok paket macet gada kejelasan",kurir main ambil paket tanpa liat alamat kena sanksi mentang mentang nama sama kira org mesan kecewa sama kurir langsung ambil paket tanpa liat alamat mentang beda wilayah malah tidak anter nunggu besok paket macet gada jelas,2,Negatif,2026-05-14 18:18:45,48,37,0
apk ini tidak pernah merespon saya padahal sya d pringkat terbaik d apk ini.untuk paylater dan spinjam tidak pernah d acc.padahal cm telat bayar bukan g bayar wktu itu.,tidak pernah merespon padahal sya pringkat baik paylater spinjam tidak pernah acc padahal cm telat bayar bukan bayar wktu,2,Negatif,2026-05-14 18:18:17,29,19,0
mantaf sekali,mantaf sekali,4,Positif,2026-05-14 18:18:01,2,2,0
sangat buruk,sangat buruk,5,Positif,2026-05-14 18:17:53,2,2,0
"suka banget belanja di shopee.. tapi kenapa, minggu2 ini shopee saya tidak bisa COD lagi....??",suka banget belanja minggu tidak bayar tempat,5,Positif,2026-05-14 18:16:44,15,7,0
Paket dikirimnya lama banget sekarang,paket kirim lama banget sekarang,1,Negatif,2026-05-14 18:15:04,5,5,0
Alhamdulillah lebih sering ketemu penjual yang amanah. pernah 2x ketemu penjual yg gak amanah,alhamdulillah lebih sering ketemu jual amanah pernah ketemu jual tidak amanah,5,Positif,2026-05-14 18:14:05,14,11,0
mntap lah shopee ini gratis ongkir setiap hari jadi nya GK nguras dompet,bagus gratis ongkos kirim hari jadi tidak nguras dompet,5,Positif,2026-05-14 18:13:21,13,9,0
Sangat puas belanja di Shopee,sangat puas belanja,5,Positif,2026-05-14 18:12:53,5,3,0
gratis ongkir,gratis ongkos kirim,5,Positif,2026-05-14 18:12:43,2,3,0
"buat yg malas pergi belanja,emang paling cocok",buat malas pergi belanja memang paling cocok,5,Positif,2026-05-14 18:12:41,7,7,0
"Shopee adalah Platform perdagangan elektronik yang terhebat, murah, profesional dan terjamin.",platform dagang elektronik hebat murah profesional jamin,5,Positif,2026-05-14 18:06:58,11,7,0
"berbelanja online sangat mudah,dengan harga terjangkau,produk yang di pesan sesuai dengan yang dipesan.",belanja online sangat mudah harga jangkau produk pesan sesuai pes,5,Positif,2026-05-14 18:05:45,13,10,0
"saya kecewa banget, peket saya di retur tampa sepengetauan saya. terimaksih",kecewa banget peket retur tampa tau terimaksih,1,Negatif,2026-05-14 18:05:29,11,7,0
"Terima kasih aplikasi shopee sudah mempermudah kami untuk berbelanja online dimana pun kami berada semoga jadi aplikasi terbaik se indonesia dan semoga aplikasi ini bisa kami gunakan dalam berbelanja online dengan murah dan gratis ongkir, bisa bayar di tempat cod.",terima kasih mudah belanja online ada moga jadi baik se indonesia moga guna belanja online murah gratis ongkos kirim bayar tempat bayar tempat,5,Positif,2026-05-14 18:04:55,40,23,0
"Shopee melakukan update untuk kompensasi keterlambatan dong... gw beli barang ditanggal kembar sampe 15 item, 4/5 barang telat, dan dapet voucher nya. seenggaknya kasih pilihan kek untuk memilih voucher atau koin berapapun itu, pasti ada orang yang sama kayak saya membeli banyak barang dan beberapa mengalami keterlambatan. voucher kurang bagus. juga saya harap di-update agar pembeli bisa menghubungi kurir seperti di Lazada, jadi bisa berkomunikasi jika membutuhkan sesuatu...",laku update kompensasi lambat gw beli barang tanggal kembar sampe item barang telat voucher enggak kasih pilih kek pilih voucher koin berapa orang sama kayak beli banyak barang beberapa alami lambat voucher kurang bagus harap update beli hubung kurir lazada jadi komunikasi butuh,5,Positif,2026-05-14 18:04:06,68,43,0
pokok nya ga belanja di shopee pasti nyesel,pokok tidak belanja nyesel,5,Positif,2026-05-14 18:03:58,8,4,0
sangat memudahkan hidup,sangat mudah hidup,5,Positif,2026-05-14 18:03:56,3,3,0
good ttp Amanah,good ttp amanah,5,Positif,2026-05-14 18:02:58,3,3,0
banyak mengalami problem dj shoope tapi semua bisa teratasi berkat bantuan dari pihak Shopee nya,banyak alami problem dj shoope semua atas berkat bantu pihak,3,Netral,2026-05-14 18:02:47,15,10,0
sistem sopiee nya gimana ini masa gk di peroses kembalian barang/dana tolong lh pihak sopiee di tegaskan lh wahay shopee ini sya batalkan pesanan saya lalu sistem sopinya lambat masa belm di kembalikan ini dana sya namanya kecewakan pembeli klo gtu tolng di peroses lh masa masi dikems sja sii belm diserakan penjulnya tolng lh tingkat kan lh shopee,sistem sopiee gimana masa tidak peroses kembali barang dana lh pihak sopiee tegas lh wahay sya batal pesan lalu sistem sopi lambat masa belm kembali dana sya nama kecewa beli kalau gtu tolng peroses lh masa mas dikems sja sii belm sera penjulnya tolng lh tingkat kan lh,4,Positif,2026-05-14 17:59:54,59,48,0
8Good online shop,good online shop,5,Positif,2026-05-14 17:59:29,3,3,0
selama menggunakan shopee selalu amanah sesuai dengan deskripsi produk,lama guna selalu amanah sesuai deskripsi produk,5,Positif,2026-05-14 17:57:52,9,7,0
bagus sesuai aturan,bagus sesuai atur,5,Positif,2026-05-14 17:57:35,3,3,0
"shopee sekarang sudah nggk jelas,dah kecew aku di buat nya,lain yang di beli lain yg datang,kak,tolong jangan mau dirusak nama shopee sama toko yang suka nipu",sekarang nggk jelas dah kecew buat beli datang kak jangan mau rusak nama sama toko suka nipu,3,Netral,2026-05-14 17:57:15,26,17,0
sya sarankan kepada shoope kalo bisa jasa kirim spx jangan di pakai lg lah soalnya saya selalu kecewa dgn pihak jasa kirim ini...harusnya pesanan sya tiba hari ini pengiriman malah di batalkan tanpa ada konfirmasih kepada saya ini bisa nunggu 2 sampai 3 hari lg pesanan saya baru di antar,sya saran shoope kalau jasa kirim spx jangan pakai lg soal selalu kecewa pihak jasa kirim harus pesan sya tiba hari kirim malah batal tanpa konfirmasih nunggu hari lg pesan baru antar,1,Negatif,2026-05-14 17:56:00,50,32,0
belanja mudh,belanja mudh,5,Positif,2026-05-14 17:52:45,2,2,0
cepat dan tepat waktu,cepat tepat waktu,5,Positif,2026-05-14 17:52:43,4,3,0
emang yang terbaik aplikasi shopee memang good,memang baik memang good,5,Positif,2026-05-14 17:51:25,7,4,0
Bagus.,bagus,5,Positif,2026-05-14 17:51:03,1,1,0
kenapa setiap membatalkan pesanan harus nunggu respon dari penjual dulu?klo begitu kan jadi merugikan konsumen.pdahal pembatalan pesanan nya belum sampai sehari,batal pesan nunggu respon jual dulu kalau kan jadi rugi konsumen pdahal batal pesan belum hari,1,Negatif,2026-05-14 17:51:03,21,16,3
shopee ini sangat bermanfaat untuk aku kalau mau beli barang2 tinggal pesan murah murah lagi,sangat manfaat kalau mau beli barang tinggal pesan murah murah,5,Positif,2026-05-14 17:46:27,15,10,0
sangat mengecewakan jadi seler kecill ngambil nya 50% dari harga barang 😑,sangat kecewa jadi seler kecill ngambil harga barang,1,Negatif,2026-05-14 17:43:10,12,8,0
perbanyak diskon buat shopee food min heheh,banyak diskon buat food min heheh,5,Positif,2026-05-14 17:41:28,7,6,0
apa tanda kiriman anda bayar untuk beli,apa tanda kirim bayar beli,1,Negatif,2026-05-14 17:41:26,7,5,0
shopee sangat bagus sangat sesuai dengan pesanan dan selalu updated dalam setiap produk terbaru barang yang di pesan selalu sesuai dengan pengiriman. menurut saya shopee sangat bagus untuk opsi belanja online saat ini. harapan saya shopee semakin berkembang dengan produk² yg lebih menarik,sangat bagus sangat sesuai pesan selalu updated produk baru barang pesan selalu sesuai kirim sangat bagus opsi belanja online harap makin kembang produk lebih tarik,1,Negatif,2026-05-14 17:39:09,43,25,0
terpercaya service bagus dan bertanggung jawab,percaya service bagus tanggung jawab,5,Positif,2026-05-14 17:38:21,6,5,0
aplikasi belanja online terbaik cuma kadang blm bisa bedain yg amanah dan tidak,belanja online baik cuma kadang belum bedain amanah tidak,5,Positif,2026-05-14 17:37:38,13,9,0
sangat puas dengan produk ini,sangat puas produk,5,Positif,2026-05-14 17:35:49,5,3,0
cukup bagus aplikasi ini,cukup bagus,5,Positif,2026-05-14 17:35:39,4,2,0
belanja online menjadi mudah,belanja online jadi mudah,5,Positif,2026-05-14 17:29:43,4,4,0
"aplikasi belanja online paling TOP. saya juga bisa berpenghasilan dari shopee afiliate. maju terus shopee, sukses bersama Shopee.",belanja online paling top hasil afiliate maju terus sukses sama,5,Positif,2026-05-14 17:29:34,18,10,0
lebih praktis dan engga perlu pergi jauh jauh cukup dari rumah saja,lebih praktis engga perlu pergi jauh jauh cukup rumah,5,Positif,2026-05-14 17:23:30,12,9,0
"saat sy Refund krn barang tdk sesuai, kurir GARCEP, langsung datang ke rmh, membawakan barang sy ke kantor, uang sy dikembalikan beberapa berikutnya. terimakasih shopee",refund barang tdk sesuai kurir garcep langsung datang rmh bawa barang kantor uang kembali beberapa ikut terimakasih,5,Positif,2026-05-14 17:23:09,25,17,0
sangat membantu ka,sangat bantu ka,5,Positif,2026-05-14 17:22:45,3,3,0
"sangat terjangkau harganya, kurir Shopie yg ramah dan cepat",sangat jangkau harga kurir shopie ramah cepat,5,Positif,2026-05-14 17:22:36,9,7,0
maaf bintang 3. karna pengiriman lambat,maaf bintang kirim lambat,3,Netral,2026-05-14 17:22:09,6,4,0
kerenn,kerenn,5,Positif,2026-05-14 17:21:50,1,1,0
"pengiriman lambat, spx nya knpa si? biasanya paket 3/4 hari nyampe ini engga, masa pesanan saya udh bebrapa hari stuck di semarang aja si ga jalan², pdhl pengiriman nya jga dari semarang, sedangkan yg lokasi pemesanannya jauh lebih dtg dulu, biasanya ga gitu, tapi akhir² ini ekspedisi shopee lambattt",kirim lambat spx knpa si biasa paket hari nyampe engga masa pesan bebrapa hari stuck semarang si tidak jalan pdhl kirim jga semarang lokasi mesan jauh lebih dtg dulu biasa tidak gitu akhir ekspedisi lambattt,3,Netral,2026-05-14 17:21:46,49,35,0
senang sekali bisa belanja di sopee,senang sekali belanja sopee,5,Positif,2026-05-14 17:20:31,6,4,0
sesuai ekspektasi sukaaa,sesuai ekspektasi sukaaa,5,Positif,2026-05-14 17:19:17,3,3,0
Shopee mantap..sayangnya sekarang terlalu banyak Biaya ADM,bagus sayang sekarang terlalu banyak biaya adm,4,Positif,2026-05-14 17:19:17,7,7,0
"oke bngt. tapi iklannya ganggu bnget.. buka aplikasi lain, muncul iklan shopee. padahl gk tekan apa².huhu",banget iklan ganggu bnget buka muncul iklan padahl tidak tekan apa huhu,4,Positif,2026-05-14 17:18:20,16,12,0
mantaf shopee.indonesia,mantaf indonesia,5,Positif,2026-05-14 17:14:51,2,2,0
"ganti aja jasa pengiriman shopee terlalu busuk,lambat, aplikasi yang bisa mengirim kan pesanan tiba 20 hari sementara jasa kirim aplikasi lain butuh 6 hari dah tiba dengan jarak yang lebih jauh,,, shopee perlu berbenah Untuk layanan pengiriman satu kata untuk spx lambat,lelet mending diganti aja itu spx expres pake jasa kirim yang lebih tangguh",ganti jasa kirim terlalu busuk lambat kirim kan pesan tiba hari jasa kirim butuh hari dah tiba jarak lebih jauh perlu benah layan kirim satu kata spx lambat lambat mending ganti spx expres pake jasa kirim lebih tangguh,1,Negatif,2026-05-14 17:13:51,54,38,0
"terimakasih ya shopee, telah mempermudah return 🤧 menghindari penipuan, untung mudah di retur 😭 co ternyata pas sampe buka paket barang kW yg di kirim akhirnya aku retur deh 😔, Alhamdulillah uang nya bisa kembali",terimakasih mudah return hindar tipu untung mudah retur co nyata pas sampe buka paket barang kw kirim akhir retur alhamdulillah uang,5,Positif,2026-05-14 17:13:20,35,21,0
kemarin beli esen gareng bagus sekarang mau coba yang arjuna siapa tau bagus juga,kemarin beli esen gareng bagus sekarang mau coba arjuna siapa tau bagus,5,Positif,2026-05-14 17:13:14,14,12,0
Karna apa apk shopee sering banget minta update ??? ada yg tau bob ??? Seminggu bisa 3-5x loh itu update,apa sering banget minta update tau bob minggu loh update,3,Netral,2026-05-14 17:13:12,20,10,15
aplikasi belanja yang sangat membantu,belanja sangat bantu,5,Positif,2026-05-14 17:12:29,5,3,0
barang bagus tepat waktu,barang bagus tepat waktu,5,Positif,2026-05-14 17:11:47,4,4,0
lumayan bagus,lumayan bagus,5,Positif,2026-05-14 17:09:50,2,2,0
"Setelah update terbaru , ongkir malah gak ditampilkan. Kurang sipp",update baru ongkos kirim malah tidak tampil kurang sipp,5,Positif,2026-05-14 17:08:55,10,9,1
bisa gak sih jgn muncul dsmua apk ganggu bngt. iklan dikit lngsung msuk udah dkluarin tpi ttp msuk dgn sendirinya spertiny apk blnja lainnya tdak senorak itu,tidak jgn muncul dsmua ganggu banget iklan dikit lngsung msuk dkluarin ttp msuk sendiri spertiny blnja lain tdak norak,1,Negatif,2026-05-14 17:07:53,27,19,0
Mantap Jos Tenan,bagus jos tenan,5,Positif,2026-05-14 17:05:59,3,3,0
luarbiasa sih untuk aplikasinya sejauh ini puas,luarbiasa aplikasi jauh puas,5,Positif,2026-05-14 17:02:09,7,4,0
"aplikasinya bagus banget tapi tolong peringatan untuk kurirnya jangan seenaknya membatalkan paket orang gak ada di chat apa apa tau""nya paket anda sudah di batalkan",aplikasi bagus banget ingat kurir jangan enak batal paket orang tidak chat apa apa tau paket batal,5,Positif,2026-05-14 17:01:24,25,17,0
aplikasi belanja nomor 1 tingkatkan pesanan COD,belanja nomor tingkat pesan bayar tempat,5,Positif,2026-05-14 17:00:34,7,6,0
"pelayanan buruk saya ajukan banding saya yang kalah saya sebagai penjual merasa di rugikan jelas""pembeli mengirim produk yang salah malah saya yang kalah saldonya kembali ke pembeli aplikasi TAIIIII",layan buruk aju banding kalah jual rasa rugi jelas beli kirim produk salah malah kalah saldo beli taiiiii,1,Negatif,2026-05-14 17:00:25,29,18,0
coba ikut jualan kalau oke lanjut,coba ikut jual kalau lanjut,5,Positif,2026-05-14 16:59:48,6,5,0
"estimasi tdk sesuai yg di jadwalkan,, lbih baik estimasi jwalnya lama dari pda cepat yg cpat akhir istimasi tdk sesuai,bikin kesel,lbih baik lama istimasinya,,klo datang jepat g bikin kesel,,kalau ragu ga beli jdi hemat, uang",estimasi tdk sesuai jadwal lebih baik estimasi jwalnya lama pda cepat cpat akhir istimasi tdk sesuai bikin kesel lebih baik lama istimasinya kalau datang jepat bikin kesel kalau ragu tidak beli jdi hemat uang,1,Negatif,2026-05-14 16:59:10,35,34,0
sngat memuaskan,sngat muas,5,Positif,2026-05-14 16:57:57,2,2,0
mantap pokonya pengirimannya walaupun kadang lama juga,bagus poko kirim walaupun kadang lama,5,Positif,2026-05-14 16:57:32,7,6,0
sangat puas belanja di shopee,sangat puas belanja,5,Positif,2026-05-14 16:50:00,5,3,0
bagus pelayanan,bagus layan,5,Positif,2026-05-14 16:49:35,2,2,0
sangat bagus aplikasinya,sangat bagus aplikasi,5,Positif,2026-05-14 16:46:38,3,3,0
Sukak bgt blnja di shoppe,sukak banget blnja,5,Positif,2026-05-14 16:45:05,5,3,0
Njayyyy,njayyyy,5,Positif,2026-05-14 16:45:02,1,1,0
tolong iklannya dikurangi ketika lagi mencari produk jadi terganggu tidak fokus jadi salah klik,iklan rang cari produk jadi ganggu tidak fokus jadi salah klik,4,Positif,2026-05-14 16:44:38,14,11,0
memudahkan untuk berbelanja,mudah belanja,5,Positif,2026-05-14 16:44:10,3,2,0
"aplikasi tidak pro seller, potongan nggak ngotak, gratis ongkir hanya alasan untuk potong dari penjualan seller",tidak pro seller potong tidak ngotak gratis ongkos kirim alas potong jual seller,1,Negatif,2026-05-14 16:43:25,16,13,32
"tolong dong saya gasengaja kepencet order dishopeefood belum ada 1 detik mau saya batalin gabisa, alhasil mau gamau saya jadi pesen, bagaimana sih pengelola pihaknya gabecus nih bintang 1 lah, saya juga kan gabisa nyalahin drivernya kasian dia juga kalau cancel nanti kena maintenance akunnya, bagaimana ini pihak shopee semakin kesini semakin sampah kelolanya",gasengaja pencet order dishopeefood belum detik mau batalin gabisa alhasil mau gamau jadi sen bagaimana kelola pihak gabecus bintang kan gabisa nyalahin drivernya kasi kalau cancel kena maintenance akun bagaimana pihak makin kesini makin sampah kelola,1,Negatif,2026-05-14 16:39:57,54,36,0
"potongan makin besar kurang ramah untuk pedagang kecil, barang sering banget gak sampe pembeli padahal sudah di kota pembeli, tapi barang tidak di antar kurir lalu balik kesaya lagi",potong makin besar kurang ramah dagang kecil barang sering banget tidak sampe beli padahal kota beli barang tidak antar kurir lalu balik saya,1,Negatif,2026-05-14 16:39:15,29,23,0
"Tolong dong di rubah sistem pencairan komisi afiliate, kenapa harus ditahan lagi satu hampir 1 bulan. Gak seperti Tiktok selesai hari ini bisa 2 hari lansung dicairkan komisinya dan lansung bisa tarik.",rubah sistem cair komisi afiliate tahan satu hampir bulan tidak tiktok selesai hari hari lansung cair komisi lansung tarik,1,Negatif,2026-05-14 16:36:27,32,19,0
mantaaap,mantaaap,5,Positif,2026-05-14 16:35:45,1,1,0
Sayangnya agak lambat aja.....mohon di perbaiki,sayang lambat mohon baik,5,Positif,2026-05-14 16:35:25,6,4,0
KURIRNYA NGGAK ADA ETIKA MAIN TUNDA2 TANPA BERITAHU,kurir tidak etika main tunda tanpa beritahu,1,Negatif,2026-05-14 16:34:57,8,7,0
aplikasi nya Mah bagus tapi ikan nya bikin pening kepala setiap iklan shopee terus pas pencet X bukan keluar dari iklan malah masuk ke shopee jadi nya malah ngulang,mah bagus ikan bikin pening kepala iklan terus pas pencet bukan keluar iklan malah masuk jadi malah ngulang,2,Negatif,2026-05-14 16:34:30,29,18,0
trimakasih shoope😍😍😍🥰,trimakasih shoope,5,Positif,2026-05-14 16:33:06,2,2,0
"saran aja, kalau mau mengirimkan paket bisa dikonfirmasi lagi ke pembeli, nggak malah di titipkan/hilang.",saran kalau mau kirim paket konfirmasi beli tidak malah titip hilang,2,Negatif,2026-05-14 16:32:10,15,11,0
apk paling sampahh,paling sampahh,1,Negatif,2026-05-14 16:26:54,3,2,0
sopi kok km gak sapa aku lg pi😭💜💜💜,sopi kok km tidak sapa lg pi,5,Positif,2026-05-14 16:23:40,8,7,0
"ahkk gak jelas ini... untuk aplikasi nya sudah bagus... tapi yang menjadi kekurangan nya di kurir nya.. gak jelas kali kurir nya dikit dikit retur malas aku... gak semua kurir sih kayak gitu... tapi kurir yang ini lah yang kubenci namanya ""ENDY SITUMORANG"" benci aku aku sama kurir kayak gini.. udahlah memaksa harus datang.. cuman gara gara aku gak bisa datang ajh paket ku udah langsung diretur apa gak marah aku... ini yah untuk pihak Shopee kurir yang bernama ENDY SITUMORANG di pecat ajah dia",ahkk tidak jelas bagus jadi kurang kurir tidak jelas kali kurir dikit dikit retur malas tidak semua kurir kayak gitu kurir benci nama endy situmorang benci sama kurir kayak gin udahlah paksa datang cuman gara gara tidak datang ajh paket langsung retur apa tidak marah pihak kurir nama endy situmorang pecat ajah,1,Negatif,2026-05-14 16:22:13,85,52,0
kenapa ada namanya balsis siiih,nama balsis siiih,4,Positif,2026-05-14 16:21:23,5,3,0
Untuk jualan untungnya lumayan ges,jual untung lumayan ges,5,Positif,2026-05-14 16:19:38,5,4,0
apknya bgus tapi tolong pengntr pesannya yg di perbaiki LG pesanan saya masa iya hampir 2minggu blm sampe2,apknya bgus pengntr pesan baik lg pesan masa hampir minggu belum sampe,5,Positif,2026-05-14 16:17:51,18,12,0
"sekarang masalah nya berubah..udh cape2 update barang.. malah tiba2 ke pencarian🤬 ,, alhasil ngulang dri awal lagi",sekarang masalah ubah cape update barang malah tiba cari alhasil ngulang awal,1,Negatif,2026-05-14 16:17:21,17,12,0
dah lah.,dah,1,Negatif,2026-05-14 16:14:00,2,1,0
"knp tiap udah di cileungsi/Bogor selalu stuck sampe berhari2,masa' iya selisih 4 hari dgn apk lain tp bisa apk lain yg duluan sampe pesanan nya,apa yg salah kalo udah di Bogor sampe stuck br hari2 gitu ..kyk pesanan saya dari tgl 10 mei di Bekasi sampe hari ini tgl 14 mei",knp tiap cileungsi bogor selalu stuck sampe hari masa selisih hari duluan sampe pesan apa salah kalau bogor sampe stuck br hari gitu kyk pesan tgl mei bekas sampe hari tgl mei,3,Netral,2026-05-14 16:13:54,51,32,0
"tolong dong no kurir nya tambahin kalo lgi status paket ny ""dalam pengiriman"" biar bisa dichat jdi tau klo mau dateng tuh",no kurir tambahin kalau lgi status paket ny kirim biar dichat jdi tau kalau mau dateng tuh,2,Negatif,2026-05-14 16:13:26,22,17,0
Shopee sekarang banyak penipuan nya... Klo di complain lebih membela penjual dari pada pembeli.... Hanya menjual gratis ongkir...,sekarang banyak tipu kalau complain lebih bela jual beli jual gratis ongkos kirim,1,Negatif,2026-05-14 16:10:23,18,13,0
belanja disini sangat puas,belanja sini sangat puas,5,Positif,2026-05-14 16:06:56,4,4,0
Udah manteb disini belanja online. semoga kedepanya makin di permudah dan makin gampang juga.,manteb sini belanja online moga depa makin mudah makin gampang,5,Positif,2026-05-14 16:06:28,14,10,0
gokil bgt apk lemot apalagi ini paket gw diputer puter gajelas ga sampe sampe,gokil banget lambat paket gw puter puter gajelas tidak sampe sampe,1,Negatif,2026-05-14 16:05:55,14,11,0
"beli makanan 5 ribu biaya layanan juga 5 ribu, mending buat ongkir gojek biaya layanan apaan segitu",beli makan ribu biaya layan ribu mending buat ongkos kirim gojek biaya layan apa segitu,1,Negatif,2026-05-14 16:04:48,17,15,0
"ini aplikasi ganggu banget,padahal saya nggak buka aplikasi ny tapi aplikasi ny keluar terus, ganggu bangett,lagi scroll² eh malah keluar shopee, nyebelin banget sih",ganggu banget padahal tidak buka ny ny keluar terus ganggu bangett scroll eh malah keluar nyebelin banget,1,Negatif,2026-05-14 16:03:32,24,17,0
the best Shopeeeeeee,the best shopeeeeeee,5,Positif,2026-05-14 16:00:43,3,3,0
"Aplikasi Terburuk sepanjang sejarah, potongan buat seller nya gak ngotak aplikasi tukang maling uang seller...",buruk panjang sejarah potong buat seller tidak ngotak tukang maling uang seller,1,Negatif,2026-05-14 16:00:23,15,12,0
"alhamdllh shopee mempermudah kita cari barang yg di butuhkan, hemat energi dan biasa😆",alhamdllh mudah cari barang butuh hemat energi biasa,5,Positif,2026-05-14 15:56:06,13,8,0
jasa e-commerce yang lumayan baik,jasa commerce lumayan baik,5,Positif,2026-05-14 15:55:42,5,4,0
pelayanan buruk & pengalaman belanja yang buruk,layan buruk alam belanja buruk,1,Negatif,2026-05-14 15:54:57,7,5,0
cocok untuk belanja,cocok belanja,5,Positif,2026-05-14 15:54:50,3,2,0
pelayanan kurang. akun di bekukan. padahal tidak pernah telat bayar tagihan. mau transfer juga ga bisa.,layan kurang akun beku padahal tidak pernah telat bayar tagih mau transfer tidak,1,Negatif,2026-05-14 15:53:30,16,13,0
"Makin kesini shopee eror mulu, mau masuk halaman sedang dlm perbaikan terus . Udh muat ulang tetep gitu",makin kesini eror mulu mau masuk halaman sedang dlm baik terus muat ulang tetep gitu,3,Netral,2026-05-14 15:52:07,18,15,0
Pengalaman belanja online yg pelayanannya bagus,alam belanja online layan bagus,5,Positif,2026-05-14 15:51:31,6,5,0
expedisi SPX sampah,expedisi spx sampah,1,Negatif,2026-05-14 15:48:46,3,3,0
"The security between buyers and sellers is very good and the payment system is also very sophisticated compared to the Mi Store 😂, terimakasih shopee Indonesia sukses terus",the security between buyers and sellers is very good and the payment system is also very sophisticated compared to the mi store terimakasih indonesia sukses terus,5,Positif,2026-05-14 15:46:19,28,26,0
"pengiriman lamaa ...+ muter"" gjelasss",kirim lamaa muter gjelasss,2,Negatif,2026-05-14 15:41:42,5,4,0
walaupun kadang ada produk di store yang KW tapi setiap ada hari guncang diskon bisa murah banget sumpah,walaupun kadang produk store kw hari guncang diskon murah banget sumpah,4,Positif,2026-05-14 15:41:05,18,11,0
𝒎𝒂𝒏𝒕𝒖𝒍𝒍𝒍...,,5,Positif,2026-05-14 15:40:50,1,0,0
bikin kecawa bgt.... pesen barang 3x g dateng,bikin kecawa banget sen barang dateng,1,Negatif,2026-05-14 15:38:54,8,6,0
"pengiriman cepat, sesuai jadwal",kirim cepat sesuai jadwal,5,Positif,2026-05-14 15:38:18,4,4,0
Belanja di Shopee banyak untungnya. Gratis ongkir dan ada voucher nya.,belanja banyak untung gratis ongkos kirim voucher,5,Positif,2026-05-14 15:36:25,11,7,0
barang lengkap dengan harga murah sampai mahal.,barang lengkap harga murah mahal,5,Positif,2026-05-14 15:36:01,7,5,0
Good dan simpel,good simpel,5,Positif,2026-05-14 15:35:56,3,2,0
aplikasi yang sangat familiar bagi para shopeer,sangat familiar shopeer,5,Positif,2026-05-14 15:34:45,7,3,0
ok mantap,bagus,5,Positif,2026-05-14 15:34:09,2,1,0
barang berkualitas,barang kualitas,5,Positif,2026-05-14 15:32:49,2,2,0
baikk,baikk,5,Positif,2026-05-14 15:31:48,1,1,0
"saran saya kalau memberi voucher garansi tepat waktu itu nominal belanja ya harus sama dengan nominal voucher, nominal voucher 10 rb minimal belanja 120 rb, kayak percuma aja ga si voucher nya",saran kalau beri voucher garansi tepat waktu nominal belanja sama nominal voucher nominal voucher rb minimal belanja rb kayak percuma tidak si voucher,5,Positif,2026-05-14 15:26:27,32,23,0
saya wanita yg fitrah nya suka belanja .jadi gak perlu ke pasar,wanita fitrah suka belanja jadi tidak perlu pasar,5,Positif,2026-05-14 15:26:05,12,8,0
good market place,good market place,5,Positif,2026-05-14 15:25:14,3,3,0
pertahankan.bila ada toko yang melanggar tuntut sesuai hukum,tahan bila toko langgar tuntut sesuai hukum,5,Positif,2026-05-14 15:23:40,8,7,0
kurir shopee tidak bertanggung jawab...,kurir tidak tanggung jawab,1,Negatif,2026-05-14 15:23:22,5,4,0
busuk,busuk,1,Negatif,2026-05-14 15:22:33,1,1,0
Alhamdulillah tidak pernah kecewa dengan shopee. Respon cepat. Emang selalu No. 1 dan semoga tetap jadi yang terbaik kapanpun Shopee👍,alhamdulillah tidak pernah kecewa respon cepat memang selalu no moga tetap jadi baik kapan,5,Positif,2026-05-14 15:18:48,20,14,0
"tidak bagus penagihan spaylater (yang saya tidak pakai sama sekali) penagihan pihak ke 3 ke kantor, spam email, serta kontak ke beberapa orang yang saya tidak ada komunikasi setelah dikonfirmasi, padahal saya tidak ada pakai spaylater saya email (beserta barang bukti percakapan dn email korban penagihan dr teman kantor saya) sebagai laporan email/wa ke ojk atas kerugian yang saya dapat. semoga diberi sanksi untuk shopee ini",tidak bagus tagih spaylater tidak pakai sama sekali tagih pihak kantor spam email kontak beberapa orang tidak komunikasi konfirmasi padahal tidak pakai spaylater email serta barang bukti cakap dn email korban tagih dr teman kantor lapor email wa ojk atas rugi moga beri sanksi,1,Negatif,2026-05-14 15:18:34,66,44,0
Andalan untuk belanja online...Mantap pokoknya,andal belanja online bagus pokok,5,Positif,2026-05-14 15:18:14,5,5,0
shoppe sangat membantu dalam belanja. dan juga sangat membantu buat paylater hhhiiii. makasih shoppe sering2 ngadain diskon voucer yah hhhiii,sangat bantu belanja sangat bantu buat paylater hhhiiii terima kasih sering ngadain diskon voucer hhhiii,5,Positif,2026-05-14 15:13:38,20,15,0
"baguslah SDH ada peningkatan dr pada yg dulu,pernah uninstal Krn dulu sering sulit kalau mau beli pulsa atau paket data,skrg instal lagi sudah lumayan lancar👍",bagus tingkat dr dulu pernah uninstal dulu sering sulit kalau mau beli pulsa paket data sekarang instal lumayan lancar,5,Positif,2026-05-14 15:13:00,25,19,0
upload foto dan vidio selalu gagal terus..,upload foto vidio selalu gagal terus,4,Positif,2026-05-14 15:11:51,7,6,0
mudah mencari barang n pengiriman mudah,mudah cari barang kirim mudah,5,Positif,2026-05-14 15:05:20,6,5,0
keistimewaan shopee skrg ini dia lebih memihak konsumen jd klo seller mengecewakan konsumen bisa langsung pengembalian barang dan uang langsung kembali. Good job shopee semoga kedepannya lebih baik lagi d ari skrg,istimewa sekarang lebih pihak konsumen jd kalau seller kecewa konsumen langsung kembali barang uang langsung good job moga depan lebih baik ari sekarang,5,Positif,2026-05-14 15:02:50,32,23,0
pokonya puas,poko puas,5,Positif,2026-05-14 15:00:15,2,2,0
mantap aja si,bagus si,5,Positif,2026-05-14 14:56:02,3,2,0
Shopee sangat baik untuk belanja online dan aman,sangat baik belanja online aman,5,Positif,2026-05-14 14:54:28,8,5,0
SukaK❤️,sukak,5,Positif,2026-05-14 14:53:30,1,1,0
iklannya ganggu,iklan ganggu,1,Negatif,2026-05-14 14:48:11,2,2,0
"saya di tipu aplikasi ini, barang yang saya beli rusak, saat saya ajukan pengembalian dan beri bukti yang kuat pengembalian di tolak",tipu barang beli rusak aju kembali beri bukti kuat kembali tolak,1,Negatif,2026-05-14 14:48:09,22,11,0
shopee bagus semoga sukses selalu,bagus moga sukses selalu,5,Positif,2026-05-14 14:47:25,5,4,0
"Shopee sekarang pengiriman nya lambat, gak kaya dulu",sekarang kirim lambat tidak kaya dulu,1,Negatif,2026-05-14 14:46:20,8,6,0
terimakasih shopee,terimakasih,5,Positif,2026-05-14 14:44:50,2,1,0
keren mudah dan cepat,keren mudah cepat,5,Positif,2026-05-14 14:43:37,4,3,0
amanah,amanah,5,Positif,2026-05-14 14:41:43,1,1,0
suka sama aplikasi shoppy ini suka bnget malah,suka sama shoppy suka bnget malah,5,Positif,2026-05-14 14:41:37,8,6,0
"puas banget belanja di shopee, sangat respon",puas banget belanja sangat respon,5,Positif,2026-05-14 14:37:45,7,5,0
"IKLAN VIDEO selalu ga sesuai dengan etalase barang yg dijual, banyak TOKO PENIPU masih tetap Tayang dengan review jelas dari para korban tidak ditindak tegas sehingga terus memakan korban. ekspedisi nya terlalu banyak transit jadi pengiriman lama....kadang jadi RAGU untuk terus belanja disini.",iklan video selalu tidak sesuai etalase barang jual banyak toko tipu tetap tayang review jelas korban tidak tindak tegas terus makan korban ekspedisi terlalu banyak transit jadi kirim lama kadang jadi ragu terus belanja sini,1,Negatif,2026-05-14 14:35:44,43,35,3
"udah sering belanja di shopee , dan hari ini belanja di shopee sangat kecewa pengiriman lambat spx ga suka , ga lagi lagi belanja di shopee kapok yang ini trakhir bye",sering belanja hari belanja sangat kecewa kirim lambat spx tidak suka tidak belanja kapok trakhir bye,5,Positif,2026-05-14 14:35:23,31,16,1
sesuai apa yg kita ingin kan,sesuai apa kan,5,Positif,2026-05-14 14:34:38,6,3,0
"promoooo nyaaaa gilaaaa,,,pokokny seneng bgt belanja di shopee",promoooo nyaaaa gilaaaa pokokny neng banget belanja,5,Positif,2026-05-14 14:34:31,8,7,0
ini aplikasi apa sih sampah banget asli tiap buka loading mulu padahal sinyal kenceng mana flash sale cuma gimik doang baru sedetik udah habis gak masuk akal mending hapus aja dari play store bikin penuh memori doang CS-nya juga bot semua gak guna diajak komplain malah muter-muter vouchernya tipu-tipu katanya gratis ongkir pas mau bayar tetep aja bayar mahal aplikasinya makin berat iklannya sampah ganggu banget beneran deh jangan diunduh nyesel sumpah mending pake sebelah lebih lancar jaya,apa sampah banget asli tiap buka loading mulu padahal sinyal kenceng mana flash sale cuma gimik doang baru detik habis tidak masuk akal mending hapus play store bikin penuh memori doang cs bot semua tidak ajak komplain malah muter muter vouchernya tipu tipu kata gratis ongkos kirim pas mau bayar tetep bayar mahal aplikasi makin berat iklan sampah ganggu banget beneran jangan unduh nyesel sumpah mending pake belah lebih lancar jaya,1,Negatif,2026-05-14 14:34:29,78,71,0
setiap belanja barang sesuai dan pengiriman tepat waktu,belanja barang sesuai kirim tepat waktu,5,Positif,2026-05-14 14:34:19,8,6,0
"apk nya udah bagus top , tp exp sama pedagangnya banyak yg gak beres bikin naek darah mulu , banyak pedagang gak amanah ngirim barang rusak atau item kurang.",bagus top exp sama dagang banyak tidak beres bikin naek darah mulu banyak dagang tidak amanah ngirim barang rusak item kurang,5,Positif,2026-05-14 14:32:13,29,21,0
sangat simple dan membantu. proses sangat mudah. klu ada pembatalan uang cepat kembali. Terima kasih sekali,sangat simple bantu proses sangat mudah klu batal uang cepat terima kasih sekali,5,Positif,2026-05-14 14:26:57,16,13,0
selalu tidak ada jaringan,selalu tidak jaring,5,Positif,2026-05-14 14:25:12,4,3,0
aplikasi shopee baguss bangett dan pengiriman nya juga cepatt,baguss bangett kirim cepatt,5,Positif,2026-05-14 14:23:22,9,4,0
video preview produk sering berbeda dengan produk asli nya dan dapat membingungkan dan menggangu pengalaman berbelanja di shopee,video preview produk sering beda produk asli bingung menggangu alam belanja,1,Negatif,2026-05-14 14:22:17,18,11,0
mempermudah belanja 👍👍,mudah belanja,5,Positif,2026-05-14 14:21:12,3,2,0
Shopie the best,shopie the best,5,Positif,2026-05-14 14:17:55,3,3,0
barang pesanan kebanyakan sesuai,barang pesan banyak sesuai,5,Positif,2026-05-14 14:16:26,4,4,0
Lebih baik kalau mau co disini jgn sampai ada retur. karena pelayanan returnya lambat,lebih baik kalau mau co sini jgn retur layan retur lambat,1,Negatif,2026-05-14 14:16:23,14,11,0
"iklan dimana"" l0l apk dngo",iklan ll dngo,1,Negatif,2026-05-14 14:16:13,5,3,0
"apk belanja terpercaya seluruh Indonesia, dilengkapi berbagai fitur untuk memudahkan pelanggan berbelanja",belanja percaya seluruh indonesia lengkap bagai fitur mudah langgan belanja,5,Positif,2026-05-14 14:15:25,12,10,0
"belanja terus di sini, semoga dapat banyak bonus",belanja terus sini moga banyak bonus,5,Positif,2026-05-14 14:12:19,8,6,0
Semoga bisnisnya lancar dan Amanah,moga bisnis lancar amanah,5,Positif,2026-05-14 14:10:48,5,4,0
pengiriman sangat jelek lama bgt padahal ada ongkirnya bukan gratis.. telat estimasi ada garansi 10.. tp estimasinya naik terus tanggalnya.. !,kirim sangat buruk lama banget padahal ongkirnya bukan gratis telat estimasi garansi estimasi naik terus tanggal,1,Negatif,2026-05-14 14:10:44,21,16,0
"Apk belanja online paling banyak peminatnya, belanja jadi lebih mudah, banyak diskon, dan ongkir murah.. maju terus Shopee Indomesia",belanja online paling banyak minat belanja jadi lebih mudah banyak diskon ongkos kirim murah maju terus indomesia,5,Positif,2026-05-14 14:08:33,19,17,0
klo beli di Shopee Apalagi bintang 5 barang yg Sampai sangat memuaskan,kalau beli bintang barang sangat muas,5,Positif,2026-05-14 14:08:04,12,6,0
"sangat memudahkan, meski kadang ada seller yg menjengkelkan",sangat mudah meski kadang seller jengkel,5,Positif,2026-05-14 14:07:54,8,6,0
"paket lambat datangnya untuk wilayah Lampung, penanganan pun lambat kecewa..",paket lambat datang wilayah lampung tangan lambat kecewa,2,Negatif,2026-05-14 14:06:12,10,8,0
Alpikasi ini tidak bagus di gunakan karena bany,alpikasi tidak bagus guna bany,1,Negatif,2026-05-14 14:05:01,8,5,0
Kerennn shopee,kerennn,5,Positif,2026-05-14 14:02:39,2,1,0
"jujur, aplikasi ini sangat membantu dalam belanja online dalam bentuk barang apapun. banyak voucher dan potongan harga yang bisa didapatkan jadi mengurangi pengeluaran biaya banyak dalam ongkir dan pembelian barang. sangat reccomended!!",jujur sangat bantu belanja online bentuk barang apa banyak voucher potong harga dapat jadi kurang keluar biaya banyak ongkos kirim beli barang sangat reccomended,5,Positif,2026-05-14 14:01:47,32,24,0
the best Pokonyaa ❤️,the best pokonyaa,5,Positif,2026-05-14 13:59:49,4,3,0
Shopee selalu mantap dan melayani dengan sangat baik. Tingkatkan terus kualitas layanannya.,selalu bagus layan sangat baik tingkat terus kualitas layan,5,Positif,2026-05-14 13:59:30,12,9,0
"Aplikasi belanja online paling nyaman dan selama ini juga selalu belanja online lewat Shopee, tapi apk ini malah nyampah ngiklan dimana-mana. Mau baca Wattpad, buka Pinterest diganggu iklan Shopee. Kayak kekurangan pelanggan aja ngiklan gak ngotak! Mending uninstall. Alhamdulillah, setelah uninstall apk ini lebih nyaman browsing atau buka apapun karena gak ada iklan sampah yg mengganggu. Toh belanja online gak harus di Shopee. Bikin kebijakan mengganggu banget.",belanja online paling nyaman lama selalu belanja online lewat malah nyampah ngiklan mana mau baca wattpad buka pinterest ganggu iklan kayak kurang langgan ngiklan tidak ngotak mending uninstall alhamdulillah uninstall lebih nyaman browsing buka apa tidak iklan sampah ganggu belanja online tidak bikin bijak ganggu banget,1,Negatif,2026-05-14 13:58:04,67,46,1
shopee food najis bgt biaya tambah nya gede,food najis banget biaya tambah gede,1,Negatif,2026-05-14 13:55:49,8,6,0
pengiriman sangatt lama,kirim sangatt lama,5,Positif,2026-05-14 13:54:31,3,3,0
belanja di shopee lbj banyak puasnya,belanja lbj banyak puas,5,Positif,2026-05-14 13:54:27,6,4,0
"peta di shopee food tidak muncul, padahal driver sudah dalam perjalanan",peta food tidak muncul padahal driver jalan,1,Negatif,2026-05-14 13:54:04,11,7,0
huuu,huuu,5,Positif,2026-05-14 13:53:56,1,1,0
aku suka banget soalnya ngemudahin aku buat nemuin barang yang aku butuhin dan lebih terjangkau,suka banget soal ngemudahin buat nemuin barang butuhin lebih jangkau,5,Positif,2026-05-14 13:50:22,15,10,0
sangat baguss sekali,sangat baguss sekali,5,Positif,2026-05-14 13:48:05,3,3,0
senang belanja disini,senang belanja sini,5,Positif,2026-05-14 13:48:01,3,3,0
Skrg beban biaya parkir pun di bebankan ke pembeli..niat hemat malah sama aja kaya belanja offline..klo butuh apa² mending skrg pake ALFAGIFT atau KLIK INDOMARET aja..biaya antar gratis dan tidak di pungut parkir 🙏 bye bye Shopee,sekarang beban biaya parkir beban beli niat hemat malah sama kaya belanja offline kalau butuh apa mending sekarang pake alfagift klik indomaret biaya antar gratis tidak pungut parkir bye bye,1,Negatif,2026-05-14 13:46:32,37,30,0
mantap sangat membantu,bagus sangat bantu,5,Positif,2026-05-14 13:46:09,3,3,0
ok baik....,baik,5,Positif,2026-05-14 13:42:42,2,1,0
ok bagus,bagus,5,Positif,2026-05-14 13:41:59,2,1,0
sy psn BRG dishoope g bisa dipke Uda 5bln,psn barang dishoope dipke uda bln,2,Negatif,2026-05-14 13:40:37,9,6,0
cukup puas walaupun kadang beda yang di pesan sama yang di kirim,cukup puas walaupun kadang beda pesan sama kirim,5,Positif,2026-05-14 13:36:15,12,8,0
makin kesini2 ko sering minta apdet ya,makin kesini ko sering minta apdet,5,Positif,2026-05-14 13:33:54,7,6,0
iklannya ganggu banget,iklan ganggu banget,5,Positif,2026-05-14 13:33:21,3,3,0
ingin mengenal sopi lebih baik,kenal sopi lebih baik,5,Positif,2026-05-14 13:32:36,5,4,0
bagus dan cepet sampai paketnya,bagus cepat paket,5,Positif,2026-05-14 13:31:13,5,3,0
pengiriman spx lama,kirim spx lama,3,Netral,2026-05-14 13:30:27,3,3,0
"Sangat-sangat kecewa bgt ,Jelek bgt dalam pelayanan, masa TF duit suruh nunggu 1x24 jam . sedangkan si duit saldo udah terpotong.gmna itu. Minta pertanggung jawaban lah . pokonya saldo saya harus balik ke aku shoppepay kmbli. Capek aja harus tunggu .kejadian kmren .ditunggu itekad baikknya",sangat sangat kecewa banget buruk banget layan masa tf duit suruh nunggu jam si duit saldo potong gmna minta tanggung jawab poko saldo balik shoppepay kmbli capek tunggu jadi kmren tunggu itekad baikknya,5,Positif,2026-05-14 13:29:00,45,33,0
"Saya kasih bintang 5, dngan sarana aplikasi ini, saya mudah untuk berbelanja apa yang aku mau.. Trimakasih",kasih bintang dngan sarana mudah belanja apa mau trimakasih,5,Positif,2026-05-14 13:26:48,17,9,0
manttttttappppp,manttttttappppp,5,Positif,2026-05-14 13:24:27,1,1,0
shopee memang Bagus bangeeeet👍👍👍👍👍,memang bagus bangeeeet,5,Positif,2026-05-14 13:23:21,4,3,0
"ga kaya apliakai sbelah gampang mau retur, ini baru brpa hari udh ga bisa pake pengembalian dana",tidak kaya apliakai sbelah gampang mau retur baru brpa hari tidak pake kembali dana,1,Negatif,2026-05-14 13:22:01,17,14,0
"udah di censel malah dateng barang nya, gajelas banget, reting bintang⭐ shope gjls udah di censel malah dateng, mau minta ganti rugi jg ga bisa",censel malah dateng barang gajelas banget reting bintang gjls censel malah dateng mau minta ganti rugi tidak,1,Negatif,2026-05-14 13:20:43,25,17,0
pelayanannya gak baik. gak memberi solusi. programer dan CS bobrok. sistem sendiri gak bisa menguasai. dana masuk ke seller mereka gak bisa apapun. buyer rugi dan shopee diam saja tanpa solusi. suruh nunggu terus tanpa kepastian. tanpa progreas yang transparan,layan tidak baik tidak beri solusi programer cs bobrok sistem sendiri tidak kuasa dana masuk seller tidak apa buyer rugi diam tanpa solusi suruh nunggu terus tanpa pasti tanpa progreas transparan,1,Negatif,2026-05-14 13:20:34,40,31,0
aplikasi ini sangat berguna sekali untuk kamu yang ingin belanja belanja online,sangat guna sekali kamu belanja belanja online,5,Positif,2026-05-14 13:20:25,12,7,0
sangat bagus dan murah2,sangat bagus murah,5,Positif,2026-05-14 13:20:13,4,3,0
mantap sangat membantu pembelian,bagus sangat bantu beli,5,Positif,2026-05-14 13:19:04,4,4,0
app bagus murah dan ori,bagus murah ori,5,Positif,2026-05-14 13:18:04,5,3,0
pencariannya nggak bisa dipencet,cari tidak pencet,1,Negatif,2026-05-14 13:17:36,4,3,0
layanan nya sangat memuaskan....,layan sangat muas,5,Positif,2026-05-14 13:17:22,4,3,0
sangat sangat puas,sangat sangat puas,5,Positif,2026-05-14 13:15:47,3,3,0
pengiriman lambat,kirim lambat,2,Negatif,2026-05-14 13:15:12,2,2,0
saya suka belanja di Shopee hanya saja waktu nonton video barang...dan saat pindah video lain..vdeo yang pertama tadi suara nya masih ikut msuk ke vdeo lain..tolong pihak Shopee di perbaiki,suka belanja waktu nonton video barang pindah video vdeo pertama tadi suara ikut msuk vdeo pihak baik,3,Netral,2026-05-14 13:14:45,30,17,0
memudahkan dalam berbelanja,mudah belanja,5,Positif,2026-05-14 13:13:08,3,2,0
aplikasi nyusahin buat spx susah di selesaikan,nyusahin buat spx susah selesai,1,Negatif,2026-05-14 13:11:09,7,5,0
gambar baterainya nggak kurang kurang,gambar baterai tidak kurang kurang,1,Negatif,2026-05-14 13:10:18,5,5,0
mudah murah dan bisa cod,mudah murah bayar tempat,5,Positif,2026-05-14 13:04:37,5,4,0
suka banget dengan aplikasi shopee jadi saya tidak perlu pergi jauh-jauh untuk beli barang dan juga harga nya lebih murah,suka banget jadi tidak perlu pergi jauh jauh beli barang harga lebih murah,5,Positif,2026-05-14 13:04:14,20,13,0
aplikasi busuk penebar iklan dimana mana,busuk tebar iklan mana,1,Negatif,2026-05-14 13:02:19,6,4,5
apk bagus cuman pengiriman dan terutama dari jne sangatlah bodoh dan gaguna dan juga ga profesional saya hubungin pihak cs sampe 6x malah responnya sama dasar sampah,bagus cuman kirim utama jne sangat bodoh gaguna tidak profesional hubungin pihak cs sampe malah responnya sama dasar sampah,1,Negatif,2026-05-14 13:01:17,27,19,0
Senang belanja di shoppe sekarang GK usah pergi ke toko cukup belanja di shoppe saja TDK usah pergi ke toko.,senang belanja sekarang tidak usah pergi toko cukup belanja tdk usah pergi toko,5,Positif,2026-05-14 13:01:11,20,13,0
"pengirimannya lambat dan prosesnya lama, harus di perbaiki itu Shopee biar pelanggan gak belanja di toko sebelah",kirim lambat proses lama baik biar langgan tidak belanja toko belah,1,Negatif,2026-05-14 13:00:56,17,11,0
oi bisa gak sih iklannya d apus ganngu aja mana ga bs d sembunyikan,oi tidak iklan apus ganngu mana tidak bs sembunyi,1,Negatif,2026-05-14 12:59:09,14,9,0
"sistem nya tidak jelas, setiap menggunakan shoope food lalu lama berjam². merugikan orang lain estimasi slalu berubah² bikin org kesel mending go food apk sebelah",sistem tidak jelas guna shoope food lalu lama jam rugi orang estimasi slalu ubah bikin org kesel mending go food belah,1,Negatif,2026-05-14 12:58:24,25,21,0
"Sangat membantu dlm segala hal, cuman satu aja yg harus sy beri kritik dan saran, yaitu kl kita beli barang di tanggal tua, atau tgl di atas tgl 1pake spayleter, dgn dana cicil, bisa ga pas pembayarannya atau tagihannya di sesuaikan dg tgl pemesanan,, jgn pas tgl 1..tks🙏🙏",sangat bantu dlm segala cuman satu beri kritik saran kalau beli barang tanggal tua tgl atas tgl pake spayleter dana cicil tidak pas bayar tagih sesuai tgl mesan jgn pas tgl tks,5,Positif,2026-05-14 12:56:48,48,32,0
bagus la,bagus la,5,Positif,2026-05-14 12:55:44,2,2,0
Aplikasi ini sangat membantu dan bermanfaat.,sangat bantu manfaat,5,Positif,2026-05-14 12:55:06,6,3,0
"pesen shopeefood pake promo, giliran mau checkout malah ""promo telah digunakan coba lagi yang lain"" apacoba maksudnya jmbt",sen shopeefood pake promo gilir mau checkout malah promo guna coba apacoba maksud jmbt,1,Negatif,2026-05-14 12:53:30,18,14,0
pesan baju dateng nya lama trus kurir nya kaga hubungin nomer yang sudah tercantum kocak nih aplikasi Shopee sekarang mah beda ama lazada,pesan baju dateng lama trus kurir kaga hubungin nomer cantum kocak sekarang mah beda ama lazada,1,Negatif,2026-05-14 12:53:26,23,16,0
pengiriman terlalu lama,kirim terlalu lama,4,Positif,2026-05-14 12:52:41,3,3,0
bepanja di shopee.sangat membantu dan terpercaya soalnya saya pernah belanja di lainnya.belanja barang yg datang bukan yang dibutuhkan.,bepanja sangat bantu percaya soal pernah belanja lain belanja barang datang bukan butuh,5,Positif,2026-05-14 12:50:21,18,13,0
INI SI APLIKASI PALING TOP BUAT BELI BELI 👍🏻,si paling top buat beli beli,5,Positif,2026-05-14 12:49:45,9,6,0
"iklan nya kebanyakan dan dimana mana, jadi ga tenang main applikasi lain",iklan banyak mana jadi tidak tenang main applikasi,1,Negatif,2026-05-14 12:45:32,12,8,0
"bisa tidak saya bermohon secara pribadi toko yang tidak amanah mohon di blokir saja agar akun konsumen tidak rusak karena barang yang di pesan 3 yang tiba cuma 1 sudah 3x saya dapat begitu dan toko yang tidak amanah mohon di blok saja dari aplikasi shopee pernah terjadi saya pesan mukena 2 yang harga 397.500 1 pasang nya, yang datang mukena dan bahan sangat tipis, kita bukan kecewa sama aplikasi shopee tapi kita kecewa sama tokoh yang tidak bertanggung jawab jadi kami bermohon kepada aplikasi s",tidak mohon pribadi toko tidak amanah mohon blokir akun konsumen tidak rusak barang pesan tiba cuma toko tidak amanah mohon blok pernah jadi pesan mukena harga pasang datang mukena bahan sangat tipis bukan kecewa sama kecewa sama tokoh tidak tanggung jawab jadi mohon,5,Positif,2026-05-14 12:45:16,86,43,0
"gilak skrg adminnya gede + banyak bgt, apk kikirrr",gilak sekarang adminnya gede banyak banget kikirrr,1,Negatif,2026-05-14 12:44:04,9,7,0
Tidak bisa login aplikasi,tidak login,5,Positif,2026-05-14 12:41:53,4,2,0
bintabg yg bicara,bintabg bicara,5,Positif,2026-05-14 12:41:25,3,2,0
bagus bgt,bagus banget,5,Positif,2026-05-14 12:40:39,2,2,0
aman. cepat dan mudah pemesanannya,aman cepat mudah mesan,5,Positif,2026-05-14 12:39:30,5,4,0
saya sebagai pelanggan sangat puas dengan pelayanan shopee,langgan sangat puas layan,5,Positif,2026-05-14 12:39:17,8,4,0
"kalau untuk belanja sih oke ya bagus, tapi iklannya nyampah banget ganggu org lagi main sama baca.",kalau belanja bagus iklan nyampah banget ganggu org main sama baca,2,Negatif,2026-05-14 12:38:46,17,11,0
I love Shopee,love,5,Positif,2026-05-14 12:34:59,3,1,0
"masyaallah sangat membantu dalam belanja online, kemudian ongkirnya ramah di kantong.",masyaallah sangat bantu belanja online kemudian ongkirnya ramah kantong,5,Positif,2026-05-14 12:34:05,11,9,0
"Asli mantul produk baik,program & internalnya lebih bekerja dengan baik,,bebas iklan,bug,ataupun lelet,cepat bila dijalankan dan mengakses semua menu menu nya. Namun di sayangkan pernah juga dipakai terkadang agak"" sulit membukanya pas saat koneksi lagi buruk / kurang bagus,terkadang perputarannya lambat banget dan cuma berputar"" saja.mungkin cuma hal yang biasa terjadi di apps ini dan yang lain2nya sesuai pengalaman transaksi sukses,,masukan tuk perkembangannya dibenahi smua kendala",asli bagus produk baik program internal lebih kerja baik bebas iklan bug atau lambat cepat bila jalan akses semua menu menu sayang pernah pakai terkadang sulit buka pas koneksi buruk kurang bagus terkadang putar lambat banget cuma putar mungkin cuma biasa jadi apps lain sesuai alam transaksi sukses masuk tuk kembang benah smua kendala,5,Positif,2026-05-14 12:30:35,65,54,0
pengiriman nya lama. ada kurir nya kagak si ini,kirim lama kurir kagak si,1,Negatif,2026-05-14 12:27:05,9,5,0
"Menurut saya shopee sudah sangat baik dri segi pembeli, sprti banyak voucher gratis ongkir dll . tpi masih kurang dri segi fitur ajukan banding untuk penjual contohnya penjual yg melakukan banding krna saat mengirim produk, pembeli minta dikembalikan krna produk rusak, saat kmbali ke penjual produk tdak mirip sma skali dngn yg dikirim, penjual ad bukti video lngsung sdngkan video bukti pmbeli bukan produk dri si penjual, tetapi shopee memenangkan si pembeli sehingga penjual rugi.",sangat baik segi beli sprti banyak voucher gratis ongkos kirim kurang segi fitur aju banding jual contoh jual laku banding kirim produk beli minta kembali produk rusak kmbali jual produk tdak mirip sma skali dngn kirim jual ad bukti video lngsung sdngkan video bukti pmbeli bukan produk si jual menang si beli jual rugi,5,Positif,2026-05-14 12:26:26,75,54,0
bagus....👍👍👍,bagus,5,Positif,2026-05-14 12:23:18,1,1,0
gelok keren banget iklan bisa nyepam asuk,gelok keren banget iklan nyepam asuk,1,Negatif,2026-05-14 12:22:55,7,6,0
aplikasi ini mmng the best la pokoknya,mmng the best la pokok,5,Positif,2026-05-14 12:19:12,7,5,0
Semoga kedepannya lebih banyak promo promo produk terbaik,moga depan lebih banyak promo promo produk baik,5,Positif,2026-05-14 12:19:09,8,8,0
suka di sini murah murah dan banyak promo dan aplikasi ini sangat berguna,suka sini murah murah banyak promo sangat guna,5,Positif,2026-05-14 12:18:14,13,8,0
Shopee maling,maling,1,Negatif,2026-05-14 12:16:02,2,1,0
mundah di gunakan,mundah guna,5,Positif,2026-05-14 12:15:08,3,2,0
"selalu belanja disini, sampe buka bank seabank",selalu belanja sini sampe buka bank seabank,5,Positif,2026-05-14 12:13:35,7,7,0
"jujur ya belanja di shopee udh paling nyaman di aku tpi yg suka bikin kesel bgt tuh di deskripsi toko seller katanya klo mau tanya detail dll tinggal dm tapi giliran di dm mlh pesannya ga masuk ke mrka (?) jadinya ga dijwb pdhl aku niat beli. pun klo dijwb buknnya si seller sndiri tapi AI tokonya, benci sumpah. gatau dri kpn ini kejadian cuma terakhir tgl 13/7/2025 msh bisa kok komunikasi sama seller, skrg berasa nya kek ngomong ama tembok. endingnya mls buat beli krn kejadian bgini",jujur belanja paling nyaman suka bikin kesel banget tuh deskripsi toko seller kata kalau mau tanya detail tinggal dm gilir dm mlh pesan tidak masuk mrka jadi tidak dijwb pdhl niat beli kalau dijwb buknnya si seller sndiri ai toko benci sumpah gatau kpn jadi cuma akhir tgl msh kok komunikasi sama seller sekarang asa kek ngomong ama tembok endingnya mls buat beli jadi bgini,4,Positif,2026-05-14 12:11:24,88,65,0
"shopee is the best for me looking for all tool make myhome be nice, thanks",is the best for me looking for all tool make myhome be nice thanks,5,Positif,2026-05-14 12:05:10,15,14,0
kasih banyak promo 🙏🏻😁,kasih banyak promo,5,Positif,2026-05-14 12:04:28,4,3,0
ini apa cuma gw atau yang lainnya juga sama?? pengiriman shopee lamaaaa,apa cuma gw lain sama kirim lamaaaa,1,Negatif,2026-05-14 12:04:18,12,7,0
tak pernah bisa menggunakan shopee pinjam. aplikasi sangat buruk,tak pernah guna pinjam sangat buruk,1,Negatif,2026-05-14 12:03:36,9,6,0
good banget shoope,good banget shoope,5,Positif,2026-05-14 12:00:21,3,3,0
Gara Gara aplikasi ini saya jadi banyak iklan,gara gara jadi banyak iklan,1,Negatif,2026-05-14 11:58:12,8,5,0
mudah digunakan dalam membeli barang,mudah guna beli barang,5,Positif,2026-05-14 11:52:43,5,4,0
Barang sesuai dengan apa yang di jual dan aplikasi ini bagus,barang sesuai apa jual bagus,5,Positif,2026-05-14 11:51:22,11,5,0
"sangat baik dan mudah mendapatkan bonus, karena shopee",sangat baik mudah dapat bonus,5,Positif,2026-05-14 11:50:30,8,5,0
pesanan sesuai ekspetasi pengiriman cepat recomendede,pesan sesuai ekspetasi kirim cepat recomendede,5,Positif,2026-05-14 11:49:01,6,6,0
ANJAII,anjaii,5,Positif,2026-05-14 11:46:02,1,1,0
Shopee mantap,bagus,5,Positif,2026-05-14 11:44:51,2,1,0
pengiriman sangat lama semenjak gak ada lagi j&t. pelan2 mulai tinggalkan shopee dan beralih ke tiktok shop. SPX gak beres,kirim sangat lama semenjak tidak pelan mulai tinggal alih tiktok shop spx tidak beres,1,Negatif,2026-05-14 11:38:01,20,14,0
"aku udah berkali kali beli di shoppe dengan harga 0 rupiahhhh!! 🥰🥰🥰,kalo pake shoppe kita lebih hemat dan pengiriman nya bisa cod lagii seneng banget aku kalo belanja di shoppe apa ga rugiii?? 🫠😍,makasih shoppe sudah kasih banyak aku gratis ongkir dan barang gratisss walau itu kecil ataupun apa aku kalo liat barang gratis langsung gas pol beli makasih ya shoppe emang dhebesttt!! bangettt",kali kali beli harga rupiahhhh kalau pake lebih hemat kirim bayar tempat lagi neng banget kalau belanja apa tidak rugiii terima kasih kasih banyak gratis ongkos kirim barang gratisss kecil atau apa kalau liat barang gratis langsung gas pol beli terima kasih memang dhebesttt bangettt,5,Positif,2026-05-14 11:37:58,64,45,0
ontime,ontime,5,Positif,2026-05-14 11:35:47,1,1,0
hati hati yg nyimpen uang di shopepay uang bakal hilang,hati hati nyimpen uang shopepay uang bakal hilang,1,Negatif,2026-05-14 11:32:55,10,8,0
sialan loncat ke aplikasi ini melulu..,sial loncat melulu,1,Negatif,2026-05-14 11:28:52,6,3,0
"bagus, cuman banyak penipuanya",bagus cuman banyak penipuanya,5,Positif,2026-05-14 11:28:37,4,4,0
penjualan bagus tapi sayang jasa kirim SPX Mohon diganti suka retur paket sepihak,jual bagus sayang jasa kirim spx mohon ganti suka retur paket pihak,4,Positif,2026-05-14 11:28:10,13,12,0
"Ekspedisi SPX dibagian pulau Sulawesi khususnya Gorontalo sangat buruk, paket banyak yang direturn dan gak pelayanannya tidak ramah. tolong untuk pihak shopee agar bisa bekerja sama lagi dengan pihak Ekspedisi lainnya. jujur udah 5 tahun pakai aplikasi ini nanti pas shopee udah gak kerja sama dengan ekspedisi lain paket banyak yg tertunda pengirimnya.",ekspedisi spx bagi pulau sulawesi khusus gorontalo sangat buruk paket banyak direturn tidak layan tidak ramah pihak kerja sama pihak ekspedisi lain jujur tahun pakai pas tidak kerja sama ekspedisi paket banyak tunda kirim,2,Negatif,2026-05-14 11:27:34,53,34,0
bagus .. sangat bermanfaat..membuat hidup praktis,bagus sangat manfaat buat hidup praktis,4,Positif,2026-05-14 11:26:16,6,6,0
sangat puas belanja cukup dari rumah,sangat puas belanja cukup rumah,5,Positif,2026-05-14 11:26:15,6,5,0
"Pengiriman Sangat Lambat Tidak Sesuai Jadwal pengiriman, Keterlambatan Pengiriman Lebih 1 hari dari Jadwal pengiriman.",kirim sangat lambat tidak sesuai jadwal kirim lambat kirim lebih hari jadwal kirim,1,Negatif,2026-05-14 11:24:39,15,13,0
sekarang sejak ada tiktok pelayanan agak lama jdi sesuatu yg tdinya penting jdi biasa aja.....,sekarang sejak tiktok layan lama jdi tdinya penting jdi biasa,4,Positif,2026-05-14 11:24:17,15,10,0
belanja jadi lebih mudah,belanja jadi lebih mudah,5,Positif,2026-05-14 11:23:37,4,4,0
"setiap belanja di Shopee paket saya selalu stuck di dc lebih dari sebulan dan berakhir di kembalikan ke toko, tim jasa kirim juga tidak bertanggung jawab dan tidak kompeten, saya tidak recomend untuk belanja di apk ini",belanja paket selalu stuck dc lebih bulan akhir kembali toko tim jasa kirim tidak tanggung jawab tidak kompeten tidak recomend belanja,1,Negatif,2026-05-14 11:21:15,37,21,0
apk nya mantap lah,bagus,5,Positif,2026-05-14 11:20:42,4,1,0
aktifkan spaylater dong,aktif spaylater,5,Positif,2026-05-14 11:20:39,3,2,0
"akhir' ini belanja di shopee ga banget dehh, masa paket aku ada 2 di toko berbeda trus pas pengantaran kok ga sampe', eh tiba' ada info bahwa paket aku udah di retur karna konsumen(aku) ga terima?!! aneh banget padahal aku udah tunggu' tapi malah dapat info di retur!!!",akhir belanja tidak banget dehh masa paket toko beda trus pas antar kok tidak sampe eh tiba info paket retur konsumen tidak terima aneh banget padahal tunggu malah info retur,2,Negatif,2026-05-14 11:16:52,48,30,0
ni aplikasi selalu muncul pas lagi enak²main game tolok cepetan perbaiki mana orang salam²orang udah selesai Ramadhan😹😹😹👎👎👎👎👎👎,ni selalu muncul pas enak main game tolok cepetan baik mana orang salam orang selesai ramadhan,1,Negatif,2026-05-14 11:14:58,17,16,0
oke baik,baik,5,Positif,2026-05-14 11:14:29,2,1,0
puas gue belanja di shopee mantap👍,puas gue belanja bagus,5,Positif,2026-05-14 11:11:52,6,4,0
Okay banget,okay banget,5,Positif,2026-05-14 11:11:44,2,2,0
sophee banyak promo,sophee banyak promo,5,Positif,2026-05-14 11:11:11,3,3,0
seruuu,seruuu,5,Positif,2026-05-14 11:10:11,1,1,0
aga ngebak dikit ni apk,aga ngebak dikit ni,5,Positif,2026-05-14 11:09:51,5,4,0
mantap apk,bagus,5,Positif,2026-05-14 11:09:51,2,1,0
membantu kebutuhan,bantu butuh,5,Positif,2026-05-14 11:09:33,2,2,0
"saya membatalkan pesanan di tanggal 12-05-2026 tp sudah saya bayar,, tp proses pengembalian dana sampai hari ini tanggal 14-95-2026 belum saya terima.",batal pesan tanggal bayar proses kembali dana hari tanggal belum terima,2,Negatif,2026-05-14 11:09:02,22,11,0
mesen barang di sini bikin rugi penjual salah kirim barang saya sudah mengajukan retur tapi di tolak oleh sistem shopee harga barang juga gk murah lagi gk jelas emang admin toko oren padahal saya udah ada vidio unboxsing besarta foto resi dll,mesen barang sini bikin rugi jual salah kirim barang aju retur tolak sistem harga barang tidak murah tidak jelas memang admin toko oren padahal vidio unboxsing besarta foto resi,1,Negatif,2026-05-14 11:03:28,42,29,0
iklan lu gk ngotak pindah apk sendiri,iklan lu tidak ngotak pindah sendiri,1,Negatif,2026-05-14 10:59:42,7,6,0
"pembatalan ribet banget, ngga lagi deh pake apk ini.",batal ribet banget tidak pake,1,Negatif,2026-05-14 10:58:11,9,5,0
shopee sekarang kenapa kalau ada pengajuan barang atau refund banyak sekali potongannya sampe 40ribuan sadis banget,sekarang kalau aju barang refund banyak sekali potong sampe ribu sadis banget,1,Negatif,2026-05-14 10:57:11,16,12,0
Shopee lengkap paling mudah blnja online dsni,lengkap paling mudah blnja online dsni,5,Positif,2026-05-14 10:55:05,7,6,0
"shopee lu parah bangetlah, iklan lu di mana2 ampe ke wattpad segala lu pasang iklan agresif betul ampe bisa mindahin aplikasi sendiri. lagi baca tiba2 iklan lu muncul dan langsung otomatis ke apk shopee, Lama-lama ganggu lu, gw uninstall juga ni apk. skrng ada tiktokshop lu ngga usah sok ye",lu buruk banget iklan lu mana ampe wattpad segala lu pasang iklan agresif betul ampe mindahin sendiri baca tiba iklan lu muncul langsung otomatis lama lama ganggu lu gw uninstall ni sekarang tiktokshop lu tidak usah sok ye,1,Negatif,2026-05-14 10:44:46,50,38,0
"Voucher abal abal, voucher ganti rugo keterlabatan pengiriman 10.000, masih diberi syarat belanja 120.000 baru bisa dipakai (miskin banget) shopeenya. gantibrugi itu seharusnya tanpa syarat. bagian pembuat voucher pasti miskin hati, ibarat dpt gratis makan 1 piring tapi syaratnya harus beli 6 piring. goblol amat...",voucher abal abal voucher ganti rugo keterlabatan kirim beri syarat belanja baru pakai miskin banget shopeenya gantibrugi tanpa syarat bagi buat voucher miskin hati ibarat gratis makan piring syarat beli piring goblol,1,Negatif,2026-05-14 10:44:30,45,32,0
"sekarang ini agak terlambat pengiriman barang nya ,kalo dulu kerja sama dengan JNT,sekarang JNE,tapi lelet,pesanan bisa 1 Minggu sampe nya,di rubah terus tangal sampai tujuan nya ,ganti aja kerja sama nya shope,dengan paket jet tempur ,biar bisa sampai hitungan jam",sekarang lambat kirim barang kalau dulu kerja sama jnt sekarang jne lambat pesan minggu sampe rubah terus tangal tuju ganti kerja sama paket jet tempur biar hitung jam,5,Positif,2026-05-14 10:40:07,40,28,0
Mantaaap,mantaaap,5,Positif,2026-05-14 10:40:01,1,1,0
pihak shoopee tolong matikan fitur chat Ai karna menyusahkan baik pembeli maupun penjual karna balasan dari Ai sangat ngawur,pihak shoopee mati fitur chat ai susah baik beli maupun jual balas ai sangat ngawur,2,Negatif,2026-05-14 10:38:46,19,15,0
memudahkan,mudah,5,Positif,2026-05-14 10:35:53,1,1,0
adain fitur dana buat bayar makanan pls,adain fitur dana buat bayar makan pls,5,Positif,2026-05-14 10:34:47,7,7,0
👍👍👍,,5,Positif,2026-05-14 10:27:49,1,0,0
pelayanan belanja di toko sangat bagus dan cepat.,layan belanja toko sangat bagus cepat,5,Positif,2026-05-14 10:26:05,8,6,0
"mantap, terima kasih ☺️",bagus terima kasih,5,Positif,2026-05-14 10:25:26,4,3,0
Lanjutkan dan jaya trus kaka,lanjut jaya trus kaka,5,Positif,2026-05-14 10:23:32,5,4,0
saya sangat suka berbelanja di shopee...sangat membantu,sangat suka belanja sangat bantu,5,Positif,2026-05-14 10:22:31,7,5,0
tempat belanja online nomer satu sampai saat ini,tempat belanja online nomer satu,5,Positif,2026-05-14 10:19:52,8,5,0
"paket 2hari stuck di tempat yg sama via SPX, kurir lo itu niat kerja gk, atau ada indikasi maling paket, dah gitu ga bisa di ambil lagi kalo masih DC, minimal buat bisa di ambil lah",paket hari stuck tempat sama via spx kurir lo niat kerja tidak indikasi maling paket dah gitu tidak ambil kalau dc minimal buat ambil,1,Negatif,2026-05-14 10:17:46,36,24,0
rusak nih,rusak,1,Negatif,2026-05-14 10:17:16,2,1,0
lengkap barang2nya yg kita butuhkan dgn harga yg terjangkau,lengkap barang butuh harga jangkau,5,Positif,2026-05-14 10:15:06,9,5,0
Bagus sekali... simpel dan handal di semua tone nya 😎👍,bagus sekali simpel handal semua tone,5,Positif,2026-05-14 10:14:27,10,6,0
sangat puas apa yang saya suka smua ada di sini,sangat puas apa suka smua sini,5,Positif,2026-05-14 10:10:31,10,6,0
"ngak tau kenapa ke blokir ngak jelas, padahal ngak ada jual apapun, pake voucher apapun.",ngak tau blokir ngak jelas padahal ngak jual apa pake voucher apa,1,Negatif,2026-05-14 10:08:28,15,12,0
"ini kok shope akhir2 ini mulai menurun kinerja nya yah, saya sudah pesan ketiga kalinya tapi selalu barang tidak sampai dan hilang, kasian bnyak pihak yang dirugikan. mana disemua aplikasi ada iklan shope yang menganggu:') smoga shopee bisa lebih baik lagi",kok akhir mulai turun kerja pesan tiga kali selalu barang tidak hilang kasi bnyak pihak rugi mana semua iklan menganggu smoga lebih baik,1,Negatif,2026-05-14 10:05:21,41,23,0
belanja online di shopee sangat memuaskan banget terima kasih shopee,belanja online sangat muas banget terima kasih,5,Positif,2026-05-14 10:03:42,10,7,0
dah bikin ngelag ganggu lagi dan belum tentu aman,dah bikin ngelag ganggu belum aman,1,Negatif,2026-05-14 10:03:22,9,6,0
"Kalo di pake nge-lag/lemot, kalo habis keluar sebentar buka aplikasi lain terus buka shopee lagi lemot/nge-lag Sering belanja di Shopee tapi kenapa ada kendala sistem, udah di bayar di M-Banking dah kepotong tapi status belum berubah jadi Pembayaran selesai. Mana pengembalian dana nya lama pula, kenapa harus 1×24 jam kenapa ga langsung ketika di sistem kebaca gagal tapi di M-Banking dah kepotong",kalau pake nge lag lambat kalau habis keluar sebentar buka terus buka lambat nge lag sering belanja kendala sistem bayar banking dah potong status belum ubah jadi bayar selesai mana kembali dana lama jam tidak langsung sistem baca gagal banking dah potong,1,Negatif,2026-05-14 10:03:22,62,42,0
shope paling mengerti kebutuhan kita,paling erti butuh,5,Positif,2026-05-14 10:03:18,5,3,0
pelayanan shopee sangat baik,layan sangat baik,5,Positif,2026-05-14 10:01:32,4,3,0
shopee memang keren dan bagus,memang keren bagus,5,Positif,2026-05-14 10:01:02,5,3,0
selalu ok,selalu,5,Positif,2026-05-14 09:57:37,2,1,0
God job,god job,4,Positif,2026-05-14 09:57:03,2,2,0
"saya sudah install dan menggunakanya 1 kali, aplikasi bagus bebas iklan yg mengganggu, cuma pada Hp Samsung J2 Pro sangat lemot dan banyak makan batere, jadi saya akali setelah transaksi saya uninstall. begitu seterusnya. pada keseluruhan aplikasi ini bagus, cuka hp saya yang kurang suport.",install menggunakanya kali bagus bebas iklan ganggu cuma hp samsung pro sangat lambat banyak makan batere jadi akal transaksi uninstall seluruh bagus cuka hp kurang suport,5,Positif,2026-05-14 09:56:37,45,26,0
"Kenapa sekarang klo pilih menu COD atau COD Cek dulu itu harga barang naik sekali. misalharga barang 33rb pas di pilih cod/cod cek dulu langsung berubah jadi 55rb untuk 1 barang. padahal dulu ga gitu, klo harga barang 33rb pilih cod/cod cek dl harga barang tdk berubah.",sekarang kalau pilih menu bayar tempat bayar tempat cek dulu harga barang naik sekali misalharga barang rb pas pilih bayar tempat bayar tempat cek dulu langsung ubah jadi rb barang padahal dulu tidak gitu kalau harga barang rb pilih bayar tempat bayar tempat cek dl harga barang tdk ubah,5,Positif,2026-05-14 09:53:12,47,49,1
saya puas belanja di sini harga nya murah- murah dan bagus bagus,puas belanja sini harga murah murah bagus bagus,5,Positif,2026-05-14 09:46:45,12,8,0
"shopee sudah tidak konsisten lagi,, untuk pengiriman di luar pulau tidak di layani dengan baik oleh jasa pengirimanya",tidak konsisten kirim luar pulau tidak layan baik jasa pengirimanya,1,Negatif,2026-05-14 09:42:07,18,10,0
"gini ya kalo ada nomer telepom tuh di kasi juga dong nomer kurir nya biar mempermudah terus juga di alamat detail nya di kasih yang banyak lah masa cuma beberapa kata jir apalah bikin emosi selalu banyak drama kalo di sini ntah kenapa, semoga bisa lebih baik",gin kalau nomer telepom tuh kasi nomer kurir biar mudah terus alamat detail kasih banyak masa cuma beberapa kata jir apa bikin emosi selalu banyak drama kalau sini ntah moga lebih baik,2,Negatif,2026-05-14 09:39:25,47,32,0
Aku Suka bgtt Sama Shopee Nya Aku Setiap Pesanan Selalu Amanah Dnk jga Repot Buat Pesanan Semua Produknya Ada..Jdi jgn Ragu Buat download Aplikasi Shopee Ini 🫶🫶,suka bgtt sama pesan selalu amanah dnk jga repot buat pesan semua produk jdi jgn ragu buat download,5,Positif,2026-05-14 09:38:44,27,18,0
"apk shopee ini bagi saya sangat lah membantu,disaat mau beli sesuatu,tdk ada,tpi di shopee slalu ada,mantap shopee 👍👍👍👍",sangat bantu saat mau beli tdk slalu bagus,5,Positif,2026-05-14 09:38:23,18,8,0
sangat buruk baru satu kali melakukan pemesanan barangnya udah gak sampe di tangan saya..,sangat buruk baru satu kali laku mesan barang tidak sampe tangan,1,Negatif,2026-05-14 09:37:42,14,11,0
"mantap,cuma kalo bisa buat yg friendly utk lansia, dg setelan bida mode gelap maklum lansia kendala dimata tq🙏",bagus cuma kalau buat friendly lansia setel bida mode gelap maklum lansia kendala mata tq,5,Positif,2026-05-14 09:30:34,18,15,0
"aplikasi belanja online buruk kadang orderan direktur jasa kirim tanpa alasan yang pasti, dan pengiriman barang terlalu lama bahkan melewati estimasi nya, pelayanan shoppe kurang responsif ketika minta bantuan 👎👎👎👎",belanja online buruk kadang order direktur jasa kirim tanpa alas kirim barang terlalu lama bahkan lewat estimasi layan kurang responsif minta bantu,1,Negatif,2026-05-14 09:28:37,30,22,9
"beli dengan promo, pas di beli promonya gak ada,",beli promo pas beli promonya tidak,1,Negatif,2026-05-14 09:28:10,9,6,0
sudah beberapa tahun ini sy merasa shopee semakin baik dalam pelayanan. dan secara pribadi saya merasa terbantu sekali dgn semua layanan di Shopee..terima kasih Shopee semoga makin baik lagi kedepannya.,beberapa tahun rasa makin baik layan pribadi rasa bantu sekali semua layan terima kasih moga makin baik depan,5,Positif,2026-05-14 09:25:50,30,18,0
jelekkkk,jelekkkk,1,Negatif,2026-05-14 09:21:12,1,1,1
shopee nya kurang bagus,kurang bagus,3,Netral,2026-05-14 09:20:54,4,2,0
shoppe tidak kondutif.. pengiriman slalu GK tepat..,tidak kondutif kirim slalu tidak tepat,1,Negatif,2026-05-14 09:20:38,7,6,0
"bagus,bisa beli barang yg diinginkan",bagus beli barang ingin,5,Positif,2026-05-14 09:19:36,5,4,0
Suka aja,suka,5,Positif,2026-05-14 09:17:51,2,1,0
"mau kirim gambar via chatting, loading mulu. udah clear cache, clear all data, update terbaru. masih saja",mau kirim gambar via chatting loading mulu clear cache clear all data update baru,3,Netral,2026-05-14 09:17:48,17,14,0
bagus bermanfaat poll🙏🙏,bagus manfaat poll,5,Positif,2026-05-14 09:17:17,3,3,0
"Bagus dan amanah,siap order lagi yuk",bagus amanah siap order yuk,5,Positif,2026-05-14 09:12:28,6,5,0
Pengiriman suka tertahan dan lewat estimasi barang tiba,kirim suka tahan lewat estimasi barang tiba,2,Negatif,2026-05-14 09:12:08,8,7,0
aplikasi yg bagus penjualan pada murah tapi masih ada aja toko yang masih tukang tipu barang tidak sesuai..,bagus jual murah toko tukang tipu barang tidak sesuai,5,Positif,2026-05-14 09:10:52,18,9,0
sangat buruk promo belum kepakai tiba-tiba habis. aplikasi lemot juga kebanyakan iklan,sangat buruk promo belum pakai tiba tiba habis lambat banyak iklan,1,Negatif,2026-05-14 09:06:40,12,11,0
gak bisa di batalin huuuu yang punya toko gak mau dengerin untungnya kesasar ke rumah lain🤣🤣🤣,tidak batalin huuuu punya toko tidak mau dengerin untung kesasar rumah,1,Negatif,2026-05-14 09:06:29,16,11,0
Layanannya bagus tapi game gamenya susah susah deh,layan bagus game gamenya susah susah,5,Positif,2026-05-14 09:03:36,8,6,0
aplikasinya tidak bisa menyelesaikan masalah,aplikasi tidak selesai masalah,1,Negatif,2026-05-14 09:03:14,5,4,0
belanja dishopee menguntungkan,belanja dishopee untung,5,Positif,2026-05-14 08:58:38,3,3,0
sukak lah sama pelayanannya,sukak sama layan,5,Positif,2026-05-14 08:58:34,4,3,0
"asal pinter milih olshop, sll dapat barang berkualitas",asal pinter milih olshop sll barang kualitas,5,Positif,2026-05-14 08:57:24,8,7,0
rusuh,rusuh,1,Negatif,2026-05-14 08:56:35,1,1,0
aplikasi ngk bisa pesan brng COD lbih dari 3 Pcs,ngk pesan brng bayar tempat lebih pcs,2,Negatif,2026-05-14 08:54:14,10,7,0
kok ga bisa download,kok tidak download,1,Negatif,2026-05-14 08:51:14,4,3,0
sangat mempermudah urusan,sangat mudah urus,5,Positif,2026-05-14 08:46:54,3,3,0
"customer tidak diperhatikan , barang datang cuma kertas permohonan maaf , saya ajukan pengembalian ditinjau sampai 1 minggu tidak selesai , customer service prioritas cm dihubungkan AI , saya kapok belanja disini , untung order spaylater , kl tidak diselesaikan saya ga akan bayar spaylaternya",customer tidak perhati barang datang cuma kertas mohon maaf aju kembali tinjau minggu tidak selesai customer service prioritas cm hubung ai kapok belanja sini untung order spaylater kalau tidak selesai tidak bayar spaylaternya,1,Negatif,2026-05-14 08:46:43,45,33,0
"baguss,kdng sukaa ada diskon dadakann,gratis ongkir teruss di akuu",baguss kdng sukaa diskon dadakann gratis ongkos kirim teruss akuu,5,Positif,2026-05-14 08:43:43,9,10,0
mantap shopee,bagus,5,Positif,2026-05-14 08:43:28,2,1,0
apk bagus membantu buat belanja online dan banyak diskon,bagus bantu buat belanja online banyak diskon,5,Positif,2026-05-14 08:42:36,9,7,0
shopee ini berguna banget untuk belanja dan barang barang nya pun juga lengkap,guna banget belanja barang barang lengkap,5,Positif,2026-05-14 08:39:17,13,6,0
"tolong dong skrg lelet banget Shopee nih, hemat kargo kenapa sih mesti nunggu besoknya heran, kadang lebih dari 3 hari, ga kayak dulu. shopeepay jg skrg kalau checkout barang meski saldo cukup gabisa harus dilebihin seribu, aneh bgt. tolong diperbaiki dong, kalah sm olshop sebelah yg sehari sampe, ini bs 3-4 hari padahal masih jabodetabek.",sekarang lambat banget hemat kargo mesti nunggu besok heran kadang lebih hari tidak kayak dulu shopeepay sekarang kalau checkout barang meski saldo cukup gabisa dilebihin ribu aneh banget baik kalah sama olshop belah hari sampe bs hari padahal jabodetabek,2,Negatif,2026-05-14 08:34:27,55,39,0
"Bagus banget aku dapet voucher banyak jadi banyak yang gratis, dan murah,",bagus banget voucher banyak jadi banyak gratis murah,5,Positif,2026-05-14 08:33:59,12,8,0
menarik ceritanya,tarik cerita,5,Positif,2026-05-14 08:33:57,2,2,0
"mempermudah dalam membeli hanya saja kadang harga murah ongkir mahal, maklum saya ditempat terpencil",mudah beli kadang harga murah ongkos kirim mahal maklum tempat pencil,5,Positif,2026-05-14 08:33:09,14,11,0
banyak promo itu doang wok,banyak promo doang wok,5,Positif,2026-05-14 08:28:04,5,4,0
"bagus banget apalagi waktu penggunaan pertama shopee harganya jadi murah, first time cobain ternyata lebih terjangkau, cukup rekomendasi apk ini!! dan banyak free ongkir nya!!",bagus banget waktu guna pertama harga jadi murah first time cobain nyata lebih jangkau cukup rekomendasi banyak free ongkos kirim,5,Positif,2026-05-14 08:27:15,25,20,0
"bisa nggak di aktifkan COD nya, karena di aplikasi shopee saya tidak aktif COD nya",tidak aktif bayar tempat tidak aktif bayar tempat,5,Positif,2026-05-14 08:26:33,15,8,0
shopee saya kok eror yaa jaringan bermasalah padahal saya pake wifi jaringan bagus kok bisa gitu jadi MLS pakek aplikasi shopee kalo dikit2 eror,kok eror yaa jaring masalah padahal pake wifi jaring bagus kok gitu jadi mls pakek kalau dikit eror,3,Netral,2026-05-14 08:23:13,24,18,0
cepat dan mudah berbelanja dishope,cepat mudah belanja dishope,5,Positif,2026-05-14 08:21:39,5,4,0
berbelanja jdi lbih mudah,belanja jdi lebih mudah,5,Positif,2026-05-14 08:15:38,4,4,0
"iklan kamu bikin kesel, aku lagi baca wattpad tiba tiba malah iklan ke kamu, mau sabar tapi ngga mau",iklan kamu bikin kesel baca wattpad tiba tiba malah iklan kamu mau sabar tidak mau,2,Negatif,2026-05-14 08:13:11,19,15,0
Sangat membantu dalam mencari perlengkapan pribadi atw rumah,sangat bantu cari lengkap pribadi atw rumah,4,Positif,2026-05-14 08:10:59,8,7,0
Paket sudah 3 hari tidak bergerak masih di Lampung DC dari tangga 11-05-26 dari jam 20.58,paket hari tidak gerak lampung dc tangga jam,1,Negatif,2026-05-14 08:10:50,16,8,0
belanja di shopee bisa gratis ongkir dan tidak jauh jauh lagi belanja,belanja gratis ongkos kirim tidak jauh jauh belanja,5,Positif,2026-05-14 08:09:12,12,8,0
pengiriman pesanan makin kesini kok lama...?,kirim pesan makin kesini kok lama,5,Positif,2026-05-14 08:08:23,6,6,0
barang sesuai pesanan,barang sesuai pesan,5,Positif,2026-05-14 08:02:06,3,3,0
belanja di shopee sangat praktis dan tidak ribet hanya pake jari lansung sampai di rumah,belanja sangat praktis tidak ribet pake jari lansung rumah,4,Positif,2026-05-14 08:01:29,15,9,0
"kenapa sekarang pengiriman ke lampung lama sekali kadang melebihi batas estimasi dan ada yg di cancel oleh pihak expedisi, ke lampung waykanan suka stuck di waykanan. coba perbaiki lagi untuk spx",sekarang kirim lampung lama sekali kadang lebih batas estimasi cancel pihak expedisi lampung waykanan suka stuck waykanan coba baik spx,4,Positif,2026-05-14 07:52:28,31,20,0
"aplikasi belanja yg bagus,tapi sayang shopee video yg sangat menggangu apalagi hp kentang kek sya,pengiriman juga sangat lambat dulu 7 hari sampai sekarang hampir 1 bulan",belanja bagus sayang video sangat menggangu hp kentang kek sya kirim sangat lambat dulu hari sekarang hampir bulan,4,Positif,2026-05-14 07:51:47,26,18,0
suka sekali,suka sekali,5,Positif,2026-05-14 07:50:50,2,2,0
menari,tari,2,Negatif,2026-05-14 07:50:10,1,1,0
rata2 bnyak yg bilang apk belanja bagus.. belum aja ngerasain proses pengembalian produk.. betul2 gak memihak pembeli.. mengerikan,rata bnyak bilang belanja bagus belum ngerasain proses kembali produk betul tidak pihak beli keri,1,Negatif,2026-05-14 07:49:08,18,15,0
pengirimannya lama sekali,kirim lama sekali,2,Negatif,2026-05-14 07:45:12,3,3,0
Aplikasi Olshop paling terpercaya,olshop paling percaya,5,Positif,2026-05-14 07:39:56,4,3,0
Lebih praktis,lebih praktis,5,Positif,2026-05-14 07:39:37,2,2,0
"apa gara gara ongkir di tanggung penjual harga cekout sama seperti toko offline, ya lebih milih beli toko offline",apa gara gara ongkos kirim tanggung jual harga cekout sama toko offline lebih milih beli toko offline,1,Negatif,2026-05-14 07:37:16,19,17,0
"Dari dulu sampai sekarang Shopee tetap menjadi pilihan no 1 untuk saya belanja online..karena di bandingkan dengan yang lain,shopee harganya paling murah dan barangnya sangat memuaskan..serta yang paling penting ada gratis ongkirnya!..pokoknya menang banyak dech belanja di shopee 👍",dulu sekarang tetap jadi pilih no belanja online banding harga paling murah barang sangat muas paling penting gratis ongkirnya pokok menang banyak dech belanja,5,Positif,2026-05-14 07:35:24,39,24,2
baguss seruuu murah murahhh😆,baguss seruuu murah murahhh,5,Positif,2026-05-14 07:33:53,4,4,0
"aplikasi bagus dan banyak barang yang dijual, tpi kok gw mau membatalkan pesan gk bisa udh 3x GK bisa dibatalin",bagus banyak barang jual kok gw mau batal pesan tidak tidak dibatalin,4,Positif,2026-05-14 07:30:39,20,12,0
"shopee sgt merakyat tapiiiii .... - masuk tahun 2026 sistem pengembalian dana dalam return produk sangat lambat. - tgl 7 retur - notif maks tgl 12 - tgl 14 masih belum selesai pengembalian dananya. - dulu secepat kilat skr selambat siput. - ayo skr tinjau kembali platform lain SPT lazada,Tokopedia,dll . - smg kedepannya ada platform lain yg sebanding/melebihi shopee kecewaaaaaa..... bgt",sgt rakyat tapiiiii masuk tahun sistem kembali dana return produk sangat lambat tgl retur notif maks tgl tgl belum selesai kembali dana dulu cepat kilat skr lambat siput ayo skr tinjau platform spt lazada tokopedia smg depan platform banding lebih kecewaaaaaa banget,2,Negatif,2026-05-14 07:30:20,62,42,0
shopee bnyk diskon,bnyk diskon,5,Positif,2026-05-14 07:22:33,3,2,0
shopi ini sangat bagus,shopi sangat bagus,5,Positif,2026-05-14 07:18:14,4,3,0
sangat memuaskan,sangat muas,5,Positif,2026-05-14 07:09:48,2,2,0
makinn kerenn,makinn kerenn,5,Positif,2026-05-14 07:05:37,2,2,0
aku ganti hp baru lalu buka shopee dengan hp baru itu tidak bisa...di arahkan verifikasi karena lupa paswort di shopee di hp yg lamu juga tidak bisa2 sampai sekarang..padahal aku sudah sampai ke tingkat platinum..syang sekali,ganti hp baru lalu buka hp baru tidak arah verifikasi lupa paswort hp lamu tidak sekarang padahal tingkat platinum syang sekali,5,Positif,2026-05-14 07:05:33,36,21,0
"shopee ni udh gila y masak kalo ada voucher potongan 5k 7k pasti GK bisa cod, kadang juga GK ada voucher nya GK bisa cod benar"" eror gila",ni gila masak kalau voucher potong tidak bayar tempat kadang tidak voucher tidak bayar tempat benar eror gila,1,Negatif,2026-05-14 07:04:23,28,18,0
"memang memuaskan labih praktis , mudah dan cepat dan terpercaya",memang muas labih praktis mudah cepat percaya,5,Positif,2026-05-14 07:02:37,10,7,0
bagus sangat,bagus sangat,4,Positif,2026-05-14 07:01:36,2,2,0
"Penguasa iklan udah kayak penjajah , di mana pun website selalu ada iklan shopee , buka shopee di jejali iklan , serakah bnget nih aplikasi buat ngeruk iklan di mana mana !!!!",kuasa iklan kayak jajah mana website selalu iklan buka jejal iklan serakah bnget buat ngeruk iklan mana mana,1,Negatif,2026-05-14 07:00:11,32,18,1
"Lelet bnget, makin lama makin banyak bug, mohon buat versi standarnya, dan dipisah. Untuk live sendiri, untuk jualan sendiri, untuk shopeePay sendiri. Jangan dijadikan satu, biar gak berat ni aplikasinha. Bukan masalah versi update, bahkan ini saya aupdate otomatis tiap waktu. terlalu banyak affiliator gak jelas bikin aplikasi makin parah.",lambat bnget makin lama makin banyak bug mohon buat versi standar pisah live sendiri jual sendiri shopeepay sendiri jangan jadi satu biar tidak berat ni aplikasinha bukan masalah versi update bahkan aupdate otomatis tiap waktu terlalu banyak affiliator tidak jelas bikin makin buruk,1,Negatif,2026-05-14 06:59:00,50,43,4
"gimana sih,mau daftar dari tadi nggak bisa bisa,baru di pencet aja kembali lagi,gitu terus dari tadi,padal memori hp 8/129 baru ke pakai 30,9 ,wifi normal aja lancar lancar aja,daftarnya susah tau nggak padal ,bukan caranya tapi,selalu aja balik lagi,gimana sih,bikin emosi aja",gimana mau daftar tadi tidak baru pencet gitu terus tadi padal memori hp baru pakai wifi normal lancar lancar daftar susah tau tidak padal bukan cara selalu balik gimana bikin emosi,2,Negatif,2026-05-14 06:54:53,42,31,0
pembelian apapun tidak di ragukan lagi seperti toko sebelah,beli apa tidak ragu toko belah,5,Positif,2026-05-14 06:51:20,9,6,0
shopee memberikan pelayanan dan barang barang yang menarik dan murah meriah walau ada kekurangannya sedikit 🙏👍,beri layan barang barang tarik murah riah kurang sedikit,5,Positif,2026-05-14 06:44:02,16,9,0
barang bagus sesuai depkrisi,barang bagus sesuai depkrisi,5,Positif,2026-05-14 06:38:42,4,4,0
baguss murah meriah,baguss murah riah,5,Positif,2026-05-14 06:37:58,3,3,0
ok sin,sin,5,Positif,2026-05-14 06:34:33,2,1,0
"Shopee ku makin error, masa ngga kelihatan harganya, tulisannya juga bertumpuk. di halaman co juga cm kelihatan buat pesanan aja, ngga bisa discroll.",makin error masa tidak lihat harga tulis tumpuk halaman co cm lihat buat pesan tidak discroll,1,Negatif,2026-05-14 06:27:16,23,16,0
"njissss tiap buka apk apa apa selalu kelempar ke apk ini, lgi buka wttpd tiba2 kelempar ke apk ini, bisa ga si jgn rusak mod org, kalo butuh jg pasti bka apk ini",njissss tiap buka apa apa selalu lempar lgi buka wttpd tiba lempar tidak si jgn rusak mod org kalau butuh bka,1,Negatif,2026-05-14 06:24:21,33,21,1
aplikasi yang sangat bagus menampilkan berbagai barang dengan kualitas baik dan selalu tepat waktu saat kirim barang!!!,sangat bagus tampil bagai barang kualitas baik selalu tepat waktu kirim barang,5,Positif,2026-05-14 06:23:31,17,12,0
Aplikasi admin penjual. LBH murah spk sebellah ap bila JD penjual untuk meng aktifkan gratis ongkir ajj biaya tambahan nya LBH mahal dr PD toko sebelah,admin jual lebih murah spk sebel ap bila jd jual meng aktif gratis ongkos kirim ajj biaya tambah lebih mahal dr toko belah,1,Negatif,2026-05-14 06:17:30,26,23,0
"main blokir ja alikasi ini mentang mentang naik daun,",main blokir ja alikasi mentang mentang naik daun,1,Negatif,2026-05-14 06:17:13,9,8,0
suka pakai shopee Krn bnyk pilihan nya cepat akurat dn ramah kurirnya,suka pakai bnyk pilih cepat akurat dn ramah kurir,5,Positif,2026-05-14 06:16:29,12,9,0
sangat bagus trs cepat terimakasih shopee,sangat bagus trs cepat terimakasih,5,Positif,2026-05-14 06:14:09,6,5,0
cepat sip,cepat sip,5,Positif,2026-05-14 06:13:20,2,2,0
"tolong dihapus aja fitur jemput paket di shopee seller. karena kurir tidak mau jemput, paket berhari-hari di rumah seller, sampai akhirnya harus kirim sendiri ke counter. merugikan seller dan buyer, menunggu sesuatu yg tdk pernah ada",hapus fitur jemput paket seller kurir tidak mau jemput paket hari hari rumah seller akhir kirim sendiri counter rugi seller buyer tunggu tdk pernah,2,Negatif,2026-05-14 06:13:02,36,24,110
yoi,yoi,5,Positif,2026-05-14 06:11:53,1,1,0
"menurut ku bgus blnja di shoope, harga ongkirnya murah",bgus blnja shoope harga ongkirnya murah,5,Positif,2026-05-14 06:10:11,9,6,0
layanan cepat dan aman,layan cepat aman,5,Positif,2026-05-14 06:07:57,4,3,0
"mudah,murah,terpercaya",mudah murah percaya,5,Positif,2026-05-14 06:03:56,1,3,0
ribet banget,ribet banget,1,Negatif,2026-05-14 05:57:23,2,2,0
mantappp tidk pernah gagal,mantappp tidk pernah gagal,5,Positif,2026-05-14 05:57:05,4,4,0
bintang 5 bossku,bintang bossku,5,Positif,2026-05-14 05:51:27,3,2,0
pas,pas,5,Positif,2026-05-14 05:41:36,1,1,0
cepat tepat,cepat tepat,5,Positif,2026-05-14 05:37:49,2,2,0
ni XD,ni xd,2,Negatif,2026-05-14 05:35:11,2,2,0
memudahkn Mecari barang yang didapat,memudahkn mecari barang dapat,5,Positif,2026-05-14 05:33:19,5,4,0
Mantap....!👍👍👍👍👍👍👍👍👍👍👍👍👍👍👍👍👍👍👍👍👍👍👍👍👍👍👍👍👍👍👍👍👍👍👍👍👍,bagus,5,Positif,2026-05-14 05:32:27,1,1,0
shopee Sangat membantu saya dan orang lain dalam memberi layanan pembelian dan penjualan produk.,sangat bantu orang beri layan beli jual produk,5,Positif,2026-05-14 05:27:53,14,8,0
aku lagi baca wp tp kamu ganggu muluu dahal aku udh dow kamuuu sopiiii,baca wp kamu ganggu muluu dahal dow kamuuu sopiiii,1,Negatif,2026-05-14 05:19:27,14,9,1
sangat mudah untuk segala nya,sangat mudah segala,5,Positif,2026-05-14 05:19:00,5,3,0
Bagus banget,bagus banget,5,Positif,2026-05-14 05:18:47,2,2,0
Suka bnget blnja dishopee...apk yg maksimal untuk belanja sesuka hati apapun bisa belanja mempermudah belanja,suka bnget blnja dishopee maksimal belanja suka hati apa belanja mudah belanja,5,Positif,2026-05-14 05:13:17,15,12,0
tdk bagus,tdk bagus,5,Positif,2026-05-14 05:09:41,2,2,0
gak pernah kecewa dg aplikasi shopi.barang selalu sesuai dan lbh mudah transaksinya.rekomond bngt pokoknya,tidak pernah kecewa shopi barang selalu sesuai lebih mudah transaksi rekomond banget pokok,5,Positif,2026-05-14 05:07:54,14,13,0
Pusat belanja terlengkap dan murah,pusat belanja lengkap murah,5,Positif,2026-05-14 05:01:06,5,4,0
oke membantu,bantu,5,Positif,2026-05-14 04:18:14,2,1,0
shopee dpat membatu kami untk berbelaja lbh murah dan berkualitas baik 😊😊👍👍👍,dpat batu untk baja lebih murah kualitas baik,5,Positif,2026-05-14 04:10:02,12,8,0
sangat membangu,sangat membangu,5,Positif,2026-05-14 04:04:17,2,2,0
The most supportive shopping place right now,the most supportive shopping place right now,5,Positif,2026-05-14 04:03:45,7,7,0
Jempol...pol...,jempol pol,5,Positif,2026-05-14 03:59:58,1,2,0
"IKLAN YANG SANGAT MENGGANGGU padahal sudah bagus aplikasinya, sayang sekali selalu mengganggu ketika kita buka aplikasi lain, tiba"" dihubungkan ke halaman shopee. Jadi males download shopee sekali lagi bisa diperbaiki JANGAN MENGGANGGU! IKLAN SAMPAH!",iklan sangat ganggu padahal bagus aplikasi sayang sekali selalu ganggu buka tiba hubung halaman jadi males download sekali baik jangan ganggu iklan sampah,1,Negatif,2026-05-14 03:50:32,34,23,0
bagus dan nyaman,bagus nyaman,5,Positif,2026-05-14 03:44:27,3,2,0
"aplikasi ini bagus, cuma mengganggu saya saat membuka aplikasi lain. iklannya ada aja setiap detik padahal saya gk ngentuh/belum nyentuh aja sudah di suruh buka aplikasi shopee. tolong jgn banyak2 iklan di aplikasi lain dong🙏 apalagi saat gk nyentuh iklan nya.",bagus cuma ganggu buka iklan detik padahal tidak ngentuh belum nyentuh suruh buka jgn banyak iklan tidak nyentuh iklan,3,Netral,2026-05-14 03:40:37,41,19,0
saya tidak bisa mengambil kembali saldo saya karena saya tidak bisa login kembali karena kehilangan nomor telp saya. setidaknya uang kami bisa dikembalikan. jangan menjebak kami.,tidak ambil saldo tidak login hilang nomor telp uang kembali jangan jebak,1,Negatif,2026-05-14 03:38:56,26,12,0
semoga dapat membantu,moga bantu,4,Positif,2026-05-14 03:36:20,3,2,0
sangat membatu kita tinggal nunggu aja di rumah,sangat batu tinggal nunggu rumah,5,Positif,2026-05-14 03:29:52,8,5,0
belanja bae guamah biar kata nganggur ge bagen yg penting hati gua senang biar kata kasbon bae ke bos huahahahahaydedeh,belanja bae guamah biar kata nganggur ge bagen penting hati gua senang biar kata kasbon bae bos huahahahahaydedeh,5,Positif,2026-05-14 03:22:22,20,18,0
emejing,emejing,5,Positif,2026-05-14 03:17:05,1,1,0
aplikasi belanja online yang oke banyak pilihan dengan harga hemat,belanja online banyak pilih harga hemat,5,Positif,2026-05-14 03:16:24,10,6,0
cukup bintang yang berbicara,cukup bintang bicara,5,Positif,2026-05-14 03:00:08,4,3,0
TLG DONG IKLANNYA GANGGU BGT!!!!,iklan ganggu banget,1,Negatif,2026-05-14 02:44:03,5,3,0
baru pake COD 6x COD udh eror / gk bisa di pake buruk,baru pake bayar tempat bayar tempat eror tidak pake buruk,1,Negatif,2026-05-14 02:27:14,13,10,0
"kegunaan,koin in untuk apa",guna koin in apa,5,Positif,2026-05-14 02:26:53,4,4,0
kenapa sih skrg shopee KLO pake akun baru harganya tetep aja mahal,sekarang kalau pake akun baru harga tetep mahal,4,Positif,2026-05-14 02:19:02,12,8,0
mantap 👍,bagus,5,Positif,2026-05-14 02:18:46,2,1,0
ada beberapa toko yg nakal... barang dikirim tdk sesuai lalu saat di ajukan pengembalian malah lama prosesnya...,beberapa toko nakal barang kirim tdk sesuai lalu aju kembali malah lama proses,2,Negatif,2026-05-14 02:18:42,17,13,0
Paket lebih sepuluh hari stuck di status proses terus paket tidak sampai ke tangan konsumen saya 4 kali bikin laporan chat cs shoope cht cs spx tau tau nya paket saya di retur gitu aja gak ada solusi sama sekali.,paket lebih puluh hari stuck status proses terus paket tidak tangan konsumen kali bikin lapor chat cs shoope cht cs spx tau tau paket retur gitu tidak solusi sama sekali,1,Negatif,2026-05-14 02:13:28,40,30,0
"shopee nya sebenernya gak masalah, tapi spx express nya yg sering bermasalah, sering bgt pesanan stuck di DC di beberapa tempat, ntah karena kebanyakan pesanan atau memang pihak expedisi nya yg ngaret, saran sih tambahin expedisi kek j&t atau JNE kalo memang kewalahan, daripada kehilangan customer",sebenernya tidak masalah spx express sering masalah sering banget pesan stuck dc beberapa tempat ntah banyak pesan memang pihak expedisi ngaret saran tambahin expedisi kek jne kalau memang kewalahan hilang customer,1,Negatif,2026-05-14 02:07:06,46,31,0
"apk ini sangat lengkap ,& cukup mmbantu dalam kebutuhan dalam sgla hal..",sangat lengkap cukup mmbantu butuh sgla,5,Positif,2026-05-14 02:05:21,12,6,0
semoga toko2 fiktif dshopee cepat2 dhpus..sering kcewa dengn toko2 fiktif,moga toko fiktif dshopee cepat dhpus sering kcewa dengn toko fiktif,5,Positif,2026-05-14 01:44:14,10,11,0
baik barang sampe dengan kondisi aman,baik barang sampe kondisi aman,5,Positif,2026-05-14 01:26:20,6,5,0
jangan coba² transfer atau bayar qris lewat saldo shopeepay. bisa terjadi saldo berkurang namun tidak sampai. gunakan shopee untuk belanja saja. kalaupun shopeepay nya di isi itu untuk belanja barang bukan untuk bayar qris/ transfer,jangan coba transfer bayar qris lewat saldo shopeepay jadi saldo kurang tidak guna belanja kalaupun shopeepay isi belanja barang bukan bayar qris transfer,1,Negatif,2026-05-14 01:25:33,35,23,1
"tolong iklan shopee nya di kurangin ya, lama lama bikin emosi klu lagi enak enak main game atau nonton film, klu bukan karna enak belanja disini udh di hapus ini apk, lagi main game iklan shopee langsung tiba tiba masuk ke apk shopee nya, game jadi di ulang lagi sumpah itu ngeselin banget",iklan rangin lama lama bikin emosi klu enak enak main game nonton film klu bukan enak belanja sini hapus main game iklan langsung tiba tiba masuk game jadi ulang sumpah ngeselin banget,1,Negatif,2026-05-14 01:25:00,53,32,0
saat ini sangat memuaskan tak perlu keluar di sjh sdh dtg sendiri brgx,sangat muas tak perlu keluar sjh dtg sendiri brgx,5,Positif,2026-05-14 01:23:01,13,9,0
"nyebelin banget ini iklan asli, iklan apk ini doang yg bnr bnr ganggu",nyebelin banget iklan asli iklan doang bnr bnr ganggu,1,Negatif,2026-05-14 01:07:06,13,9,1
"Foto produk di branda depan tidak bisa di klik, yang bisa di klik cuma yang ada vidionya saja.",foto produk branda depan tidak klik klik cuma vidionya,3,Netral,2026-05-14 01:04:28,18,9,3
"tolong buat yang belum mencairkan Spay pinjam, tolong jangan dicairkan, nanti kamu menyesal kalo mencairkan, tiba"" ada tagihan goib dari S paylater",buat belum cair spay pinjam jangan cair kamu sesal kalau cair tiba tagih goib paylater,1,Negatif,2026-05-14 01:02:34,22,15,0
sangat memuaskan belanja di aplikasi shopee,sangat muas belanja,5,Positif,2026-05-14 00:52:44,6,3,0
sangat baik lho,sangat baik lho,5,Positif,2026-05-14 00:47:16,3,3,0
"dulu saya kasih bintang 3 sekarang saya turunin lagi menjadi bintang 2 gara2 setiap di buka langsung masuk video sangat mengangu, padahal orang kalo buka Shopee kan untuk belanja bukan untuk nonton video ngerti nggak",dulu kasih bintang sekarang turunin jadi bintang gara buka langsung masuk video sangat mengangu padahal orang kalau buka kan belanja bukan nonton video ngerti tidak,2,Negatif,2026-05-14 00:47:00,35,25,0
shope sangat membatu jga memudahkan wat kebutuhan,sangat batu jga mudah wat butuh,5,Positif,2026-05-14 00:45:44,7,6,0
"jasa kirimnya semakin lama semakin buruk,, lambat sekali dalam pengiriman barangnya. ngasih estimasinya juga gak kira-kira terlalu lama.buruk",jasa kirim makin lama makin buruk lambat sekali kirim barang ngasih estimasi tidak kira kira terlalu lama buruk,1,Negatif,2026-05-14 00:41:10,18,18,0
"luar biasa , terjamin , sangat mmbantu.",luar biasa jamin sangat mmbantu,5,Positif,2026-05-14 00:34:36,7,5,0
ada yang bisa beritahu cara bayar pakai saldo dana e-walet/QR dana (newbie),beritahu cara bayar pakai saldo dana walet qr dana newbie,5,Positif,2026-05-14 00:29:16,12,10,0
"2 Kali kena pembatalan gara-gara Toko g segera proses, sangat mengecewakan",kali kena batal gara gara toko segera proses sangat kecewa,1,Negatif,2026-05-14 00:27:22,11,10,0
shopee pusat Perbelanjaan Yang Sangat mudah,pusat belanja sangat mudah,5,Positif,2026-05-14 00:26:54,6,4,0
"Sangat membantu, produk banyak pilihan, selalu ada diskon dan gratis ongkir. Pokoknya mah top markotoplah.",sangat bantu produk banyak pilih selalu diskon gratis ongkos kirim pokok mah top markotoplah,5,Positif,2026-05-14 00:22:38,15,14,0
sangat bagus untuk belanja di shopy,sangat bagus belanja shopy,5,Positif,2026-05-14 00:10:52,6,4,0
kampreeetttt.......,kampreeetttt,1,Negatif,2026-05-14 00:05:20,1,1,1
"aplikasi yg sangat membantu kita mendapatkankebutuhan yg tidak ada di daerah kita, dan jarang nemu seler yg gak amanah... walau pernah dapat seler yg gitu... tapi gak nyesel kok pakai Shopee... sangat sangat membantu deh... apalagi ada paylater n spinjam🫰",sangat bantu mendapatkankebutuhan tidak daerah jarang nemu seler tidak amanah pernah seler gitu tidak nyesel kok pakai sangat sangat bantu paylater spinjam,5,Positif,2026-05-14 00:04:51,40,22,0
Kurang responsif,kurang responsif,1,Negatif,2026-05-14 00:04:12,2,2,0
"pemakaian pertama kali biasa nya lebih murah,suka sekali dengan shopee Indonesia ini,luar biasa best",pakai pertama kali biasa lebih murah suka sekali indonesia luar biasa best,5,Positif,2026-05-14 00:04:03,14,12,0
makasih,terima kasih,5,Positif,2026-05-14 00:03:31,1,2,0
untuk shope tolong orderan instan jangan di gabung gabung ke driver pesan pagi datang sore instan itu barang urgent pengen cepet sampai pake prioritas sama saja bayar lebih mahal tapi tetep di gabung dulu pelayanan cepat sekarang kok malah di gabung gabung Al hasil kadang pesan pagi datang sore atau malem,order instan jangan gabung gabung driver pesan pagi datang sore instan barang urgent ken cepat pake prioritas sama bayar lebih mahal tetep gabung dulu layan cepat sekarang kok malah gabung gabung al hasil kadang pesan pagi datang sore malem,5,Positif,2026-05-14 00:02:57,51,39,0
Puas belanja di shopee,puas belanja,5,Positif,2026-05-14 00:00:24,4,2,0
saya kalau ada promo 100% baru instal Shopee.. kalau gak ada hapus lah shopee terlalu banyak #BUG hp berat,kalau promo baru instal kalau tidak hapus terlalu banyak hp berat,5,Positif,2026-05-13 23:58:53,19,11,1
aplikasi belanja online yg baik hemat dan efektif.sangat memuaskan.,belanja online baik hemat efektif sangat muas,5,Positif,2026-05-13 23:55:01,9,7,0
kasih bintang 1,kasih bintang,1,Negatif,2026-05-13 23:54:43,3,2,0
"driver shopefoodnya ga sopan bangat sumpah, masa yang begitu bisa lolos jadi dirver parah ini shope asal terima dirver .",driver shopefoodnya tidak sopan bangat sumpah masa lolos jadi dirver buruk asal terima dirver,1,Negatif,2026-05-13 23:51:37,20,14,0
"Min, ini setelah update tombol flashsale nya mana oit? kok gada lagiii",min update tombol flashsale mana oit kok gada lagiii,2,Negatif,2026-05-13 23:50:24,12,9,0
mantaf,mantaf,5,Positif,2026-05-13 23:49:07,1,1,0
gatel,gatel,1,Negatif,2026-05-13 23:47:39,1,1,0
ok sangat membantu,sangat bantu,5,Positif,2026-05-13 23:47:38,3,2,0
Semua keperluan jadi lebih mudah didapatkan,semua perlu jadi lebih mudah dapat,5,Positif,2026-05-13 23:42:06,6,6,0
shopee murah dan bagus,murah bagus,5,Positif,2026-05-13 23:42:05,4,2,0
"lama, barang hilang, iklannya bikin emosi. buka aplikasi lain malah shopee yg keluar, iklan dah banyak malah ngeganggu pula pas buka aplikasi buat belajar atau main, bintang satu lahh nih aplikasi",lama barang hilang iklan bikin emosi buka malah keluar iklan dah banyak malah ngeganggu pas buka buat ajar main bintang satu lahh,1,Negatif,2026-05-13 23:41:45,31,22,0
"saya pernah mengajukan pinjaman di sp pinjam beberapa kali, selalu bayar sebelum jatuh tempo. bahkan pernah melunasi sebelum tenor. namun, angsuran terakhir pada pinjaman terakhir ada keterlambatan 2-3 hari. setelah itu pengajuan saya tidak pernah disetujui lagi.. apakah ada syarat untuk bisa disetujui lagi pengajuan pinjaman saya?",pernah aju pinjam sp pinjam beberapa kali selalu bayar jatuh tempo bahkan pernah lunas tenor angsur akhir pinjam akhir lambat hari aju tidak pernah tuju syarat tuju aju pinjam,3,Netral,2026-05-13 23:39:15,47,29,0
bisa gaksih kalok malam² pas aku main itu jangan mindahin ke shopee kan jadi keganggu!.. jangan lagi ya mi,gaksih kalok malam pas main jangan mindahin kan jadi ganggu jangan mi,3,Netral,2026-05-13 23:38:15,19,12,0
"aku sebenarnya suka bangeg belanja di shopee tapi pliss lah iklan nya jangan maksa banget kadang keganggu loh lagi nonton lagi main game jugaa tiba2 masuk ke akun shopee nyaa bikin risih juga,iyaa tau banyak promo tapi jangan maksa tiba² masuk ke aplikasi dong ganggu ajaa risih tau coba tolong kalo iklanin jangan terlalu berlebihan yg ada juga risih orang jadinya sebel banget heran gak pencet juga tiba2 masuk shopee lagi nonton gak jelas bangettttt",benar suka bangeg belanja pliss iklan jangan maksa banget kadang ganggu loh nonton main game jugaa tiba masuk akun nyaa bikin risih iyaa tau banyak promo jangan maksa tiba masuk ganggu ajaa risih tau coba kalau iklanin jangan terlalu lebih risih orang jadi sebel banget heran tidak pencet tiba masuk nonton tidak jelas bangettttt,5,Positif,2026-05-13 23:37:08,75,54,1
bagus bngt👍👍,bagus banget,5,Positif,2026-05-13 23:33:39,2,2,0
mantap aplikasi shopee aplikasi berguna banget .sukses selalu,bagus guna banget sukses selalu,5,Positif,2026-05-13 23:29:29,8,5,0
bagus dalam pengunaan,bagus pengunaan,5,Positif,2026-05-13 23:24:12,3,2,0
menarik tapi minta nambah 🫣,tarik minta nambah,5,Positif,2026-05-13 23:23:56,5,3,0
aplikasi ngga jelas setiap mau co mlah ngga bisa klo blom update ngga bisa co apa2 padahal masuk aplikasi ny ngga di kasih tau harus update,tidak jelas mau co mlah tidak kalau belum update tidak co apa padahal masuk ny tidak kasih tau update,1,Negatif,2026-05-13 23:23:20,26,19,0
lemot banyak iklan tampilan bikin pusing,lambat banyak iklan tampil bikin pusing,1,Negatif,2026-05-13 23:21:40,6,6,0
barang sesuai pesanan gak kayak lajada gak sesuai,barang sesuai pesan tidak kayak lajada tidak sesuai,5,Positif,2026-05-13 23:19:37,8,8,0
Sekarang gak kyk dulu. Makin lemot dan meski ada gratis ongkir tu byk biaya2 penanganan dan masih kena ongkir setengahnya.beralih blanja kesebelas skrg,sekarang tidak kyk dulu makin lambat meski gratis ongkos kirim tu byk biaya tangan kena ongkos kirim tengah alih blanja sebelas sekarang,5,Positif,2026-05-13 23:18:08,23,22,0
oke jadi lancar urusan,jadi lancar urus,5,Positif,2026-05-13 23:10:23,4,3,0
Saya top up shopeepay dari kemarin gak masuk masuk. Dan gak ada bantuan sama sekali dari pihak shopee. Padahal saya member gold,top up shopeepay kemarin tidak masuk masuk tidak bantu sama sekali pihak padahal member gold,5,Positif,2026-05-13 23:08:33,22,15,0
MINNN INI TOTAL BELANJAA NYA YG MANAA YAAA MAAF BGTT SOALNYA BARUU BELANJAA DII SHOPEE AKU TERTARIK AJAA GITUU SOALNYA KAYAKK AMANAHHH DAN MURAHH' MOGAA DII BALESSS YAWWW I LOVE SHOPEE🧡🧡,minnn total belanjaa manaa yaaa maaf bgtt soal baruu belanjaa dii tarik ajaa gituu soal kayakk amanahhh murahh mogaa dii balesss yawww love,5,Positif,2026-05-13 23:07:43,31,23,0
kalau shopee masih dipercaya,kalau percaya,5,Positif,2026-05-13 23:07:25,4,2,0
tepat waktu kemasan rapi dan pesanan hampir tidak pernah cacat saat perjalanan,tepat waktu kemas rapi pesan hampir tidak pernah cacat jalan,5,Positif,2026-05-13 23:06:25,12,10,0
ini knpa dh akun ku semua keblokir di 3hp pd keblokir g bisa log in,knpa dh akun semua blokir hp blokir log in,1,Negatif,2026-05-13 23:03:02,15,9,0
aku punya bilang ke shopee terimakasih,punya bilang terimakasih,5,Positif,2026-05-13 22:54:20,6,3,0
"andai bintang ada 100 aku kasih,,sebenarnya suka sama shopee,,bagus dan MANTAP,,tapi kenapa limit 300rb saja kok dibikin ribet.habis dibuat belanja trus belanja lagi DIBLOKIR suruh nunggu tgl yg tertera.Limit sudah kecil dibikin susah sekali sama pihak terkait dishopee,,,tolonglah saya bayar tagihan tidk pernah terlambat.kok dibikin sprti ini,,,trima kasih🙏",andai bintang kasih benar suka sama bagus bagus limit rb kok bikin ribet habis buat belanja trus belanja blokir suruh nunggu tgl tera limit kecil bikin susah sekali sama pihak kait dishopee tolong bayar tagih tidk pernah lambat kok bikin sprti trima kasih,2,Negatif,2026-05-13 22:48:00,48,43,0
"hm gajelas banget deh, kalau udh top up buat belanja di Shopee food kadang kurng 1000 kadang ga pake 1000,tolong lebih jelas donk, sebenarnya pake admin 1000 atau ngk, jadi kurng"" kalau top up ahk",hm gajelas banget kalau top up buat belanja food kadang kurng kadang tidak pake lebih jelas donk benar pake admin ngk jadi kurng kalau top up ahk,1,Negatif,2026-05-13 22:46:02,35,27,0
"Aplikasi yg sungguh gak ada duanya harga terjangkau kualitas bukan kaleng kaleng, serta sangat membantu karna Ongkir paling murah",sungguh tidak dua harga jangkau kualitas bukan kaleng kaleng sangat bantu ongkos kirim paling murah,5,Positif,2026-05-13 22:45:55,19,15,0
tong beri aku diskon untuk membeli joran pancing dan aplikasi jagan apdet lagi,tong beri diskon beli joran pancing jagan apdet,3,Netral,2026-05-13 22:44:52,13,8,0
ok baik,baik,5,Positif,2026-05-13 22:43:28,2,1,0
lagi main bs notif ganggu,main bs notif ganggu,1,Negatif,2026-05-13 22:24:19,5,4,0
ga bisa lagi buat membeli,tidak buat beli,1,Negatif,2026-05-13 22:21:43,5,3,0
bagus👍,bagus,5,Positif,2026-05-13 22:19:00,1,1,0
"makin banyak penipu , apakah shopee tidak survei penjual",makin banyak tipu tidak survei jual,1,Negatif,2026-05-13 22:17:41,9,6,0
akses toko online luas dan beraneka ragam serta menyediakan harga yg beragam...semoga terus maju dan saling menguntungkan dan memudahkan,akses toko online luas aneka ragam sedia harga agam moga terus maju saling untung mudah,5,Positif,2026-05-13 22:16:30,19,15,0
"ini aplikasi kenapa si, bayar pakai shopeepay later lama banget loading nya..dulu gak kayak gini, bukannya menjadi lebih baik malah jadi buruk",si bayar pakai shopeepay later lama banget loading dulu tidak kayak gin bukan jadi lebih baik malah jadi buruk,1,Negatif,2026-05-13 22:15:35,22,19,0
jelek fiturnya lambat banget dan minta afgred terus gak kaya lazada dan onshop lainnya. tambah lelet apalagi ruang chat seler waduh gak kebuka buka,buruk fiturnya lambat banget minta afgred terus tidak kaya lazada onshop lain tambah lambat ruang chat seler waduh tidak buka buka,1,Negatif,2026-05-13 22:15:02,24,21,1
shopee ok,,5,Positif,2026-05-13 22:13:37,2,0,0
halah sp latter sampai kapan di bekukan broh? belagu banget apk kalau udh punya nama beda sama sebelah,halah sp latter kapan beku broh belagu banget kalau punya nama beda sama belah,1,Negatif,2026-05-13 22:08:42,18,14,0
"pertama kali belanja di soppee dapat pengalaman tidak enak kulir spx gak mau anter paket ujung² nya pitnah pembeli menolak paket padahal kulir gk pernah ngirim paket ke pemesan. keterlaluan emang itu kulir spx. jadi males belanja di soppee kalau kulir nya seperti ini. saya sering belanja di lazada belum pernah dapat kulir seperti ini. ini saya nyoba di soppee, pembelian pertama langsung dapat kulir seperti ini ,jadi ragu mau pesan barang di soppee .",pertama kali belanja soppee alam tidak enak kulir spx tidak mau anter paket ujung pitnah beli tolak paket padahal kulir tidak pernah ngirim paket mes terlalu memang kulir spx jadi males belanja soppee kalau kulir sering belanja lazada belum pernah kulir nyoba soppee beli pertama langsung kulir jadi ragu mau pesan barang soppee,1,Negatif,2026-05-13 22:05:51,75,53,0
"sangat membantu kebutuhan kami dan memudahkan apa yang kami cari sehari hari,ku ucapkan terima kasih adanya aplikasi ini,",sangat bantu butuh mudah apa cari hari hari ucap terima kasih ada,5,Positif,2026-05-13 21:56:39,18,12,0
Semoga sukses,moga sukses,5,Positif,2026-05-13 21:55:42,2,2,0
"soalnya saat iklan, sudah benar memencet tanda silang malah ke aplikasi nya",soal iklan benar pencet tanda silang malah,1,Negatif,2026-05-13 21:47:52,12,7,0
"kirim barang pakai spx barangnya hilang,dana tidak dikembalikan",kirim barang pakai spx barang hilang dana tidak kembali,1,Negatif,2026-05-13 21:45:03,8,9,0
kadang penjual nya lambat,kadang jual lambat,4,Positif,2026-05-13 21:44:51,4,3,0
Shoope sekarang uda mulai gk beres buat pengirimannya. Saya Pesan 4 jenis ditoko yg berbeda dari Tgl 5 Mei sampe skrg tgl 13 Mei barang yg saya Pesan cuma 2 jenis yg datang. Padahal saya sudah saya bayar LUNAS. Jadi Tolong dr pihak shoope untuk slalu berkordinasi sama pihak toko yg bekerjasama sama pihak shoope untuk mengutamakan Pelayanannya dengan customer lebih Profesional.!!!! Disini saya secara pribadi SANGAT KECEWA atas Pelayanan Shoope...!!!!!,shoope sekarang uda mulai tidak beres buat kirim pesan jenis toko beda tgl mei sampe sekarang tgl mei barang pesan cuma jenis datang padahal bayar lunas jadi dr pihak shoope slalu berkordinasi sama pihak toko bekerjasama sama pihak shoope utama layan customer lebih profesional sini pribadi sangat kecewa atas layan shoope,1,Negatif,2026-05-13 21:44:38,71,51,0
tolong shopee buka paylaternya,buka paylaternya,5,Positif,2026-05-13 21:39:23,4,2,0
"shopee merupakan tempat belanja terbaik, terpercaya dan termurah.👍👍👍👍👍",rupa tempat belanja baik percaya murah,5,Positif,2026-05-13 21:37:59,8,6,0
"sangat membantu,dan sangat bagus.",sangat bantu sangat bagus,5,Positif,2026-05-13 21:35:59,4,4,0
Belanja lebih mudah,belanja lebih mudah,5,Positif,2026-05-13 21:33:41,3,3,0
"ADA KENDALA PAKET, UDAH CHAT CS TAPI GADA YANG MEMBANTU SAMA SEKALI. PAKET SUDAH SETENGAH BULAN TIDAK SAMPAI SAMPAI. TIAP NYOBA CHAT CS JAWABAN SELALU TEMPLAT DI JAWAB OLEH AI BUKAN PETUGAS.",kendala paket chat cs gada bantu sama sekali paket tengah bulan tidak tiap nyoba chat cs jawab selalu templat jawab ai bukan tugas,1,Negatif,2026-05-13 21:33:38,32,23,0
mantaffff,mantaffff,5,Positif,2026-05-13 21:32:30,1,1,0
aku suka belanja di shopee ini aku akan bagi bintang 5,suka belanja bintang,5,Positif,2026-05-13 21:31:14,11,3,0
"aplikasi Shopee belanja emang bagus kalo dr sisi pembeli,tp dari sisi sistem dan buat driver apk ini terlalu tidak berprikemanusiaan",belanja memang bagus kalau dr sisi beli sisi sistem buat driver terlalu tidak berprikemanusiaan,1,Negatif,2026-05-13 21:30:16,20,14,0
Hrg yg terjangkau ongkos kirim terlalu mhl,harga jangkau ongkos kirim terlalu mhl,3,Netral,2026-05-13 21:30:10,7,6,0
proses cepat 👍👍👍,proses cepat,5,Positif,2026-05-13 21:23:57,3,2,0
min kurir anteraja bermasalah paket saya non cod di retur truss kasian si penjual KLO kena biaya gara ekspedisi nggak jelas cabut itu,min kurir anteraja masalah paket non bayar tempat retur truss kasi si jual kalau kena biaya gara ekspedisi tidak jelas cabut,5,Positif,2026-05-13 21:23:17,23,21,0
"halo shopee, mohon kalo bikin iklan yang bener dong masa udah pencet tanda X masih aja ke playstore",halo mohon kalau bikin iklan bener masa pencet tanda playstore,1,Negatif,2026-05-13 21:23:12,18,10,0
biarkan bintang yang menjelaskan,biar bintang jelas,5,Positif,2026-05-13 21:23:04,4,3,0
Aplikasi belanja online yang sangat memuaskan,belanja online sangat muas,5,Positif,2026-05-13 21:19:57,6,4,1
lengkap dan terpercaya,lengkap percaya,5,Positif,2026-05-13 21:19:31,3,2,0
sangat bagus dan dipertahankan aplikasi nya,sangat bagus tahan,5,Positif,2026-05-13 21:18:59,6,3,0
emang keren sih nih shopee gua terharu🤭🤭🤭🤭🤭🤭🤭 maaf shopee,memang keren gua haru maaf,5,Positif,2026-05-13 21:18:38,9,5,0
Sudah banyak konsumen yang dikecewakan oleh ekspedisi sicepat rekomendasi shopee tapi kenapa shopee masih mau pakai ekspedisi itu? Memilih ekspedisi rekanan dengan rating buruk bisa menjatuhkan rating shopee juga.. semoga bisa menjadi pertimbangan shopee kedepannya.,banyak konsumen kecewa ekspedisi sicepat rekomendasi mau pakai ekspedisi pilih ekspedisi rekan rating buruk jatuh rating moga jadi timbang depan,2,Negatif,2026-05-13 21:18:11,35,20,0
layanan instant parah bener susah dapet driver parah,layan instant buruk bener susah driver buruk,1,Negatif,2026-05-13 21:17:13,8,7,0
aplikasi yang sangat membantu dan bermanfaat,sangat bantu manfaat,5,Positif,2026-05-13 21:16:17,6,3,0
"dengan adanya Shopee klo lgi males beli offline jdi mempermudah bgt siii hehehe enakeun bgt, cuma kudu sabar aja klo ga milih pengiriman yg express hehehe",ada kalau lgi males beli offline jdi mudah banget siii hehehe enakeun banget cuma kudu sabar kalau tidak milih kirim express hehehe,5,Positif,2026-05-13 21:16:08,26,22,0
"makin lama makin mahal Ongkir nyaaa oiii, yg biaya penanganan lah,inilah,itulah banyak banget,masak kita sebagai pembeli yg nanggung, Harga murah tapi ongkir nya mahal Sama aja bohong...... perbaiki lagi shopeeee",makin lama makin mahal ongkos kirim nyaaa oiii biaya tangan ini banyak banget masak beli nanggung harga murah ongkos kirim mahal sama bohong baik shopeeee,1,Negatif,2026-05-13 21:14:54,30,25,0
gacor boss ku,gacor boss,5,Positif,2026-05-13 21:09:15,3,2,0
"aplikasi bobrok masa bisa ngasih qris scam, pesanan belum terbayar tapi mutasi rekening kepotong?. penanganan lama ga jelas",bobrok masa ngasih qris scam pesan belum bayar mutasi rekening potong tangan lama tidak jelas,1,Negatif,2026-05-13 21:08:05,18,15,0
"Tolong kenapa sekarang ada fitur biaya layanan, kita yg jual di real life untung 1k malah gajadi untung gara2 biaya layanan ini. Apalah coba makin hari makin dipersulit",sekarang fitur biaya layan jual real life untung malah gajadi untung gara biaya layan apa coba makin hari makin sulit,1,Negatif,2026-05-13 21:07:01,28,20,0
Bagus sangat membantu,bagus sangat bantu,5,Positif,2026-05-13 21:06:12,3,3,0
harga terjangkau,harga jangkau,5,Positif,2026-05-13 21:05:53,2,2,0
wah keren sekali,wah keren sekali,5,Positif,2026-05-13 21:03:37,3,3,0
app oLstore terbaik👍👍👍👍👍,olstore baik,5,Positif,2026-05-13 21:02:10,3,2,0
LANGGANAN,langgan,5,Positif,2026-05-13 20:59:01,1,1,0
"shopee sekarang kenapa susah login dan jika kita sdh pernah mendaftarkan no. sebelumnya ke 1 akun, terus buat lagi 1 akun tapi ngak bisa pakai no yg sama padahal no nya masih aktif alasan nya ngak jelas padahal dulu bisa buat beberapa akun pakai no yg sama, dan skrg jugo kenapa shopee sring tiba2 log out tiba2, jadinya kan tiap mau belanja harus login duluu, tolong diperbaiki yaa terkhusus untuk no telpon untuk beberapa akun,karna untuk saya yg pelupa kata sandii ini sgt2 butuh perbaikan",sekarang susah login pernah daftar no belum akun terus buat akun ngak pakai no sama padahal no aktif alas ngak jelas padahal dulu buat beberapa akun pakai no sama sekarang jugo sring tiba log out tiba jadi kan tiap mau belanja login duluu baik yaa khusus no telpon beberapa akun lupa kata sandi sgt butuh baik,1,Negatif,2026-05-13 20:57:43,85,56,0
buruk,buruk,1,Negatif,2026-05-13 20:56:01,1,1,0
gara² spx jadi sering return barang.. masa iya kurir ny ga ada cht... tau² d return... kurir s6 melayangsari rendu affandy peak,gara spx jadi sering return barang masa kurir ny tidak cht tau return kurir melayangsari rendu affandy peak,1,Negatif,2026-05-13 20:52:24,22,18,0
semoga selalu menjadi aplikasi yang bermanfaat bagi semua orang khusus rakyat indonesia,moga selalu jadi manfaat semua orang khusus rakyat indonesia,5,Positif,2026-05-13 20:50:17,12,9,0
"Shopee telah mengganti kerugian saya dengan memberi voucher belanja karena ulah seller an.Elegan Home atas kekurangan ornamen lampu gantung yg saya pesan, tapi saya masih kecewa karena shopee tidak menampakkan ulasan bintang 1 saya di toko Elegan home, padahal gak ada kata² yang kasar, bersekongkol kayaknya shopee sama sellernya. heran saya🤔",ganti rugi beri voucher belanja ulah seller an elegan home atas kurang ornamen lampu gantung pesan kecewa tidak tampak ulas bintang toko elegan home padahal tidak kata kasar sekongkol kayak sama sellernya heran,2,Negatif,2026-05-13 20:49:55,51,33,0
"Bagus, kurirnya ramah, dan membantu ketika ada pesanan yg tidak sesuai.",bagus kurir ramah bantu pesan tidak sesuai,5,Positif,2026-05-13 20:48:45,11,7,0
"Shopee jujur sekarang kikir banget. Co barang kebanyakan admin ini itu. Mau pesen shopeefood lebih parah, biaya layanan aja 6k, mau saingan sama ongkir? blm lagi ada biaya tambahan 500p untuk pesanan dibawah 30k, tapi pasti lama-lama naik nantinya. lama² ga worth it aplikasi ini",jujur sekarang kikir banget co barang banyak admin mau sen shopeefood lebih buruk biaya layan mau saing sama ongkos kirim belum biaya tambah pesan bawah lama lama naik nanti lama tidak worth it,1,Negatif,2026-05-13 20:43:04,45,33,0
kurir spx tolong disangsi! paket udah diterima tapi barang belum sampai.,kurir spx sangsi paket terima barang belum,1,Negatif,2026-05-13 20:42:45,11,7,0
"CHAT SFOOD BENERIN LAHH, SERING BANGET TIAP MAU CHAT DRIVER MALAH GAGAL DAN GA BISA DI KIRIM.",chat sfood benerin lahh sering banget tiap mau chat driver malah gagal tidak kirim,3,Netral,2026-05-13 20:42:34,17,14,0
mantap dan terbaik,bagus baik,5,Positif,2026-05-13 20:39:47,3,2,0
sekrag tidak bisa cod mohon pihak shopee knapa sya tidak bisa cod,sekrag tidak bayar tempat mohon pihak knapa sya tidak bayar tempat,2,Negatif,2026-05-13 20:39:09,12,11,0
layanan otomatis mantap,layan otomatis bagus,5,Positif,2026-05-13 20:36:10,3,3,0
mantap aplikasinya,bagus aplikasi,4,Positif,2026-05-13 20:34:04,2,2,0
menurut saya shopee sangat membatu sy dalam berbelanja online dan harganya pung sangat terjangkau,sangat batu belanja online harga pung sangat jangkau,5,Positif,2026-05-13 20:33:16,14,8,0
pengiriman lama banget dan keterangan sering berubah ubah tanpa kejelasan,kirim lama banget terang sering ubah ubah tanpa jelas,1,Negatif,2026-05-13 20:31:50,10,9,0
Saya sangat senang sekali.,sangat senang sekali,5,Positif,2026-05-13 20:29:23,4,3,0
thanks shoope,thanks shoope,5,Positif,2026-05-13 20:26:13,2,2,0
"pesanan di terima tapi barang datang ad yg enggak sesuai kadang bajunya ada nodanya, di retur tokonya enggak mau, bikin kapok di shopee.",pesan terima barang datang ad tidak sesuai kadang baju noda retur toko tidak mau bikin kapok,1,Negatif,2026-05-13 20:23:20,23,16,0
selalu belanja d shopee harga murah kualitas bagus,selalu belanja harga murah kualitas bagus,5,Positif,2026-05-13 20:21:54,8,6,0
Bagus min,bagus min,5,Positif,2026-05-13 20:21:10,2,2,0
iklan maksa pengiriman gak jelas suka ngebatalin sembarangan pokoknya sampah ni aplikasi,iklan maksa kirim tidak jelas suka ngebatalin sembarang pokok sampah ni,1,Negatif,2026-05-13 20:19:44,12,11,0
sangat cocok bagi yg wfh,sangat cocok wfh,5,Positif,2026-05-13 20:18:22,5,3,0
kurir shopee makin ke snih makin aneh klau paket yang udh di bayar langsung pasti pesan di tunda satu hari beda dengan paket cod pasti tepat waktu ada apa dengan pelayanan shoppe sekarang aneh,kurir makin snih makin aneh klau paket bayar langsung pesan tunda satu hari beda paket bayar tempat tepat waktu apa layan sekarang aneh,1,Negatif,2026-05-13 20:17:46,34,23,0
"Biaya potongan untuk seller semakin mencekik 25% sendiri, kenapa ga efisiensi pegawai aja dari pada mengorbankan seller?",biaya potong seller makin cekik sendiri tidak efisiensi pegawai korban seller,1,Negatif,2026-05-13 20:16:35,17,11,0
"Setelah update, semakin lemot. Padahal internet aman, pakai wifi rumah.",update makin lambat padahal internet aman pakai wifi rumah,1,Negatif,2026-05-13 20:16:28,10,9,0
"""Belanja online yaa dishopee aja lebih dari 1000 produk di satu aplikasi yg paling terpercaya di Indonesia """,belanja online yaa dishopee lebih produk satu paling percaya indonesia,5,Positif,2026-05-13 20:16:13,18,10,0
"app yang bagus .. shopee the best jaminan barang,waktu sesuai..puas belanja di shoope.. juga cepat respon bila ada keluan costumer.. terima kasih atas pelayanan nya",bagus the best jamin barang waktu sesuai puas belanja shoope cepat respon bila keluan costumer terima kasih atas layan,5,Positif,2026-05-13 20:16:09,25,19,0
"kecewa sebagai penjual barang selalu hilang dalam pengiriman, penjual yang merugi penggantian tidak 100%, musti bayar asuransi dulu.",kecewa jual barang selalu hilang kirim jual rugi ganti tidak musti bayar asuransi dulu,1,Negatif,2026-05-13 20:15:01,18,14,0
layanan kurir sangat buruk dan siapa aja jangan pesan di sini,layan kurir sangat buruk siapa jangan pesan sini,1,Negatif,2026-05-13 20:14:48,11,8,0
syang shoppee paylaternya gak bisa...hiks,syang shoppee paylaternya tidak hiks,5,Positif,2026-05-13 20:11:13,5,5,0
baik n ok puuuas sekali dengan shopee,baik puuuas sekali,5,Positif,2026-05-13 20:10:44,7,3,0
sdh lebih 5 th gampang ongkir terjangkau banyak promo. menyenangkan belanja di shopee.,lebih th gampang ongkos kirim jangkau banyak promo senang belanja,5,Positif,2026-05-13 20:10:21,13,10,0
Alhamdulillah gak pernah mengecewakan,alhamdulillah tidak pernah kecewa,5,Positif,2026-05-13 20:10:17,4,4,0
aplikasi shopee sekarang kalau mau buka pertama kalinya otomatis masuk ke fitur live & video yang lumayan mengganggu,sekarang kalau mau buka pertama kali otomatis masuk fitur live video lumayan ganggu,2,Negatif,2026-05-13 20:07:28,18,13,0
Amanah,amanah,5,Positif,2026-05-13 20:03:56,1,1,0
sangat2 bagus,sangat bagus,5,Positif,2026-05-13 20:02:58,2,2,0
sangat memuaskn,sangat memuaskn,5,Positif,2026-05-13 20:02:40,2,2,0
apalah udah tidak bisa cod padahal tidak ada pelanggaran sama sekali,apa tidak bayar tempat padahal tidak langgar sama sekali,1,Negatif,2026-05-13 20:02:18,11,9,0
banyak barang pilihan ada yg original dan kw tergantung kebutuhan,banyak barang pilih original kw gantung butuh,5,Positif,2026-05-13 20:01:28,10,7,0
"shoope makin parah makin gk jelas masak tiap buat belanja gagal terus? percuma ada aplikasi tp gk bisa di buat belanja,,,,",shoope makin buruk makin tidak jelas masak tiap buat belanja gagal terus percuma tidak buat belanja,1,Negatif,2026-05-13 20:00:05,21,16,0
ya sangat membantu,sangat bantu,5,Positif,2026-05-13 19:58:33,3,2,0
"Shopi bagus banget aku suka ,bisa beli barang bagus,harga nya murah tapi barang nya GX murahan suka bgt",shopi bagus banget suka beli barang bagus harga murah barang gx murah suka banget,4,Positif,2026-05-13 19:57:37,18,14,0
"mudah, efisien dan fast respon",mudah efisien fast respon,5,Positif,2026-05-13 19:56:39,5,4,0
saldo kepotong sendiri,saldo potong sendiri,1,Negatif,2026-05-13 19:53:27,3,3,0
Shopee pekok gabisa login udh 4 kali gabisa masuk pekok,kok gabisa login kali gabisa masuk kok,1,Negatif,2026-05-13 19:50:14,10,7,0
benci bnget akun gwe tiba tiba ilang padahal gw lagi psen sesuatu trus gmana gwe mau tau status pesanan gwe,benci bnget akun gwe tiba tiba ilang padahal gw psen trus gmana gwe mau tau status pesan gwe,2,Negatif,2026-05-13 19:47:51,20,18,0
bagus hanya saja pengiriman spx hemat itu sangat lambat yg harus nya datang hari ini malah datang nya minggu depan,bagus kirim spx hemat sangat lambat datang hari malah datang minggu depan,3,Netral,2026-05-13 19:46:26,20,12,0
"setelah jadi penjual, makin rugi jualan di sini kenyang ADMIN nya",jadi jual makin rugi jual sini kenyang admin,1,Negatif,2026-05-13 19:45:20,11,8,0
komplit host nya lucuuu bagusss,komplit host lucuuu bagusss,5,Positif,2026-05-13 19:45:13,5,4,0
terimakasih selama ini belanja di shopee.tdak pernah bermasalah.dan cod bagus.semoga makin sukses shopee 🙏,terimakasih lama belanja tdak pernah masalah bayar tempat bagus moga makin sukses,5,Positif,2026-05-13 19:44:08,14,12,0
👍🏻👍🏻👍🏻👍🏻👍🏻,,5,Positif,2026-05-13 19:41:37,1,0,0
"Sangat membantu, dan juga fitur-fitur juga lengkap",sangat bantu fitur fitur lengkap,5,Positif,2026-05-13 19:41:20,7,5,0
"Beli paket pakai jasa kirim SPX pas sampai barangnya ketuker atau dituker(?) soalnya gak sesuai padahal toko pas mau ngirim kasih video packing lhoo, udah gituu lama bangett dateng paketnya sampai beberapa x paket yg lain keretur karena udah melewati batas pengiriman",beli paket pakai jasa kirim spx pas barang ketuker dituker soal tidak sesuai padahal toko pas mau ngirim kasih video packing lhoo gituu lama bangett dateng paket beberapa paket retur lewat batas kirim,1,Negatif,2026-05-13 19:39:39,42,33,0
shopee emang topp,memang topp,5,Positif,2026-05-13 19:39:37,3,2,0
BAIK DAN BENAR,baik benar,5,Positif,2026-05-13 19:37:48,3,2,0
apk ini membuat hp saya menjadi kentang dan teriset,buat hp jadi kentang riset,5,Positif,2026-05-13 19:36:45,9,5,0
sebagai penjual aku kecewa paket gak sampai2 kurir nya pemalas .blm juga di antar paket di retur tolong di perbaiki jasa kirim,jual kecewa paket tidak kurir malas belum antar paket retur baik jasa kirim,2,Negatif,2026-05-13 19:35:49,22,13,0
semoga bisa menjadi bermanfaat dan berguna bagi masyarakat Indonesia khususnya.,moga jadi manfaat guna masyarakat indonesia khusus,5,Positif,2026-05-13 19:34:46,10,7,0
bagus sangat bagus shopee kerja bagus,bagus sangat bagus kerja bagus,5,Positif,2026-05-13 19:32:58,6,5,0
Subsidi potongan ongkir 40ribu lagi dong.. huhu,subsidi potong ongkos kirim ribu huhu,4,Positif,2026-05-13 19:31:53,7,6,15
buka aplikasi langsung ke video...udah keluar tp video ttp aja ke puter ngabisin kuota,buka langsung video keluar video ttp puter ngabisin kuota,5,Positif,2026-05-13 19:30:14,14,9,2
belanja di shopeee.....selalu amanah.....,belanja shopeee selalu amanah,5,Positif,2026-05-13 19:29:50,4,4,0
aplikasi belanja online terbaik,belanja online baik,4,Positif,2026-05-13 19:24:23,4,3,0
Solusi belanja apa aja sesuai kemauan kita,solusi belanja apa sesuai mau,5,Positif,2026-05-13 19:23:10,7,5,0
"mau verif akun tapi kgk bisa²,ngeselin bgt udh di coba berkali² tetep aja gabisa,mau belanja mandiri jadi susah",mau verif akun kgk ngeselin banget coba kali tetep gabisa mau belanja mandiri jadi susah,1,Negatif,2026-05-13 19:15:13,18,15,0
omg jhhhhhhhh,omg jhhhhhhhh,5,Positif,2026-05-13 19:14:59,2,2,0
"aplikasi ini amat membantu org sperti aku yg SDH TDK bisa jln jauh dll. Praktis, kwalitas barangpun cukup bagus sesuai harga.",bantu org sperti tdk jln jauh praktis kwalitas barang cukup bagus sesuai harga,5,Positif,2026-05-13 19:14:57,21,13,0
aplikasi mantap dan sangat membantu,bagus sangat bantu,5,Positif,2026-05-13 19:13:26,5,3,0
"Aku suka banget belanja shoppe, langganan malahan tapi paling sebel banget sama iklan shopee yang muncul di aplikasi melolo dan freereels, dimana-dimana muncul terus, akhirnya ku hapus saking kesalnya, ini aku download lagi karena mau belanja. aku sarankan jangan sering2 muncul, tanpa iklan dimana2 pun semua orang dah pada banyak yang tahu shopee kok",suka banget belanja langgan malah paling sebel banget sama iklan muncul melolo freereels muncul terus akhir hapus saking kesal download mau belanja saran jangan sering muncul tanpa iklan semua orang dah banyak tahu kok,1,Negatif,2026-05-13 19:13:19,54,34,0
shopee profesional,profesional,5,Positif,2026-05-13 19:09:46,2,1,0
"blj cepat ,hrg tidak mahal ,dan dapat di percaya",blj cepat harga tidak mahal percaya,5,Positif,2026-05-13 19:09:33,9,6,0
pokoknya ini aplikasi top belanja nomor 1 deh 😘🥰,pokok top belanja nomor,5,Positif,2026-05-13 19:08:21,9,4,0
lumayan baik,lumayan baik,5,Positif,2026-05-13 19:07:30,2,2,0
"1. iklah terlalu banyak 2. mengganggu dan menghambat aktivitas aktifitas 3. menurunkan rasa tenang saya dalam membuka setiap aplikasi, bahkan tanpa menyentuh layar langsung diarahkan ke shopee. 4. muak 5. mks",iklah terlalu banyak ganggu hambat aktivitas aktifitas turun rasa tenang buka bahkan tanpa sentuh layar langsung arah muak mks,1,Negatif,2026-05-13 19:05:02,31,19,0
"aplikasi yg bagus dan berguna,suka belanja di sini, selalu Amana",bagus guna suka belanja sini selalu amana,5,Positif,2026-05-13 19:04:16,10,7,0
mantul 👍,bagus,5,Positif,2026-05-13 19:03:39,2,1,0
"terbaik, termurah dan termudah",baik murah mudah,5,Positif,2026-05-13 19:02:22,4,3,0
"yang namanya cs DESNA kalo gk bsa handle komplain, minimal tenangin keadaan customer biar gk makin memanas, gk ada magic word sama sekali!!!",nama cs desna kalau tidak bsa handle komplain minimal tenangin ada customer biar tidak makin panas tidak magic word sama sekali,1,Negatif,2026-05-13 19:01:50,23,21,0
barang sesuai pesanan. josssss.,barang sesuai pesan josssss,5,Positif,2026-05-13 19:00:06,4,4,0
"jasa expdisinya sama cs nya pada gk becus kerjanya apa lagi di area jakarta timur. 3x pesana paket gk dikirim tau paket hilang jadinya gk di kirim shopee gk ada kejelasan dari shopee cuma suruh nunggu"" sampai 4 hari lagi gk tau paketnya hilang apa rusak nih kasih kejelasan lah jangan bisa omon"" suruh nunggu 3 hari 24 jam tapi gk ada tindakan yg jelas jika kostumer merasa di rugikan minimal retur aja barangnya yg gagal pengiriman sampai 4 harian",jasa expdisinya sama cs tidak becus kerja apa area jakarta timur sana paket tidak kirim tau paket hilang jadi tidak kirim tidak jelas cuma suruh nunggu hari tidak tau paket hilang apa rusak kasih jelas jangan omon suruh nunggu hari jam tidak tindak jelas kostumer rasa rugi minimal retur barang gagal kirim hari,1,Negatif,2026-05-13 18:59:13,80,53,0
"makin ribett aja,,......",makin ribett,2,Negatif,2026-05-13 18:57:51,3,2,0
"aplikasi belanja online terbaik, mudah dan aman, semua tersedia, Shopee Indobesia ⭐️⭐️⭐️⭐️⭐️",belanja online baik mudah aman semua sedia indobesia,5,Positif,2026-05-13 18:56:27,12,8,0
"paylater aja gbisa,sisanya oke",paylater gbisa sisa,5,Positif,2026-05-13 18:54:09,4,3,0
"Semenjak sistem driver bisa pickup lebih dr 1 pesanan... pengiriman semakin lama, dan apa lagi untuk food, seharusnya bisa dimakan hangat... karena berkeliling dulu ngater pesenan yang lain jadi sampai customer sudah dingin....",semenjak sistem driver pickup lebih dr pesan kirim makin lama apa food makan hangat keliling dulu ngater sen jadi customer dingin,2,Negatif,2026-05-13 18:53:21,33,21,0
terbaik deh pokonya,baik poko,5,Positif,2026-05-13 18:51:35,3,2,0
sangat bagus dan membantu mempermudah,sangat bagus bantu mudah,5,Positif,2026-05-13 18:48:03,5,4,0
jos gandos,jos gandos,5,Positif,2026-05-13 18:46:23,2,2,0
"sangat puas dengan shopee , dari pelayanannya , sampai vocher2nya. mksh shopee",sangat puas layan vochernya terima kasih,5,Positif,2026-05-13 18:44:24,12,6,0
"baik, tepat waktu",baik tepat waktu,5,Positif,2026-05-13 18:42:11,3,3,0
sangat menyenangkan menggunakan aplikasi ini,sangat senang guna,5,Positif,2026-05-13 18:41:37,5,3,0
ini shopee kalau ada fitur ludahin udah gw ludahin nih shopee.. pengiriman lama banget anjir.estimasi tgl 1 datang tgl 8+pengiriman suka di kembalikan ke penjual amng blog..di berikan vocer keterlambatan juga kagak guna minimal belanja 120 emng tahii,kalau fitur ludahin gw ludahin kirim lama banget anjir estimasi tgl datang tgl kirim suka kembali jual amng blog ikan vocer lambat kagak minimal belanja emng tahi,1,Negatif,2026-05-13 18:41:09,38,27,0
Mudah dalam penggunaan.,mudah guna,5,Positif,2026-05-13 18:38:02,3,2,0
aplikasi bagus banyak promo dan gratis ongkir,bagus banyak promo gratis ongkos kirim,5,Positif,2026-05-13 18:36:47,7,6,0
"teruntuk shoppe, baru kali ini merasa sangat MENGECEWAKAN cz masalah dari kurir or maybe dari ekspedisi kalian. paket langsung main di acc ""pesanan sdh sampai tujuan"" dari kurirnya dan paket belum sampai ke tangan saya sdh terhitung 3hr. kemarin (2hr setelah kejadian) si kurir wa saya tapi kurir meminta nominal lebih banyak dari harga sistem (paket COD 71k tp si kurir minta dibayar 82k). kemarin w dah report ke aplikasi tp aplikasi selalu reject cz status paket sdh diterima. ini sdh jelas PUNGLI",untuk baru kali rasa sangat kecewa cz masalah kurir or maybe ekspedisi kalian paket langsung main acc pesan tuju kurir paket belum tangan hitung hr kemarin hr jadi si kurir wa kurir minta nominal lebih banyak harga sistem paket bayar tempat si kurir minta bayar kemarin dah report selalu reject cz status paket terima jelas pungli,2,Negatif,2026-05-13 18:35:23,83,56,0
"harga di shopee miring. operator welcome. sering ada bonus, voucher2 dan gratis ongkir.",harga miring operator welcome sering bonus voucher gratis ongkos kirim,5,Positif,2026-05-13 18:34:25,13,10,0
Sangat membantu,sangat bantu,5,Positif,2026-05-13 18:34:25,2,2,0
mkash shoppee belanja no: 1 didunia dan saya merasa sangat terbantu oleh shopee sekali lagi is the best shope. pokoknya jangan diragukan lagi.ok,mkash shoppee belanja no dunia rasa sangat bantu sekali is the best pokok jangan ragu,5,Positif,2026-05-13 18:32:10,23,15,0
belanja mudah banyak pilihan dan harga murah,belanja mudah banyak pilih harga murah,5,Positif,2026-05-13 18:31:45,7,6,0
pengiriman ny lama tidak seperti dulu,kirim ny lama tidak dulu,3,Netral,2026-05-13 18:27:39,6,5,0
shopee pokoknya mantah deh,pokok man,5,Positif,2026-05-13 18:27:38,4,2,0
sangat memeudahkan untuk ber belanja,sangat memeudahkan ber belanja,5,Positif,2026-05-13 18:25:32,5,4,0
syuukaaa,syuukaaa,5,Positif,2026-05-13 18:25:04,1,1,0
"parah banget kurir bawaan shopee, paket stuck ga gerak2, sudah dilaporin cuman perpanjang estimasi doang, voucher garansi juga ga guna",buruk banget kurir bawa paket stuck tidak gerak dilaporin cuman panjang estimasi doang voucher garansi tidak,1,Negatif,2026-05-13 18:24:26,20,16,0
Tolong Pengiriman SPX diperbaiki masa paket datang 2 minggu,kirim spx baik masa paket datang minggu,1,Negatif,2026-05-13 18:24:10,9,7,0
alat belanja paling oke,alat belanja paling,5,Positif,2026-05-13 18:23:58,4,3,0
mudah dan gampang belanja,mudah gampang belanja,5,Positif,2026-05-13 18:20:47,4,3,0
ok shopee,,5,Positif,2026-05-13 18:19:48,2,0,0
apk mantap!!,bagus,5,Positif,2026-05-13 18:19:06,2,1,0
ini bagus,bagus,5,Positif,2026-05-13 18:17:47,2,1,0
paketnya sudah datang dan sesuai pesanan terimakasih tuan toko dan shopeenya,paket datang sesuai pesan terimakasih tuan toko shopeenya,5,Positif,2026-05-13 18:17:14,11,8,0
udah nunggu seminggu eh di batalin lucu nih apk LAWAK,nunggu minggu eh batalin lucu lawak,1,Negatif,2026-05-13 18:16:33,10,6,0
mantaapp,mantaapp,5,Positif,2026-05-13 18:16:03,1,1,0
"maaf saya turunkan ratingnya ke bintang 2, akhir2 ini saya kurang puas dengan pelayanan aplikasi shopeef, entah kenapa berapa hari belakngan ini fitur COD nya kok dimatikan.",maaf turun ratingnya bintang akhir kurang puas layan shopeef entah berapa hari belakngan fitur bayar tempat kok mati,2,Negatif,2026-05-13 18:14:41,27,18,0
sering bgt minta update,sering banget minta update,2,Negatif,2026-05-13 18:14:11,4,4,0
bagus pokoknya,bagus pokok,5,Positif,2026-05-13 18:14:04,2,2,0
"sangat membantu saya dalam berbelanja,, terimakasih shopee👍👍💪🏻",sangat bantu belanja terimakasih,5,Positif,2026-05-13 18:13:07,7,4,0
"Dear @shopee_id , lu beneran gila banget ya potongan potongannya!!! Ini id card udah paling mahal dijual 2.600 eh bersihnya cuma dapet 843 perak. sedangkan customer beli 2.883!!! Jahaaattt banget lu yaaa!!!",dear lu beneran gila banget potong potong id card paling mahal jual eh bersih cuma perak customer beli jahaaattt banget lu yaaa,1,Negatif,2026-05-13 18:10:18,32,22,0
"sebenarnya bagus dan sangat memuaskan, cuma terkadang kalo mau batalin pesanan harus menunggu persetujuan dari pihak toko yg bersangkutan, namanya jg manusia ada sj alasan mendadak yg tdk terpikirkan. nah disini masalahnya, padahal jelas2 belum dikemas, tapi pihak toko menolak pembatalan, akhirnya dengan sangat terpaksa kebeli juga. mohon dr pihak lazada memperbaiki. trmksh...",benar bagus sangat muas cuma terkadang kalau mau batalin pesan tunggu tuju pihak toko sangkut nama manusia sj alas dadak tdk pikir nah sini masalah padahal jelas belum kemas pihak toko tolak batal akhir sangat paksa kebel mohon dr pihak lazada baik trmksh,1,Negatif,2026-05-13 18:10:03,53,43,0
👍👍👍👍,,5,Positif,2026-05-13 18:09:11,1,0,0
seperti biasa mohon agar pengawasan toko yg nakal,biasa mohon awas toko nakal,5,Positif,2026-05-13 18:08:01,8,5,0
"beraneka pilihan,hemat tenaga,hemat waktu,memudahkan mencari segala keperluan. banyak promo. 💝💝",aneka pilih hemat tenaga hemat waktu mudah cari segala perlu banyak promo,5,Positif,2026-05-13 18:07:25,10,12,0
"Ngeselin bgt tiap ngetik di pencarian mau cari barang yg aku pengin, eh tulisannya berubah jadi ""NlKE"", munculnya juga malah produk NlKE semua.. cape harus ngetik ulang berkali² Kalo bisa rate produk NlKE nya jd bintang 1, aku rate juga sih",ngeselin banget tiap ngetik cari mau cari barang pengin eh tulis ubah jadi nlke muncul malah produk nlke semua cape ngetik ulang kali kalau rate produk nlke jd bintang rate,1,Negatif,2026-05-13 18:06:49,41,30,0
bagus pelayanan cepat dan banyak potongan harga,bagus layan cepat banyak potong harga,5,Positif,2026-05-13 18:06:10,7,6,0
"ya bagus lah, tapi penyimpanan 1 GB, dan ngelag ngelag, bukan ngehujat ya",bagus simpan gb ngelag ngelag bukan ngehujat,3,Netral,2026-05-13 18:04:21,13,7,0
"benerin spx nya tolong .. kacau banget barang orang ngasal return.. kurirnya gak ada yg sanggup udh overload.. jangan Maruk, balikan lagi jnt cok.. ekspedisi paling bener lu ilangin kocak",benerin spx kacau banget barang orang ngasal return kurir tidak sanggup overload jangan maruk balik jnt cok ekspedisi paling bener lu ilangin kocak,1,Negatif,2026-05-13 18:02:26,30,23,0
"maaf, tapi iklan anda sangat menggangu. terimakasih",maaf iklan sangat menggangu terimakasih,1,Negatif,2026-05-13 17:58:25,7,5,0
sangat membantu sekali.👍👍,sangat bantu sekali,5,Positif,2026-05-13 17:58:09,3,3,0
"udah bagus program shopee VIP nya. tapi saranku, kalau udah VIP itu biaya penanganannya dikurangi lagi, jadi 1.000 atau mungkin ga ada biaya, karna meski gratis ongkir, bakal tetep nambah biaya karna ada biaya penanganan.",bagus program vip saran kalau vip biaya tangan rang jadi mungkin tidak biaya meski gratis ongkos kirim bakal tetep nambah biaya biaya tangan,5,Positif,2026-05-13 17:57:33,35,23,1
aplikasi. bagus,bagus,5,Positif,2026-05-13 17:57:09,2,1,0
"untuk sementara yg baru ini memang baik kurir yg antar barang kerumah yg sekarang baik ramah ga kaya yg lalu"" barang yg di pesan baik pek nya juga baik barang sesaiga seperti barang 3 bulan yg kalau sy byk kerugian , saran saya pelayanan kurir harus benar"" di tingkatkan jgn sampai Impo pesanan hari ini masuk di antar hari kmudian atau dua sampai tiga hari baru di antar atau kita yg ngambil ke kantor spx",baru memang baik kurir antar barang rumah sekarang baik ramah tidak kaya lalu barang pesan baik pek baik barang sesaiga barang bulan kalau byk rugi saran layan kurir benar tingkat jgn impo pesan hari masuk antar hari kmudian tiga hari baru antar ngambil kantor spx,5,Positif,2026-05-13 17:56:14,75,45,1
mantapp,mantapp,5,Positif,2026-05-13 17:56:10,1,1,0
"Shopie sangat mudah mencari kebutuhan,dan harga terjangkau",shopie sangat mudah cari butuh harga jangkau,5,Positif,2026-05-13 17:55:32,7,7,0
Shopee sangat membantu bagi membutuhkan untuk berbelanja,sangat bantu butuh belanja,5,Positif,2026-05-13 17:54:26,7,4,0
"iklan bener bener ganggu,,gapapa iklan,tapi jangan langsung masuk ke aplikasi lhhhh, pliss lahhh kurangin iklan nyaa bayangin aja lu lagi nonton terus iklan tapi lu ga sentuh tu hp tapi tiba tiba buka aplikasih lain,emng ga kesel?maksudnya ginii nihh apknya bgus,baguss banget malah,pokoknya intinya ilangin fitur otomatis ke aplikasi pas iklannn,lu promosi gausah gini lah galucu tauu,lagian pun iklan lu ga banyak juga ga bakalan rugii lagian apk belanja online ga sampe 1k di indo cuyy map ksr",iklan bener bener ganggu gapapa iklan jangan langsung masuk lhhhh pliss lahhh rangin iklan nyaa bayangin lu nonton terus iklan lu tidak sentuh tu hp tiba tiba buka aplikasih emng tidak kesel maksud ginii nihh apknya bgus baguss banget malah pokok inti ilangin fitur otomatis pas iklannn lu promosi gausah gin galucu tauu lagi iklan lu tidak banyak tidak bakal rugi lagi belanja online tidak sampe indo cuyy map ksr,1,Negatif,2026-05-13 17:53:22,78,70,0
satset,satset,5,Positif,2026-05-13 17:53:01,1,1,0
"jangkrik apk mu i lho rausah caper terus, aku buka wattpad jan mekso ae kudu buka shopee mu, wes tak download apk mu iki, rausah caper neng apk liyane",jangkrik lho rausah caper terus buka wattpad jan mekso ae kudu buka wes tak download iki rausah caper neng liyane,1,Negatif,2026-05-13 17:49:52,29,20,0
"min tolong tambah no HP dan profil dari kurir agar bisa berkomunikask dengan kurirnya min, takutnya saat kurir mengatar saya tidak ada dirumah jadi klo ada no HP kurir bisa komunikasi untul ketmuannya 🙏",min tambah no hp profil kurir berkomunikask kurir min takut kurir atar tidak rumah jadi kalau no hp kurir komunikasi untul ketmuannya,5,Positif,2026-05-13 17:49:49,34,22,0
aplikasinya sangat membantu,aplikasi sangat bantu,5,Positif,2026-05-13 17:49:48,3,3,0
lengkap banget di shoppe ini juga ada gratis ongkir lagi suka banget sama aplikasi belanja ini pokoknya the best dehh semangat yaa shoppe,lengkap banget gratis ongkos kirim suka banget sama belanja pokok the best dehh semangat yaa,5,Positif,2026-05-13 17:49:04,23,15,0
Belanja di shoope memang sangat memuaskan. mudah dan cepat respon. mkasih shoope..,belanja shoope memang sangat muas mudah cepat respon mkasih shoope,5,Positif,2026-05-13 17:47:47,12,10,0
bagus mantab lumayan warna cucok cuman sayang gak ada senter lampunya.,bagus mantab lumayan warna cucok cuman sayang tidak senter lampu,5,Positif,2026-05-13 17:47:34,11,10,0
"saran aja buat Shopee mencantumkan no HP kurir jdi lebih enak buat nanya""apa lgi saya knl bngt sama kurir"" yg biasa ngantar brng saya, apa lgi pengiriman nya apun deh lama bngttt",saran buat cantum no hp kurir jdi lebih enak buat nanya apa lgi knl banget sama kurir biasa ngantar brng apa lgi kirim apun lama bngttt,4,Positif,2026-05-13 17:46:49,32,26,0
"Suka belanja di Shopee... 👍🏻👍🏻👍🏻👍🏻👍🏻 harganya murah, banyak promo, diskon dan voucher.",suka belanja harga murah banyak promo diskon voucher,5,Positif,2026-05-13 17:44:47,12,8,0
mantaaappp,mantaaappp,5,Positif,2026-05-13 17:44:13,1,1,0
pengalaman belanjanya lebih luwas.pesanan selalu akurat.👍👍👍,alam belanja lebih luwas pesan selalu akurat,5,Positif,2026-05-13 17:43:01,6,7,0
sangat memuaskan amanah sekali,sangat muas amanah sekali,5,Positif,2026-05-13 17:42:54,4,4,0
sip jos,sip jos,5,Positif,2026-05-13 17:42:53,2,2,0
"TOLONG YA PIHAK SPX NYA DI KASIH ARAHAN JANGAN JADI PEMALAS KALAU ANTAR PAKET, PAKET REGULER HARUSNYA 1 MINGGU MALAH JADI 2 MINGGU DIBIKIN NYA MANA NGE STUCK TERUS",pihak spx kasih arah jangan jadi malas kalau antar paket paket reguler harus minggu malah jadi minggu bikin mana nge stuck terus,3,Netral,2026-05-13 17:42:22,29,22,0
"shopee gak ketat, ada penjual yg gk niat jualan mohon di beri sanksi lah lol nttot, gw nunggu di kirim memang gk pake waktu? deadline sama acara jadi berantakan gara2 barang yg dijualnya gk niat",tidak ketat jual tidak niat jual mohon beri sanksi lol nttot gw nunggu kirim memang tidak pake waktu deadline sama acara jadi beranta gara barang jual tidak niat,1,Negatif,2026-05-13 17:42:09,35,28,0
makin gx jelas tanggal ama dateng jadi mlz blanja lagi,makin gx jelas tanggal ama dateng jadi mlz blanja,1,Negatif,2026-05-13 17:38:41,10,9,0
Bagus . enak low belanja di shopee.... mudah dan berkualitas,bagus enak low belanja mudah kualitas,5,Positif,2026-05-13 17:38:15,10,6,0
shopee bagus👍🏻,bagus,5,Positif,2026-05-13 17:36:43,2,1,0
langsung bintang lima,langsung bintang lima,5,Positif,2026-05-13 17:34:57,3,3,0
haha bagus banget kadang sesuai ekspektasi kadang gak🙄,haha bagus banget kadang sesuai ekspektasi kadang tidak,5,Positif,2026-05-13 17:32:53,8,8,0
sangat membantu sekali blanja lwt online,sangat bantu sekali blanja lwt online,5,Positif,2026-05-13 17:31:51,6,6,0
"aplikasi kesukaanku, dpt gratis ongkir terus, pokoknya good",suka gratis ongkos kirim terus pokok good,5,Positif,2026-05-13 17:30:53,8,7,0
barang sesuai tambah murah,barang sesuai tambah murah,5,Positif,2026-05-13 17:30:10,4,4,0
bagus suka banget sama apk ini,bagus suka banget sama,5,Positif,2026-05-13 17:28:50,6,4,0
terbaik termudah tercepat,baik mudah cepat,5,Positif,2026-05-13 17:28:17,3,3,0
"untuk saat ini sangat puas dengan aplikasi ini, good 👍",sangat puas good,5,Positif,2026-05-13 17:27:51,10,3,0
"buruk. banding terlalu condong ke pembeli. ibarat 90% pembeli, 10% seller. banyak di tolak nya.",buruk banding terlalu condong beli ibarat beli seller banyak tolak,1,Negatif,2026-05-13 17:26:53,15,10,0
pengiriman barang lama tidak sesuai dengan tanggal pengiriman kalau masalah food bagus tingkat lagi voucher nya dan ongkir disesuaikan dengan jarak jemput,kirim barang lama tidak sesuai tanggal kirim kalau masalah food bagus tingkat voucher ongkos kirim sesuai jarak jemput,1,Negatif,2026-05-13 17:25:53,22,18,0
"gimana ya seri ngelaag bngt,tapi lumayan lah",gimana seri ngelaag banget lumayan,5,Positif,2026-05-13 17:22:35,7,5,0
josjis✌,josjis,5,Positif,2026-05-13 17:18:43,1,1,0
"halo admin, barusan saya dpt wa yg mengatas namakan pt shopee. terindikasi penipuan.",halo admin barusan wa atas nama pt indikasi tipu,5,Positif,2026-05-13 17:18:22,13,9,0
pelayanan sangat buruk,layan sangat buruk,1,Negatif,2026-05-13 17:14:25,3,3,0
semoga ke depannya makin murah dan bxk gratisan ongkir,moga depan makin murah bxk gratis ongkos kirim,5,Positif,2026-05-13 17:12:40,9,8,0
mencari barang yg di butuhkan tidak susah .barang sesuai,cari barang butuh tidak susah barang sesuai,5,Positif,2026-05-13 17:09:55,9,7,0
top msntaaaap,top msntaaaap,5,Positif,2026-05-13 17:08:15,2,2,0
aplikasi belanja yg luar biasa,belanja luar biasa,5,Positif,2026-05-13 17:06:52,5,3,0
"shopee 😡😡😡, gua lupa sandi akun terus klik lupa sandi lalu masukkan nomor hp malah blank anj coba di perbaiki itu",gua lupa sandi akun terus klik lupa sandi lalu masuk nomor hp malah blank anj coba baik,1,Negatif,2026-05-13 17:05:30,21,17,0
aplilasi bagus top markotop,aplilasi bagus top markotop,5,Positif,2026-05-13 17:03:57,4,4,0
karena ini Shopee bener bener membantu banget,bener bener bantu banget,5,Positif,2026-05-13 17:03:15,7,4,0
barang nya bagus,barang bagus,5,Positif,2026-05-13 17:02:59,3,2,0
belanja lebih mudah,belanja lebih mudah,5,Positif,2026-05-13 17:02:37,3,3,0
"terimw kasih Shopee Indonesia, pelayanan bagus sangat membantu dlm urusan transaksi pembelian barang.👍",terimw kasih indonesia layan bagus sangat bantu dlm urus transaksi beli barang,5,Positif,2026-05-13 17:02:07,13,12,0
paket tidak sampai sampai.. sudah menunggu sampai 2 minggu. tanya cs jawabannya tidak ada kepastian.. mintak dikembalikan proses nya lama..,paket tidak tunggu minggu tanya cs jawab tidak pasti mintak kembali proses lama,1,Negatif,2026-05-13 16:59:14,20,13,2
"Diskon terus. Alhamdulillah, ngirit dikit. jadi ketagihan belanja.",diskon terus alhamdulillah ngirit dikit jadi tagih belanja,5,Positif,2026-05-13 16:59:09,8,8,0
good apk semua serba mudah dan aman,good semua serba mudah aman,5,Positif,2026-05-13 16:58:51,7,5,0
aplikasi yg recommended g kaya yg sebelah mantap pokoknya,recommended kaya belah bagus pokok,5,Positif,2026-05-13 16:58:17,9,5,0
Belanja online ya shopee dong,belanja online,5,Positif,2026-05-13 16:57:43,5,2,0
sangat membantu di shopee pada saat mencari barang yang saya butuhkan,sangat bantu cari barang butuh,5,Positif,2026-05-13 16:52:56,11,5,0
semoga tetap diberikan yang terbaik lancar dan amanah dalam segala urusannya *****,moga tetap beri baik lancar amanah segala urus,5,Positif,2026-05-13 16:52:45,12,8,0
aplikasi yg recommended karena best seller,recommended best seller,5,Positif,2026-05-13 16:51:16,6,3,0
Kepada shopee indonesia mohon SPX dinonaktifkan saja jika kualitas pelayanannya terus buruk dan tidak ada kemajuan,indonesia mohon spx nonaktif kualitas layan terus buruk tidak maju,1,Negatif,2026-05-13 16:51:00,16,10,2
"suka banget belanja di shopee, pengirimannya cepat,aman dan terpercaya,, makasih shopee🤗🤗",suka banget belanja kirim cepat aman percaya terima kasih,5,Positif,2026-05-13 16:50:03,11,9,0
"ok,mantap ,jos",bagus jos,5,Positif,2026-05-13 16:48:54,2,2,0
bekerja,kerja,5,Positif,2026-05-13 16:48:09,1,1,0
sangat membantu dalam pemilihan barang,sangat bantu pilih barang,5,Positif,2026-05-13 16:45:28,5,4,0
"uninstal aja,sangat mngganggu KLO lgi main game,tau tau masuk sendiri ke shopey nya.sialan.",uninstal sangat mngganggu kalau lgi main game tau tau masuk sendiri shopey sial,1,Negatif,2026-05-13 16:42:34,13,13,0
puas belanja disini,puas belanja sini,5,Positif,2026-05-13 16:41:04,3,3,0
udah semakin membaik. .,makin baik,5,Positif,2026-05-13 16:41:00,4,2,0
"suka banget belanja di sini, maklum masih pemula",suka banget belanja sini maklum mula,5,Positif,2026-05-13 16:37:01,8,6,0
pengiriman nya lelet coeg mesen paken udah 1 Minggu belum nyampe nyampe,kirim lambat coeg mesen paken minggu belum nyampe nyampe,1,Negatif,2026-05-13 16:36:51,12,9,0
"dah tiga kali nih di batalin shopee..., pertama hilang di jalan..., sekarang beli oli di batalin juga...",dah tiga kali batalin pertama hilang jalan sekarang beli oli batalin,5,Positif,2026-05-13 16:35:59,17,11,0
untuk Shope kenapa di akun saya sudah VIP tapi tidak bisa menggunakan paylater padahal sya sudah memakai aplikasi ini sudah hampir 6tahun lamanya,akun vip tidak guna paylater padahal sya pakai hampir tahun lama,3,Netral,2026-05-13 16:32:22,23,11,0
sangat oke lah pokok nya...,sangat pokok,5,Positif,2026-05-13 16:32:10,5,2,0
titik awal jakarta dan titik tujuan Tanggerang padahal cukup dekat tapi malah lewat kota malang yang berada jauh dari titik awal dan titik tujuan,titik awal jakarta titik tuju tanggerang padahal cukup dekat malah lewat kota malang ada jauh titik awal titik tuju,2,Negatif,2026-05-13 16:31:32,24,19,0
terbaik untuk semuanya,baik semua,5,Positif,2026-05-13 16:25:41,3,2,0
"Sudah tahunan aku pakai aplikasi ini. Soalnya kalau offline sekarang jauh dan belum tentu barang tersedia, lelah dan sering macet.",tahun pakai soal kalau offline sekarang jauh belum barang sedia lelah sering macet,5,Positif,2026-05-13 16:25:26,20,13,0
barang sesuai dengan yang di jual,barang sesuai jual,5,Positif,2026-05-13 16:25:26,6,3,0
"pengiriman sangat lambat, padahal sudah mau di antar kan ke alamat saya tapi paket nya malah ga jadi di kirim,ga sesuai sama tanggal estimasi.",kirim sangat lambat padahal mau antar kan alamat paket malah tidak jadi kirim tidak sesuai sama tanggal estimasi,1,Negatif,2026-05-13 16:17:45,24,18,0
"mohon maaf, ktp saya di salah gunakan orang lain untuk pinjaman, bagaimana cara saya bisa memverivikasi dengan KTP yg sma",mohon maaf ktp salah guna orang pinjam bagaimana cara memverivikasi ktp sma,5,Positif,2026-05-13 16:15:53,20,12,0
"hti hati, Shopee bisa membuat orderan sepihak. Shopee VIP, berlangganan bisa diperpanjang apabila Saldo Shopee Pay cukup, jika tidak maka akan diminta beli manual, Dan yang saya alami, Shopee order sepihak menggunakan SPay Later. Bukan masalah nominal, tapi Ini sudah melanggat ketentuan.",hti hati buat order pihak vip langgan panjang apabila saldo pay cukup tidak minta beli manual alami order pihak guna spay later bukan masalah nominal melanggat tentu,1,Negatif,2026-05-13 16:13:27,42,27,0
"Sejauh ini Shopee adalah aplikasi belanja terbaik, sangat membantu dlm belanja online utk kebutuhan sehari-hari, produknya lengkap, harganya lebih murah, banyak promo, diskon & gratis ongkir. Aplikasinya gampang digunakan dgn metode pembayaran yg beragam. Pengiriman juga cukup cepat dan bisa dilacak. Belanja di Shopee sangat memuaskan, makasih shopee ❤",jauh belanja baik sangat bantu dlm belanja online butuh hari hari produk lengkap harga lebih murah banyak promo diskon gratis ongkos kirim aplikasi gampang guna metode bayar agam kirim cukup cepat lacak belanja sangat muas terima kasih,5,Positif,2026-05-13 16:12:40,49,37,0
aplikasinya bagus,aplikasi bagus,5,Positif,2026-05-13 16:10:33,2,2,0
luar biasa aplikasi ini,luar biasa,5,Positif,2026-05-13 16:10:22,4,2,0
sangat puas belanja Shopee,sangat puas belanja,5,Positif,2026-05-13 16:09:31,4,3,0
hp ram besar sinyal kenceng wifi masuk shopee loding bisa sampe 1 hari ini yang bermasalah hp saya apa aplikasinya kadang suka leletnya minta ampunnnnn,hp ram besar sinyal kenceng wifi masuk loding sampe hari masalah hp apa aplikasi kadang suka lelet minta ampunnnnn,1,Negatif,2026-05-13 16:08:50,25,19,0
lebih evesien pengiriman lebih cepat barang juga lebih bagus,lebih evesien kirim lebih cepat barang lebih bagus,5,Positif,2026-05-13 16:08:41,9,8,0
buat belanja,buat belanja,4,Positif,2026-05-13 16:04:32,2,2,0
saya menyukainya...☹️,suka,5,Positif,2026-05-13 16:03:48,2,1,0
"senang bisa sama shopee ,kadang juga kesel sama seller yg di kirim barangnya beda sama yg di aploud ,it's ga papa blom rijki",senang sama kadang kesel sama seller kirim barang beda sama aploud it tidak papa belum rijki,5,Positif,2026-05-13 16:03:33,23,16,0
minus nya banyak penipuan wkwkkwkwkwkwk9,minus banyak tipu wkwkkwkwkwkwk,3,Netral,2026-05-13 16:02:05,5,4,0
mau buka aplikasi atau browser apapun iklan nya selalu ke shoope.. jadi males,mau buka browser apa iklan selalu shoope jadi males,1,Negatif,2026-05-13 16:01:48,13,9,0
sangat sangat puas terima kasih sopee puas sekali dan sangat membantu,sangat sangat puas terima kasih sopee puas sekali sangat bantu,5,Positif,2026-05-13 16:01:40,11,10,0
kembalikan. aku n shopee karna mahu pesan nggak bisa.,kembali mahu pesan tidak,5,Positif,2026-05-13 16:01:34,9,4,0
"makin parah pengiriman instannya lelet bgt tolong diperbaiki pelayanan pengirimannya, terimakasih",makin buruk kirim instan lambat banget baik layan kirim terimakasih,1,Negatif,2026-05-13 15:57:35,11,10,0
min kurirnya nggak hitung duitnya jadi seharusnya duit ku ada sisa tapi diambil duit ku 25 ribu di ambil semua min sama dia😭😭,min kurir tidak hitung duit jadi duit sisa ambil duit ribu ambil semua min sama,3,Netral,2026-05-13 15:55:05,23,15,0
sangat puaaaaasss,sangat puaaaaasss,5,Positif,2026-05-13 15:54:13,2,2,1
"baguss bangett inii shoopee, kadangg""kaloo udaa dimasukinn keranjangg hargaanyaa jadii agakk turunn, truss cepett jugakk pengirimann nyaaa💗💕sukaa dechhh💗😘 lopyuuu buatt shoopee💗",baguss bangett ini shoopee kadangg kaloo udaa dimasukinn keranjangg hargaanyaa jadi agakk turunn truss cepett jugakk pengirimann nyaaa sukaa dechhh lopyuuu buatt shoopee,5,Positif,2026-05-13 15:51:05,21,23,1
luar biasa,luar biasa,5,Positif,2026-05-13 15:50:07,2,2,0
mantap apk nya,bagus,5,Positif,2026-05-13 15:45:49,3,1,0
Suka tiba tiba masuk sndiri ke aplikasi padahal lagi buka apk lain,suka tiba tiba masuk sndiri padahal buka,3,Netral,2026-05-13 15:43:14,12,7,0
kali kali promo nya 100 persen ya,kali kali promo persen,5,Positif,2026-05-13 15:43:05,7,4,0
.... ya mo,mo,3,Netral,2026-05-13 15:42:59,3,1,0
matap,matap,5,Positif,2026-05-13 15:39:37,1,1,0
it's good,it good,5,Positif,2026-05-13 15:36:38,2,2,0
banyak bug,banyak bug,1,Negatif,2026-05-13 15:36:24,2,2,0
"belanja mudah, tanpa keluar rumah,,,,🥰🥰🥰",belanja mudah tanpa keluar rumah,5,Positif,2026-05-13 15:30:18,5,5,0
SAYA SEBAGAI SELLER RESAH PAKET BESAR TIDAK ADA YG MAU PICKUP. KALIAN KAN PENYEDIA JASA . KALO TIDAK MAU PICKUP GA USAH BIKIN APLIKASI INI. UNTUK APA DIBUAT LAYANAN PICKUP ???!?,seller resah paket besar tidak mau pickup kalian kan sedia jasa kalau tidak mau pickup tidak usah bikin apa buat layan pickup,1,Negatif,2026-05-13 15:29:53,31,22,0
"sangat bagus tapi kalo boleh usul, usahakan berhenti kerja sama dengan jasa kirim sicepat karna dua kali paket saya tidak sampai ke rumah dengan alasan alamat tidak jelas, padahal kalo pakai SPX slalu sampai...",sangat bagus kalau usul usaha henti kerja sama jasa kirim sicepat kali paket tidak rumah alas alamat tidak jelas padahal kalau pakai spx slalu,5,Positif,2026-05-13 15:29:45,34,24,0
bisa memesan apa saja,mes apa,5,Positif,2026-05-13 15:28:15,4,2,0
"shopee maupun shopeepay tidak mendukung transfer menuju bank nagari, btw bank nagari berbeda dengan bank nagari syariah",maupun shopeepay tidak dukung transfer tuju bank nagari btw bank nagari beda bank nagari syariah,1,Negatif,2026-05-13 15:25:48,17,15,0
"tdk tepat janji. waktu mau co estimasi tanggal 12-13. ternyata datang tanggal 14, pdhl kotanya dekat",tdk tepat janji waktu mau co estimasi tanggal nyata datang tanggal pdhl kota dekat,1,Negatif,2026-05-13 15:22:30,16,14,0
bagus untuk beli sesuatu di shoppe andalan kita,bagus beli andal,5,Positif,2026-05-13 15:19:57,8,3,0
"Saya cukup menyayangkan bahwasanya pihak Shopee (cs) ternyata masih kurang responsif dan kurang tanggap dalam menangani aduan saya selaku pelanggan yang dirugikan akibat dari indikasi kecurangan atau penipuan dalam hal permintaan serta penerimaan pembayaran barang yang dilakukan oleh pihak oknum kurir anteraja tertanggal 11-05-2026. Terima kasih atas pelayanan yang kurang menyenangkan dan yang tidak bersolusi ini , semoga Shopee tetap sukses dan konsisten abai terhadap kasus-kasus lainnya. Salam",cukup sayang bahwasanya pihak cs nyata kurang responsif kurang tanggap tangan adu selaku langgan rugi akibat indikasi curang tipu minta terima bayar barang laku pihak oknum kurir anteraja tanggal terima kasih atas layan kurang senang tidak solusi moga tetap sukses konsisten abai kasus kasus lain salam,1,Negatif,2026-05-13 15:19:34,68,46,659
barang yang di pesan 2 yang datang 1,barang pesan datang,1,Negatif,2026-05-13 15:18:16,8,3,0
belanja lebih mudah dan murah,belanja lebih mudah murah,5,Positif,2026-05-13 15:15:15,5,4,0
aplikasi belanja paling oke,belanja paling,5,Positif,2026-05-13 15:15:01,4,2,0
"pengiriman nya makin kesini makin lambat, sudah beberapa kali pesanan saya stuck sampe berhari-hari. yang pertama pernah stuck berhari - hari eh besokan nya malah barang dibalikin lagi ke penjualnya. dan sekarang masih begini juga huffttt.",kirim makin kesini makin lambat beberapa kali pesan stuck sampe hari hari pertama pernah stuck hari hari eh besok malah barang dibalikin jual sekarang begini huffttt,2,Negatif,2026-05-13 15:13:12,36,26,0
"harus ada fitur nomor kurir yang mengirim paket,karena itu kalo dekat dengan rumah pembeli sama kurir bisa di ambil langsung",fitur nomor kurir kirim paket kalau dekat rumah beli sama kurir ambil langsung,4,Positif,2026-05-13 15:12:31,20,13,0
Simpel dan mudah belanja di sini kalau barang palsyu bisa di kembalikan Good job shopee Nyawa mu adalah konsumenmu,simpel mudah belanja sini kalau barang palsyu kembali good job nyawa konsumen,5,Positif,2026-05-13 15:11:40,19,12,0
alhamdulillah selama belanja di shopee tidak pernah mengecewakan,alhamdulillah lama belanja tidak pernah kecewa,5,Positif,2026-05-13 15:05:34,8,6,0
"SPX EXPRESS LAMBAT, TIKTOK SHOP GAK ADA BIYAYA PLAYANAN, ONGKIR GRATIS, DI SINI BIAYAYA PLAYANAN IYA, ONGKIR GRATIS GAK FULL, UDAH GTU 4 HARI, HARI GINI EXSPEDISI 4 HARI PENGIRIMAN, KAGA KEPAKE",spx express lambat tiktok shop tidak biyaya playanan ongkos kirim gratis sini biayaya playanan ongkos kirim gratis tidak full gtu hari hari gin exspedisi hari kirim kaga kepake,1,Negatif,2026-05-13 15:02:02,32,28,0
❤️❤️❤️❤️❤️,,5,Positif,2026-05-13 15:01:16,1,0,0
boikot saja orang yang jualan baru ngestuck paket nya kayak capek orang tunggu itu sesuatu yang tidak pasti,boikot orang jual baru ngestuck paket kayak capek orang tunggu tidak,1,Negatif,2026-05-13 14:58:51,18,11,0
Apk bagus,bagus,5,Positif,2026-05-13 14:57:41,2,1,0
"pengiriman lambat, lamabanget bikin emosi lagi barang lagi di butuhin",kirim lambat lamabanget bikin emosi barang butuhin,1,Negatif,2026-05-13 14:57:09,10,7,0
"bisa ga sih jgn muncul iklan terus, tiap menit iklan, lagi baca WP iklan, udah di download kok shopee-nya jadi ga usah iklan lagi lah, lagian shopee juga udh jadi apk belanja no 1 di indo, kesel bgt lagi baca WP tiba² beralih ke wp",tidak jgn muncul iklan terus tiap menit iklan baca wp iklan download kok jadi tidak usah iklan lagi jadi belanja no indo kesel banget baca wp tiba alih wp,1,Negatif,2026-05-13 14:55:39,45,29,0
"Aplikasi shopee ini bagus aku sekarang bisa beli lewat online soalnya aku jarang keluar rumah jadi kalo pengen apa² aku tinggal beli lewat shopee Aplikasi shopee ini terkadang juga lemot tapi dari sini sudah lumayan baik , sukses selalu untuk Shopee 🥰🤲🏻🤲🏻",bagus sekarang beli lewat online soal jarang keluar rumah jadi kalau ken apa tinggal beli lewat terkadang lambat sini lumayan baik sukses selalu,5,Positif,2026-05-13 14:54:44,42,23,0
"pengiriman lbat, petugas pengiriman berbelit2 mencla mencle sangat mengecewakan. nunggu paketan saya terakhir setelah itu akan saya delete aplikasi ini",kirim lbat tugas kirim belit mencla mencle sangat kecewa nunggu paket akhir delete,1,Negatif,2026-05-13 14:54:02,20,13,0
belanja di shoopee yang pasti irit ongkir,belanja shoopee irit ongkos kirim,5,Positif,2026-05-13 14:51:47,7,5,0
barang palsu dan kwalitas jelek sebaiknya di sortir,barang palsu kwalitas buruk baik sortir,5,Positif,2026-05-13 14:51:46,8,6,3
sangat mudah belanja di shopee.suka banget sama apk nya sangat sukaa,sangat mudah belanja suka banget sama sangat sukaa,5,Positif,2026-05-13 14:49:50,11,8,0
senang berbelanja menggunakan aplikasi Shopee krn selalu mendapatkan layanan free ongkir 🥰👍,senang belanja guna selalu dapat layan free ongkos kirim,5,Positif,2026-05-13 14:49:41,12,9,0
Terbaik!,baik,5,Positif,2026-05-13 14:47:51,1,1,0
"SPX skg sudah suka main², sering kembalikan pesanan ke penjual dgn alasan pesanan ditolak pembeli, padahal pembeli belum terima pesanan atau konfirmasi. yg kedua hampir semua pesanan pengiriman lewat chargo untuk mendapatkan gratis ongkir, masalahnya pesanan akan sampai relatif lama, pertanyaannya kenapa kwalitas shopee dan spx makin tdk berpihak kepada konsumen dan cendrung jauh lebih buruk dgn pesaing² toko online lainnya, misalnya tiktok yg makin hari makin pintar mengambil hati konsumen 🙏",spx skg suka main sering kembali pesan jual alas pesan tolak beli padahal beli belum terima pesan konfirmasi dua hampir semua pesan kirim lewat chargo dapat gratis ongkos kirim masalah pesan relatif lama tanya kwalitas spx makin tdk pihak konsumen cendrung jauh lebih buruk saing toko online lain misal tiktok makin hari makin pintar ambil hati konsumen,1,Negatif,2026-05-13 14:46:49,72,57,0
perfect,perfect,5,Positif,2026-05-13 14:46:08,1,1,0
"Buruk banget, cicilan sudah lunas tapi di blokir dan gak bisa ajukan lagi padahal lancar. min coba di cek kembali tindakan nya, akun di bekukan sementara tapi sudah lebih setahun gak di buka juga. parahhh",buruk banget cicil lunas blokir tidak aju padahal lancar min coba cek tindak akun beku lebih tahun tidak buka parahhh,1,Negatif,2026-05-13 14:46:06,35,20,0
sangat mudah digunakan dan ternyata dia cod,sangat mudah guna nyata bayar tempat,5,Positif,2026-05-13 14:42:00,7,6,0
knp ga jalan si paket gw,knp tidak jalan si paket gw,1,Negatif,2026-05-13 14:40:47,6,6,0
aku suka banget apk shopee,suka banget,5,Positif,2026-05-13 14:40:03,5,2,0
"kerjasama lah dengan ekspedisi jnt, lebih profesional dan sangat responsive. spx dan ekspedisi jne pelayanannya buruk. sejauh ini ekspedisi spx dan jne sangat tidak rekomended. mohon lebih memaksimalkan kepuasan konsumen.",kerjasama ekspedisi jnt lebih profesional sangat responsive spx ekspedisi jne layan buruk jauh ekspedisi spx jne sangat tidak rekomended mohon lebih maksimal puas konsumen,5,Positif,2026-05-13 14:39:44,30,24,0
"mantap shopee membantu,d kala uang Lom ada buat bayar,mau d bayarin dulu",bagus bantu kala uang lom buat bayar mau bayarin dulu,5,Positif,2026-05-13 14:38:19,12,10,0
enak bgt belanja di shopee indonesia udh murah terus gratis onfkir lgi,enak banget belanja indonesia murah terus gratis onfkir lgi,5,Positif,2026-05-13 14:38:01,12,9,0
"membantu dalam berbelanja,, namun sangat susah untuk perifikasi akun... tolong di perbaiki",bantu belanja sangat susah perifikasi akun baik,3,Netral,2026-05-13 14:32:52,12,7,0
"Bagus, ¹³-05-2026",bagus,5,Positif,2026-05-13 14:31:39,2,1,0
"saya koplain karna banyak pesanan saya yang gagal kirim gagal sampai, kok tiba tiba voucer gratis ongkir saya hilang semua",koplain banyak pesan gagal kirim gagal kok tiba tiba voucer gratis ongkos kirim hilang semua,1,Negatif,2026-05-13 14:24:56,20,15,0
"puas pake shopey, terbaik",puas pake shopey baik,5,Positif,2026-05-13 14:19:52,4,4,0
spaylatter d bekukan sampai 1 bulan pdhal aku cuma telat byr 1 minggu aja,spaylatter beku bulan pdhal cuma telat byr minggu,3,Netral,2026-05-13 14:17:50,14,8,0
"dulu banyak pilihan ekspedisi pengiriman jadi cepat, makin kesini ekspedisi dibuat spx doang pengiriman jadi lama bgt asw!! jadi berhari""",dulu banyak pilih ekspedisi kirim jadi cepat makin kesini ekspedisi buat spx doang kirim jadi lama banget asw jadi hari,1,Negatif,2026-05-13 14:17:45,20,20,0
"pngiriman skrg lambat bgt, bisa sampe 1 minggu padahal mah barangnya di jakarta",pngiriman sekarang lambat banget sampe minggu padahal mah barang jakarta,3,Netral,2026-05-13 14:17:00,13,10,0
di anter tepat waktu,anter tepat waktu,4,Positif,2026-05-13 14:14:47,4,3,0
Semoga makin maju ya👍🏻,moga makin maju,5,Positif,2026-05-13 14:14:42,4,3,0
coba dulu ya,coba dulu,4,Positif,2026-05-13 14:14:04,3,2,0
kurangin iklan di platform lain,rangin iklan platform,5,Positif,2026-05-13 14:13:17,5,3,0
"bulan April beli HP di samsung official store Mall loh ini, datang unitnya dan ternyata rusak tidak bisa nyala terus tak retur setelah retur ternyata ada kabar bahwa produk diganti dan itu bukan saya yang ganti, ada video packingnya saya. ini saya ada tagihan bayar di paylater tapi barangnya tidak aku pegang, makin parah ini Shopee. sudah jatuh tertimpa tangga.",bulan april beli hp samsung official store mall loh datang unit nyata rusak tidak nyala terus tak retur retur nyata kabar produk ganti bukan ganti video packingnya tagih bayar paylater barang tidak pegang makin buruk jatuh timpa tangga,1,Negatif,2026-05-13 14:13:14,60,38,0
"tolong tingkatkan jasa pengiriman yang amanah, dan penangan barang yang baik 🙌",tingkat jasa kirim amanah nang barang baik,4,Positif,2026-05-13 14:12:31,12,7,0
"online shop nya sich bagus,, harganya relatif terjangkau sering dpt voucher jga koinnya bnyk cuman kenapa cepat bngt ngasih sanksi gtu,,KLW ada pengiriman gagal 2 x aja lngsung di non aktifkan fitur cod nya bisa jdi kan itu kesalahan kurir nya kita lgi keluar GK ada d rumah langsung d cancel pakai nya GK mau anter lgi...itu ya tolong d perbaiki lgi pelayanan nya.",online shop sich bagus harga relatif jangkau sering voucher jga koin bnyk cuman cepat banget ngasih sanksi gtu klw kirim gagal lngsung non aktif fitur bayar tempat jdi kan salah kurir lgi keluar tidak rumah langsung cancel pakai tidak mau anter lgi baik lgi layan,5,Positif,2026-05-13 14:11:35,64,45,0
"setiap buka shopee langsung ke video bikin gak sreg, terus expedisi spx nya sdh sampai dalam kota malah muter² kayak gangsingan oper sana, pindah sini, nanti oper sana lg.",buka langsung video bikin tidak sreg terus expedisi spx kota malah muter kayak gangsingan oper sana pindah sini oper sana lg,5,Positif,2026-05-13 14:10:40,29,21,0
Aplikasi yang sangat berguna Aku jadi bisa beli barang-barang yg aku inginkan lewat aplikasi online TERIMAKASIH TOKOPEDIA,sangat guna jadi beli barang barang ingin lewat online terimakasih tokopedia,5,Positif,2026-05-13 14:07:52,17,11,0
Iklannya Mengganggu,iklan ganggu,1,Negatif,2026-05-13 14:04:32,2,2,0
"sangat bagus dan berguna untuk kebutuhan sehari""",sangat bagus guna butuh hari,5,Positif,2026-05-13 14:04:20,7,5,0
penipuan berkedok jual barang,tipu kedok jual barang,1,Negatif,2026-05-13 14:02:47,4,4,0
bagus dan nyaman untuk belanja,bagus nyaman belanja,5,Positif,2026-05-13 14:01:34,5,3,0
"suka males klo udah ngetik barang yg mau dicari tiba² tulisan nya diganti jadi nike, bikin iklan kek gitu bgt dah",suka males kalau ngetik barang mau cari tiba tulis ganti jadi nike bikin iklan kek gitu banget dah,1,Negatif,2026-05-13 14:00:59,21,18,0
sangat mudah ketika lagi males keluar rumah,sangat mudah males keluar rumah,5,Positif,2026-05-13 13:59:32,7,5,0
not bad.,not bad,5,Positif,2026-05-13 13:58:32,2,2,0
Terbaik Kualitas,baik kualitas,5,Positif,2026-05-13 13:56:08,2,2,0
sangat membantu saya pindahan dari apk sebelah gac nyesel pkek shopee,sangat bantu pindah belah gac nyesel pkek,5,Positif,2026-05-13 13:55:54,11,7,0
memudahkan untu belanja brbagai kperluan..,mudah untu belanja brbagai kperluan,5,Positif,2026-05-13 13:53:26,5,5,0
aplikasi kok ngiklan dimana2 bikin ganggu aja ni shopee,kok ngiklan bikin ganggu ni,1,Negatif,2026-05-13 13:48:15,9,5,0
aplikasi berat+lag parah,berat lag buruk,1,Negatif,2026-05-13 13:46:13,3,3,0
sesuai pesanan.,sesuai pesan,5,Positif,2026-05-13 13:45:45,2,2,0
"aplikasi bagus,hanya saja GPS gk sesuai padahal udah tiba di Ajung tapi GPS malah kembali ke awal pengiriman",bagus gps tidak sesuai padahal tiba ajung gps malah awal kirim,4,Positif,2026-05-13 13:45:14,18,11,0
sangat cocok n membantu,sangat cocok bantu,5,Positif,2026-05-13 13:44:46,4,3,0
apk nya bagus,bagus,5,Positif,2026-05-13 13:44:05,3,1,0
cukup puas belanja di Shopee,cukup puas belanja,5,Positif,2026-05-13 13:43:21,5,3,0
bagus dan berkualitas,bagus kualitas,5,Positif,2026-05-13 13:42:40,3,2,0
"Saat ini pelayanan dari shopee sangat bagus, sehingga kami pembeli/pelanggan merasa puas dan aman utk berbelanja online",layan sangat bagus beli langgan rasa puas aman belanja online,4,Positif,2026-05-13 13:42:35,17,10,0
baikkkk,baikkkk,5,Positif,2026-05-13 13:38:51,1,1,0
"bagus, bintang lima pokoknya",bagus bintang lima pokok,5,Positif,2026-05-13 13:37:21,4,4,0
bagus sih tapi agak mahal,bagus mahal,5,Positif,2026-05-13 13:36:14,5,2,0
bagus dan bermanfaat,bagus manfaat,5,Positif,2026-05-13 13:35:12,3,2,0
Baik dan sehat Selalu.,baik sehat selalu,5,Positif,2026-05-13 13:34:01,4,3,0
saya puas dengan shopee,puas,5,Positif,2026-05-13 13:31:40,4,1,0
aplikasi dan gamenya bagus pokoknya keren,gamenya bagus pokok keren,1,Negatif,2026-05-13 13:27:31,6,4,0
Enjoy aja pilah pilih barang yg diinginkan dan proses pembelian ga rumit. aplikasi yg nyaman bagi siapapun menggunakannya,enjoy pilah pilih barang ingin proses beli tidak rumit nyaman siapa guna,5,Positif,2026-05-13 13:23:28,18,12,0
"hati hati kalo pesan di shopee .. mending up ke apk lain deh . soalnya kurir²nya asal sembarang doang . kalo antar barang , ga konfirmasi ke pembeli . terus ga di antar ke alamat pembeli . cuma asal anter entah kemana . giliran suruh klarifikasi malah di tutup²in oleh pihak shopee nya ..",hati hati kalau pesan mending up soal kurir asal sembarang doang kalau antar barang tidak konfirmasi beli terus tidak antar alamat beli cuma asal anter entah gilir suruh klarifikasi malah tutup in pihak,5,Positif,2026-05-13 13:22:41,54,33,0
belanja d shopee sangat menyenangkan... alhamdulillah amanah,belanja sangat senang alhamdulillah amanah,5,Positif,2026-05-13 13:20:47,7,5,0
Pengiriman Expedisi lama,kirim expedisi lama,2,Negatif,2026-05-13 13:20:20,3,3,0
"tempeek iklan di mana"" lagi main game tiba-tiba ada iklan apk tempek",tempeek iklan mana main game tiba tiba iklan tempek,1,Negatif,2026-05-13 13:16:51,12,9,0
👍👍👍top markotop,top markotop,5,Positif,2026-05-13 13:16:10,2,2,0
fitur terbaik..,fitur baik,5,Positif,2026-05-13 13:15:48,2,2,0
aplikasi yang bisa di buat belanja sepuasnya,buat belanja puas,5,Positif,2026-05-13 13:14:45,7,3,0
tolong izinkan saya memesan di aplikasi ini. masak saya tidak bisa memesan.,izin mes masak tidak mes,5,Positif,2026-05-13 13:13:21,12,5,0
yg jualan banyak yang nipu,jual banyak nipu,1,Negatif,2026-05-13 13:12:38,5,3,0
buat apknya sukses selalu soalnya bagus sekali untuk belanja online,buat apknya sukses selalu soal bagus sekali belanja online,5,Positif,2026-05-13 13:09:27,10,9,0
"saya slalu beli pesan barang di shopee murah"" pokoknya cintaa bgttt smaa shopee hargaa murah"" shopee Indonesia hebat",slalu beli pesan barang murah pokok cintaa bgttt smaa hargaa murah indonesia hebat,5,Positif,2026-05-13 13:08:53,18,13,0
terimakasih Shopee sangat membantu,terimakasih sangat bantu,5,Positif,2026-05-13 13:07:51,4,3,0
"solusi belanja sambil rebahan,murah tepat dan cepat",solusi belanja rebah murah tepat cepat,5,Positif,2026-05-13 13:03:07,7,6,0
kenapa ajukan pengembalian sekarang ribet banget ya di live kalo gak cocok boleh dikembalikan tapi sekarang dipersulit segala ditinjau terus bisa males belanja di shopee lagi.. pindah ke toktok pengembalian gampang,aju kembali sekarang ribet banget live kalau tidak cocok kembali sekarang sulit segala tinjau terus males belanja pindah toktok kembali gampang,4,Positif,2026-05-13 13:02:05,31,21,0
belanja mudah dan banyak promo selalu jadi pilihan belanja no 1,belanja mudah banyak promo selalu jadi pilih belanja no,5,Positif,2026-05-13 12:59:45,11,9,0
pengiriman lama laporan tidak di respon sampah,kirim lama lapor tidak respon sampah,1,Negatif,2026-05-13 12:58:57,7,6,0
"sekarang tuh kenapa si shoppe buat yang kirim paket nya gak pernah wa dulu ke yang penerimanya? gua tungguin aja paket gua, tau nya ada di tetangga gua, kang paket gak ngasih tau, tetangga gua juga lupa gak ngasih tau. heran gua pengiriman shopee sekarang",sekarang tuh si buat kirim paket tidak pernah wa dulu terima gua tungguin paket gua tau tetangga gua kang paket tidak ngasih tau tetangga gua lupa tidak ngasih tau heran gua kirim sekarang,1,Negatif,2026-05-13 12:57:34,45,33,0
puas bgt,puas banget,5,Positif,2026-05-13 12:57:11,2,2,0
aplikasi nya bagus sangat membantu,bagus sangat bantu,4,Positif,2026-05-13 12:54:30,5,3,0
"cepat gunakan shopeepay, maubayar apapun pasti ada cashback nya",cepat guna shopeepay maubayar apa cashback,5,Positif,2026-05-13 12:53:08,9,6,0
"saya suka, aplikasi nya bagus 👍👍",suka bagus,5,Positif,2026-05-13 12:52:13,6,2,0
"kurirnya malas, sudah berapa kali orderan saya dikembalikan tanpa sebab.",kurir malas berapa kali order kembali tanpa,1,Negatif,2026-05-13 12:50:41,10,7,0
𝐛𝐚𝐠𝐮𝐬 𝐣𝐢𝐞𝐫 𝐚𝐩𝐥𝐢𝐤𝐚𝐬𝐢 𝐧𝐲𝐚 👍🏻👍🏻👍🏻🔥🔥🔥,,5,Positif,2026-05-13 12:47:36,5,0,0
"banyak pencuri di gudang shopee , bagaimana perlindungan ke penjual",banyak curi gudang bagaimana lindung jual,1,Negatif,2026-05-13 12:46:54,10,6,0
"Shopee sudah menjadi online shop terbaik di Indonesia. Tapi makin kesini katanya adminnya buat seller makin naik yaa.. Jadi harganya juga agak mahalan sekarang. Tapi koq promo dan voucher diskon makin kesini makin sedikit , kadang pun ada cuma hitungan detik krn kuota ny sedikit. Ayo donk shopee banyakin lagi diskon voucher pot harganya biar kami semangat belanja , dan gak kembali ke offline shop .",jadi online shop baik indonesia makin kesini kata adminnya buat seller makin naik yaa jadi harga mahal sekarang koq promo voucher diskon makin kesini makin sedikit kadang cuma hitung detik kuota ny sedikit ayo donk banyakin diskon voucher pot harga biar semangat belanja tidak offline shop,3,Netral,2026-05-13 12:46:38,66,46,66
Aplikasi belanja yg bagus dan cepat barang ny juga aman pelayanan baik ongkirnya juga murah² bisa banyak pilihan,belanja bagus cepat barang ny aman layan baik ongkirnya murah banyak pilih,5,Positif,2026-05-13 12:46:24,18,12,0
"paket retur dicuri pegawai gudang shopee dan ditukar sampah kardus, sdh lapor cuma disuruh menunggu sdh seminggu",paket retur curi pegawai gudang tukar sampah kardus lapor cuma suruh tunggu minggu,1,Negatif,2026-05-13 12:45:50,17,13,0
Super app no.1,super no,5,Positif,2026-05-13 12:43:07,3,2,0
aplikasi paling keren di Indonesia,paling keren indonesia,5,Positif,2026-05-13 12:41:23,5,3,0
"aplikasi eror pas lagi narik sampai skrg belom bisa update trip padahal lagi nganter, kacau tgl 13 Mei 2026, jam 11.00 - 11.36 update terkini... tolong bebenah server nya..",eror pas narik sekarang bom update trip padahal nganter kacau tgl mei jam update kini bebenah server,1,Negatif,2026-05-13 12:39:49,29,17,0
selama berlangganan di shopee selalu dapat barang yang sesuai terimakasih shopee semoga tambah sukses,lama langgan selalu barang sesuai terimakasih moga tambah sukses,5,Positif,2026-05-13 12:39:34,14,9,0
payah makin lama pengirimanya makin lelet lambat,payah makin lama pengirimanya makin lambat lambat,1,Negatif,2026-05-13 12:37:34,7,7,0
baguss sih cuman pengirimannya lamaa,baguss cuman kirim lamaa,3,Netral,2026-05-13 12:36:58,5,4,0
saya puas dengan pelayanan shopee top lah...,puas layan top,5,Positif,2026-05-13 12:36:24,7,3,0
"kcewa dgn shopee skrg, pengirimannya selalu diretur, kurirnya tdk bertanggung jawab sma sx 😌😌",kcewa sekarang kirim selalu retur kurir tdk tanggung jawab sma sx,1,Negatif,2026-05-13 12:36:01,14,11,0
shopee sejauh ini ga ngecewain.menurut aku,jauh tidak ngecewain,5,Positif,2026-05-13 12:32:24,6,3,0
"shopee sangat baik ,banyak barang promo dan diskon ..semoga semakin maju jaya ya",sangat baik banyak barang promo diskon moga makin maju jaya,5,Positif,2026-05-13 12:29:46,13,10,1
mntaf ..sudah 5 lembar aku beli di toko ini,mntaf lembar beli toko,5,Positif,2026-05-13 12:29:33,9,4,0
top banget dah ini apk .barang sllu aman dan baik .,top banget dah barang sllu aman baik,5,Positif,2026-05-13 12:29:21,11,7,0
"Mempermudah Belanjaan,,,,🙏🙏",mudah belanja,5,Positif,2026-05-13 12:28:53,2,2,0
baik dan terpercaya,baik percaya,5,Positif,2026-05-13 12:27:13,3,2,0
kembalian dana nya ribet .notif pengembalian dana selesai tapi dana belum masuk sampai 2 minggu suruh ngecek terus .lu harus nya ngasih bukti kalau dana sudah di kembalikan .bukan malah minta rekening koran .tim customer bodohh juga males kerja .tokped aja cepet isi nama rekening notif muncul selesai .shopee notif aja kagak ada lol,kembali dana ribet notif kembali dana selesai dana belum masuk minggu suruh ngecek terus lu ngasih bukti kalau dana kembali bukan malah minta rekening koran tim customer bodohh males kerja tokped cepat isi nama rekening notif muncul selesai notif kagak lol,1,Negatif,2026-05-13 12:21:35,54,41,0
"halo kak, kan saya mau tekan keranjang seperti biasa aplikasi ya malah sengaja keluarnya spaylater ,kalo mau cari uang jangan sengaja gitu kita kan bayar ya cod bukan mau credit, saya sampai harus ngecek spaylater ya ada aktif atau ga, bahaya banget aplikasi ya sekarang, kita tuh pake dari zaman kalian masih baru buka tau ga, jangan gini la. thanks. diperbaiki lagi. di kira ya semua orang butuh credit kali ya, riba tau ga riba.",halo kak kan mau tekan keranjang biasa malah sengaja keluar spaylater kalau mau cari uang jangan sengaja gitu kan bayar bayar tempat bukan mau credit ngecek spaylater aktif tidak bahaya banget sekarang tuh pake zaman kalian baru buka tau tidak jangan gin la thanks baik kira semua orang butuh credit kali riba tau tidak riba,1,Negatif,2026-05-13 12:19:16,75,55,0
produk bagus,produk bagus,5,Positif,2026-05-13 12:18:53,2,2,0
"saya gaada masalah sebenarnya sama shopee tapi penindakan untuk toko yang terbukti mengirim barang palsu itu kurang tegas. kalau boleh usul, untuk katalog produk dari toko yang terbukti dilaporkan barang palsu harusnya dihapus aja katalog nya dari pihak shopee dan bila toko melanggar dan terjadi penipuan lagi sebanyak lebih dari 5 atau 3 kali (sesuai ketentuan) mohon di banned aja langsung akunnya. meresahkan banget berkali-kali toko nya menipu di satu katalog produk, refund kan makan waktu juga",gaada masalah benar sama tindak toko bukti kirim barang palsu kurang tegas kalau usul katalog produk toko bukti lapor barang palsu harus hapus katalog pihak bila toko langgar jadi tipu banyak lebih kali sesuai tentu mohon banned langsung akun resah banget kali kali toko tipu satu katalog produk refund kan makan waktu,3,Netral,2026-05-13 12:17:40,77,52,0
sangat mantull..,sangat mantull,5,Positif,2026-05-13 12:14:20,2,2,0
gimana sih makin di upgrade kok aplikasi shopee sekarang malah sering eror,gimana makin upgrade kok sekarang malah sering eror,1,Negatif,2026-05-13 12:14:18,12,8,0
"tingkatkan layanan percepat pengirimannya,jgn dlm setengah bln barang pesanan br ampe ke tujuan",tingkat layan cepat kirim jgn dlm tengah bln barang pesan br ampe tuju,5,Positif,2026-05-13 12:13:10,13,13,0
"shopee pruduk yang tak diragukan lagi,unggulan.",pruduk tak ragu unggul,5,Positif,2026-05-13 12:11:47,6,4,0
"app di shopee sesuai vidio dan barang nya ,insya Allah gak akan mengecewakan,,,,",sesuai vidio barang insya allah tidak kecewa,5,Positif,2026-05-13 12:10:56,13,7,0
apk ini sangat membantu saya... terima kasih...,sangat bantu terima kasih,5,Positif,2026-05-13 12:10:13,7,4,0
"suka bgt berguna, buat beli barang barang, dan lumayan lengkapp",suka banget guna buat beli barang barang lumayan lengkapp,5,Positif,2026-05-13 12:08:23,10,9,0
saya sangat suka dengan aplikasi shopee ini.. saya bisa berbelanja dengan sesuai harapan..apalagi banyak juga diskon dan gratis ongkir nya..,sangat suka belanja sesuai harap banyak diskon gratis ongkos kirim,5,Positif,2026-05-13 12:05:30,20,10,0
harus pintar2 cari barang yg sama dgn harga yg lebih murah. banyak promo2 menarik.,pintar cari barang sama harga lebih murah banyak promo tarik,5,Positif,2026-05-13 12:00:15,14,10,0
Mantap👍👍👍👍,bagus,5,Positif,2026-05-13 11:57:45,1,1,0
"maaf cuma tak kasih bintang 2. soalnya pengiriman barang/paket tidak sesuai jadwal/tepat waktu yg di tentukan,",maaf cuma tak kasih bintang soal kirim barang paket tidak sesuai jadwal tepat waktu tentu,2,Negatif,2026-05-13 11:56:25,16,15,0
"gw rating bntng 3 dulu walaupun sdh update berkali"" kok masih ada error, saat gw mau beli 1 barang tiba"" ada notif error gw pencet lagi masih error juga gw pencet sekali lagi baru tuh berhasil jadi gw tunggu lah itu brgnya setelah barangnya sampai lah kok yg datang 3 padahal gw minta 1 terpaksa lah gw bayar ongkir untuk return kedua brgnya pesan gw ya semisal ada terjadi error saat checkout itu dibatalin aja,tapi gw juga ada salah karena tdk lihat pesanan yg aku beli, itu aja trmksh🙏",gw rating bntng dulu walaupun update kali kok error gw mau beli barang tiba notif error gw pencet error gw pencet sekali baru tuh hasil jadi gw tunggu brgnya barang kok datang padahal gw minta paksa gw bayar ongkos kirim return dua brgnya pesan gw misal jadi error checkout dibatalin gw salah tdk lihat pesan beli trmksh,3,Netral,2026-05-13 11:54:10,89,57,0
kenapa sih eror mulu,eror mulu,2,Negatif,2026-05-13 11:52:20,4,2,0
dengan adanya shopee mambantu keuangan keluarga,ada mambantu uang keluarga,5,Positif,2026-05-13 11:49:11,6,4,0
sistem rusak.pembelian di batalkan terus menerus,sistem rusak beli batal terus terus,1,Negatif,2026-05-13 11:43:05,6,6,0
burikkk,burikkk,1,Negatif,2026-05-13 11:41:17,1,1,0
tempat belanja yang biasa saya cari barang belanjaan yang tidak ada di toko/pasar dan harganya beda dengan di toko/pasaran. terimakasih.,tempat belanja biasa cari barang belanja tidak toko pasar harga beda toko pasar terimakasih,5,Positif,2026-05-13 11:39:04,20,14,0
shopee memang bagus barangnya bagus,memang bagus barang bagus,5,Positif,2026-05-13 11:37:12,5,4,0
"apk jajan mantab banget dah.. minus nya masa tiap buka apk lain selalu muncul iklan lu sih,, di mana² masa, padahal gak segacor itu promo nya pun tiap hari bakal buka ni apk, jatuh nya kaya pemaksaan, males bett dah",jajan mantab banget dah minus masa tiap buka selalu muncul iklan lu mana masa padahal tidak segacor promo tiap hari bakal buka ni jatuh kaya paksa males bett dah,5,Positif,2026-05-13 11:35:56,40,29,0
"saya tidak melakukan pelanggaran, tapi akun saya di blokir, sehingga tdak bs makai akun saya lg. berkali2 coba ajukan pnghapusan akun tp ga bisa",tidak laku langgar akun blokir tdak bs maka akun lg kali coba aju pnghapusan akun tidak,1,Negatif,2026-05-13 11:34:44,24,16,0
sangat membantu buat usaha,sangat bantu buat usaha,5,Positif,2026-05-13 11:34:03,4,4,0
"bagusss, barangnya gapernah ada yang rusakkk",bagusss barang gapernah rusakkk,5,Positif,2026-05-13 11:32:51,6,4,0
tidak ada nomer kurirnya bikin susah untuk berkomunikasi saat barang mau datang tiba tiba pas datang langsung di batalkan tanpa ada konfirmask,tidak nomer kurir bikin susah komunikasi barang mau datang tiba tiba pas datang langsung batal tanpa konfirmask,1,Negatif,2026-05-13 11:32:40,22,17,0
tambah hari tambah ke sini tambah teknologi tambah pintar eh shopee malah pakai Ai. jawaban tidak sinkron dengan penjual kata Ai ada kata penjual stok kosong...,tambah hari tambah sini tambah teknologi tambah pintar eh malah pakai ai jawab tidak sinkron jual kata ai kata jual stok kosong,1,Negatif,2026-05-13 11:29:46,26,22,4
"Semenjak ada spx sudah beberapa kali pasanan saya dibalikin kepenjual,nunggu lama udah nyampe kota tujuan eh besoknya udah dikota si penjualnya. Kita seringnya pesen part buat servisan kalau gini siapa yg gak jengkel.",semenjak spx beberapa kali pasanan dibalikin jual nunggu lama nyampe kota tuju eh besok kota si jual sering sen part buat servis kalau gin siapa tidak jengkel,1,Negatif,2026-05-13 11:29:44,33,27,118
Saya suka sekali sama aplikasi ini,suka sekali sama,5,Positif,2026-05-13 11:28:31,6,3,0
mantaaapppp,mantaaapppp,5,Positif,2026-05-13 11:27:55,1,1,0
bisa beli apa pun yg ada di shoppe 😝,beli apa,5,Positif,2026-05-13 11:27:03,9,2,0
belanja online enak cepat,belanja online enak cepat,5,Positif,2026-05-13 11:26:11,4,4,0
Saya memesan senso pemotong kayu,mes senso potong kayu,5,Positif,2026-05-13 11:25:15,5,4,0
sangat puas dengan aplikasi Shopee 👍👍👍🥰,sangat puas,5,Positif,2026-05-13 11:25:14,6,2,0
jaringan gue bagus lol tapi di apk mu jelek malu apk rusak emang gak di perbaiki perbaiki dari dulu,jaring gue bagus lol buruk malu rusak memang tidak baik baik dulu,1,Negatif,2026-05-13 11:24:11,19,12,0
aplikasinya nya konsisten mantap,aplikasi konsisten bagus,5,Positif,2026-05-13 11:23:25,4,3,0
sangat memuaskan dn tdk kecewa,sangat muas dn tdk kecewa,5,Positif,2026-05-13 11:23:00,5,5,0
Alhamdulillah hampir semua toko toko yang jualan di shopee amanah.dan berkualitas,alhamdulillah hampir semua toko toko jual amanah kualitas,5,Positif,2026-05-13 11:21:51,11,8,0
senang sekali,senang sekali,5,Positif,2026-05-13 11:21:14,2,2,0
shopee memang the best banyak gratis ongkirnya dan kualitas produknya bagus bagus,memang the best banyak gratis ongkirnya kualitas produk bagus bagus,5,Positif,2026-05-13 11:20:57,12,10,0
bagus membantu sekali,bagus bantu sekali,5,Positif,2026-05-13 11:16:32,3,3,0
"pakai shoope sangat mudah untuk belanja ,tapi ada yang tidak saya sukai beli barang ada yang bohong, karena barangnya tidak sesuai dengan permintaan dengan contohnya, tolong yang amanah",pakai shoope sangat mudah belanja tidak suka beli barang bohong barang tidak sesuai minta contoh amanah,5,Positif,2026-05-13 11:13:53,28,16,0
pembayaran jadi mudah dan tanpa ribet,bayar jadi mudah tanpa ribet,5,Positif,2026-05-13 11:13:35,6,5,0
aplikasi ngelag akun ku ilang ashuuu padahal banyak tagihan disana login error terus emang niat banget nyusahin user ga jelassss tauuii,ngelag akun ilang ashuuu padahal banyak tagih sana login error terus memang niat banget nyusahin user tidak jelassss tauuii,1,Negatif,2026-05-13 11:10:45,21,19,0
kocak eror,kocak eror,1,Negatif,2026-05-13 11:07:39,2,2,0
belanja di shopee sesuai kebutuhan dan lengkap pilihannya harga lebih terjangkau,belanja sesuai butuh lengkap pilih harga lebih jangkau,5,Positif,2026-05-13 11:05:22,11,8,0
kemarin permasalahan pesan di perlambat dan sekarang bayar pakai pakai qris saldo kepotong tapi status nya belum di bayar. di suruh nunggu 1X24jam sudah dan akhirnya di batalkan karena tidak di bayar. chat cs lagi suruh tunggu 3hari tampa ada kejelasannya di suruh tunggu terus. ini sekarang semakin lama Shopee semakin tidak jelas!! banyak wacana tapi tidak bisa mengoptimalkan nya!!!,kemarin masalah pesan lambat sekarang bayar pakai pakai qris saldo potong status belum bayar suruh nunggu xjam akhir batal tidak bayar chat cs suruh tunggu hari tampa jelas suruh tunggu terus sekarang makin lama makin tidak jelas banyak wacana tidak optimal,1,Negatif,2026-05-13 11:05:09,60,41,0
"shope makin kesini makin jelek, tolong diperbaiki. AInya parah sekali, Penanganan masalah sangat ribet. pelayanan makin buruk barang stuck sampai berhari-hari bahkan sampai batas estimasi tibanya tidak ada solusi, parah sekali..",makin kesini makin buruk baik ainya buruk sekali tangan masalah sangat ribet layan makin buruk barang stuck hari hari bahkan batas estimasi tiba tidak solusi buruk sekali,1,Negatif,2026-05-13 11:04:55,31,27,29
mantap terus kembangkan dan perbaikan,bagus terus kembang baik,5,Positif,2026-05-13 11:03:50,5,4,0
"ok, tapi iklan nya sok asik kali loh, orang gak pencet apa apa tiba tiba aja masuk shopee. trs pas pencet silang musti masuk shopee. geram aku",iklan sok asik kali loh orang tidak pencet apa apa tiba tiba masuk trs pas pencet silang musti masuk geram,2,Negatif,2026-05-13 11:01:31,27,20,0
menyenangkan bisa dapat banyak pengalaman yg bermanfaat dari shopee 🙏,senang banyak alam manfaat,5,Positif,2026-05-13 10:59:41,10,4,0
"""shopee makin keren di 2026! fitur shopee dan video live- nya makin interaktif memudahkan banget buat lihat detail barang sebelum beli. promo gratis ongkirnya masih jadi yang terbaik"" Aplikasi sangat user friendly dan jarang lag. Metode pebayaran shopee makin praktis dan banyak cashback. pengalaman belanja paling sat set cuman di sini"". terima kasih ya shopee loveee love love,,,,",makin keren fitur video live makin interaktif mudah banget buat lihat detail barang beli promo gratis ongkirnya jadi baik sangat user friendly jarang lag metode bayar makin praktis banyak cashback alam belanja paling sat set cuman sini terima kasih loveee love love,5,Positif,2026-05-13 10:58:16,58,42,0
banyak penjual yang nama tokonya mall tapi kalah sama yang penjual biasa Artinya shope mall tidak menjamin ada barang redy dan selalu mengabaikan chat pembeli aneh saja platfom shope COD cepat shope mall yang katanya original malah buruk,banyak jual nama toko mall kalah sama jual biasa arti mall tidak jamin barang redy selalu abai chat beli aneh platfom bayar tempat cepat mall kata original malah buruk,3,Netral,2026-05-13 10:54:20,38,29,0
Bagus 👍,bagus,5,Positif,2026-05-13 10:51:42,2,1,0
klw mau update jangan pagi pagi hadeh orang mau pickup ga bisa bosa,klw mau update jangan pagi pagi hadeh orang mau pickup tidak bosa,5,Positif,2026-05-13 10:51:24,13,12,0
udh jelek skrang,buruk skrang,1,Negatif,2026-05-13 10:51:09,3,2,0
semoga ada fitur Tip dan masukan untuk kurir aplikasi nya bagus,moga fitur tip masuk kurir bagus,5,Positif,2026-05-13 10:50:07,11,6,0
saya beli di apk ini bayar pake q ris tapi gak masuk padahal duit di dana udh berkurang dan ada bukti transfer,beli bayar pake ris tidak masuk padahal duit dana kurang bukti transfer,1,Negatif,2026-05-13 10:48:37,22,12,0
shopee banyak voucer nya,banyak voucer,5,Positif,2026-05-13 10:48:32,4,2,0
"potongan untuk penjual ngeri, hampir 22% up",potong jual ngeri hampir up,1,Negatif,2026-05-13 10:47:38,7,5,0
apk jelek yg iklannya bikin risih,buruk iklan bikin risih,1,Negatif,2026-05-13 10:42:51,6,4,0
"dari awal download, sampai sekarang tidak mendapatkan SPayLater,",awal download sekarang tidak dapat spaylater,1,Negatif,2026-05-13 10:42:36,8,6,0
aplikasi kau kayak sampah,kau kayak sampah,1,Negatif,2026-05-13 10:39:16,4,3,0
"alhamdulillah selama belanja di shopee gak pernah mengecewakan,",alhamdulillah lama belanja tidak pernah kecewa,5,Positif,2026-05-13 10:38:46,8,6,0
Ahlinya iklan gk bisa di skip.,ahli iklan tidak skip,3,Netral,2026-05-13 10:32:18,6,4,0
terimakasih Shopee,terimakasih,5,Positif,2026-05-13 10:31:18,2,1,0
ok saya sangat puas,sangat puas,5,Positif,2026-05-13 10:21:19,4,2,0
pinjaman gk da yg bisa dipakr padahal setiap pinjam bayar teoat waktu..saya gk lnjut mnjem brp bulsn gtuh..pas minjem lagi gk bisakecewaaa,pinjam tidak da dipakr padahal pinjam bayar teoat waktu tidak lnjut mnjem brp bulsn gtuh pas minjem tidak bisakecewaaa,1,Negatif,2026-05-13 10:21:18,22,19,0
biaya adminnnya lo,biaya adminnnya lo,1,Negatif,2026-05-13 10:19:39,3,3,0
shopee sangat membantu 👍👍👍,sangat bantu,5,Positif,2026-05-13 10:17:26,4,2,0
kenapa shopee tanam belanja warung tidak dapat tambahan 1000 air?tolong jawab!,tanam belanja warung tidak tambah air jawab,3,Netral,2026-05-13 10:13:45,11,7,0
bagus saya suka,bagus suka,5,Positif,2026-05-13 10:11:49,3,2,0
cukup baik,cukup baik,5,Positif,2026-05-13 10:11:28,2,2,0
"Shopee makin ksni makin buruk...spaylater ada saldo gk bisa d pake..spinjam gk bisa d pake.tertulis harus d update lah,, di tutuplah..trus untuk apa ngasih saldo kalo gk boleh d pake..belanja gk bisa COD lah harus d tf dr bank terus..kan gila.. cm apk Shopee doang yg belanja nya seribet ini. makanya jd males belanja d Shopee krn pelayanan nya makin buruk.",makin ksni makin buruk spaylater saldo tidak pake spinjam tidak pake tulis update tutup trus apa ngasih saldo kalau tidak pake belanja tidak bayar tempat tf dr bank terus kan gila cm doang belanja seribet makanya jd males belanja layan makin buruk,1,Negatif,2026-05-13 10:08:42,61,42,0
aplikasi idiot,idiot,1,Negatif,2026-05-13 10:08:26,2,1,0
bagus bangettt,bagus bangettt,5,Positif,2026-05-13 10:07:12,2,2,0
"sekarang pesanan makin lama sampenya. tiap sampe di bandar Lampung pasti macet dan nginep berhari-hari, gak jalan² ke mesuji. cuma klaim² terus. padahal barang² sudah di tunggu² mau di pake. tolong di selesaikan permasalahan ini.",sekarang pesan makin lama sampenya tiap sampe bandar lampung macet nginep hari hari tidak jalan mesuji cuma klaim terus padahal barang tunggu mau pake selesai masalah,4,Positif,2026-05-13 10:06:07,35,26,0
INI APLIKASI KENAPA BAGUS BANGET DAHHH GELOOOO. BEDA BANGET AMA APK SEBELAH,bagus banget dahhh geloooo beda banget ama belah,5,Positif,2026-05-13 10:04:54,12,8,0
apk in sngt mmdhkn org berbelanja,in sngt mmdhkn org belanja,5,Positif,2026-05-13 10:04:30,6,5,0
membeli di shoppe bisa memilih penjualnya utk membeli barang yg lebih murah dibanding penjual yg lain dgn harga yg tinggi,beli pilih jual beli barang lebih murah banding jual harga tinggi,5,Positif,2026-05-13 09:59:42,20,11,0
"Makin mahal, jangan lah mahal produknya wak cik",makin mahal jangan mahal produk wak cik,5,Positif,2026-05-13 09:59:31,8,7,0
"kenapa kumat lagi kak,akhir2 ini agak lelet,terutama mau ngetik pencarian,mohon di bantu🙏🙏",kumat kak akhir lambat utama mau ngetik cari mohon bantu,5,Positif,2026-05-13 09:54:47,12,10,0
mudah berbelanja...sangat efektif gratis ongkir yg luar biasa...udh lama gunain shope smpe jdi akun gold..dpet gratis ongkir truss the bestt...,mudah belanja sangat efektif gratis ongkos kirim luar biasa lama gunain smpe jdi akun gold dpet gratis ongkos kirim truss the bestt,5,Positif,2026-05-13 09:53:43,20,22,0
okey,okey,5,Positif,2026-05-13 09:52:14,1,1,0
"shopee terlalu Maruk... udah bener aplikasi aja,pake buka ekspedisi segala,yg dmana pelayanan nya buruk sekali. berhari"" paket stuck. mau d pake buru"" akhirnya gagal,pdahal pesen jauh"" hari. masih aja tetep lambatnya minta ampun. buka gudang tiap km ada,tp ga bisa kasih service yg baik. cb d evaluasi lg pee...",terlalu maruk bener pake buka ekspedisi segala dmana layan buruk sekali hari paket stuck mau pake buru akhir gagal pdahal sen jauh hari tetep lambat minta ampun buka gudang tiap km tidak kasih service baik cb evaluasi lg pee,1,Negatif,2026-05-13 09:50:31,49,39,0
sangat baguss baik,sangat baguss baik,5,Positif,2026-05-13 09:43:40,3,3,0
pasar orange ok lah,pasar orange,5,Positif,2026-05-13 09:39:06,4,2,0
sangat membantu terimakasih Shopee,sangat bantu terimakasih,5,Positif,2026-05-13 09:35:31,4,3,0
APLIKASI TERBAIK SELURUH DUNIA DAN DI NEGARA MANAPPUN EH ...SALAH APA BENAR TUH ? TERUTAMA DI SHOPEE PINJAM EH SALAH APA BENAR TUH ?,baik seluruh dunia negara manappun eh salah apa benar tuh utama pinjam eh salah apa benar tuh,5,Positif,2026-05-13 09:33:08,24,17,0
not bad,not bad,5,Positif,2026-05-13 09:32:21,2,2,0
driver food nya gila si lamany tlong dong shopee food lbh d cepetin smpe ini make doble2 order trus 3 Doble . JD kelaman .,driver food gila si lamany food lebih cepetin smpe make doble order trus doble jd kelam,2,Negatif,2026-05-13 09:31:44,25,16,0
mantap bosss,bagus bosss,5,Positif,2026-05-13 09:25:54,2,2,0
"sekrng setiap log in ada iklan,,membosankan.",sekrng log in iklan bosan,2,Negatif,2026-05-13 09:25:16,6,5,0
"baguss sihhh,,tpi gimna ini shopee paket ku blm dateng dateng, ktnya tnggl 9 smpe skrng di undur-undur mulu skrng udh tnggl 13 Syang pesen tnggl 6",baguss sihhh gimna paket belum dateng dateng ktnya tnggl smpe sekarang undur undur mulu sekarang tnggl syang sen tnggl,5,Positif,2026-05-13 09:25:02,26,19,0
sangat membantu untuk kehidupan sehari hari,sangat bantu hidup hari hari,5,Positif,2026-05-13 09:24:38,6,5,0
lelet banget sekarang mah gk tepat waktu dah beberapa kali pesen pengirimannya selalu gk sesuai tanggal pasti telat gk sehari tpi berhari hari gila si ni rusak sekarang aplikasi ini,lambat banget sekarang mah tidak tepat waktu dah beberapa kali sen kirim selalu tidak sesuai tanggal telat tidak hari hari hari gila si ni rusak sekarang,2,Negatif,2026-05-13 09:22:59,30,26,0
"mantap, semakin lebih baik dan maju lagi ke depan nya",bagus makin lebih baik maju depan,5,Positif,2026-05-13 09:15:37,10,6,0
"lup banget sama Shopee , barang sampe aman dan bagus, apa lagi kurir ramah",lup banget sama barang sampe aman bagus apa kurir ramah,5,Positif,2026-05-13 09:15:32,14,10,0
"sangat buruk, order oli dibatalkan sepihak ,2 kali, order oli terakhir, lambat respon dan spx belum pick up ( order dari tgl 9 mei 2026 sampai sekarang 11 meri 2026)",sangat buruk order oli batal pihak kali order oli akhir lambat respon spx belum pick up order tgl mei sekarang meri,2,Negatif,2026-05-13 09:14:47,30,21,0
"akun di blok gegara blm bayar spinjam pdhl gk ada hubungannya, jdi gk bsa transaksi. janji kasi voucher sbg ganti telur emas saya yg hangus 80pcs tnpa pmberitahuan., tiba2 akun sy di blok, voucher pun gak ada",akun blok gegara belum bayar spinjam pdhl tidak hubung jdi tidak bsa transaksi janji kasi voucher sbg ganti telur emas hangus pcs tnpa pmberitahuan tiba akun blok voucher tidak,1,Negatif,2026-05-13 09:11:36,37,29,2
"apk ecormence no.1 di indonesia ,",ecormence no indonesia,5,Positif,2026-05-13 09:10:09,6,3,0
"tolong dong Shopee ,, toko2 yg meresahkan/fake bisa lebih kesaring.. sy uda kenak fake paket 2x . pdahal sy uda hati2 milihnya. trus jgn sampe toko2 yg gk jelas/fake gk bisa jual barangnya di flassale. maksih",toko resah fake lebih saring uda nak fake paket pdahal uda hati milihnya trus jgn sampe toko tidak jelas fake tidak jual barang flassale maksih,4,Positif,2026-05-13 09:07:32,36,25,0
parah paket semua mogok lambat sampai,buruk paket semua mogok lambat,2,Negatif,2026-05-13 09:06:45,6,5,0
semoga amanah terus ya aplikasi shoope ini,moga amanah terus shoope,5,Positif,2026-05-13 09:02:17,7,4,0
kenapa shopee gak bisa dilihat sampai bawah mau cari apa masih memuat tulisannya kenapa iya setiap kali main permainan shopee baterainya cepat sekali habis padahal permainan nya bagus banget tolong diperbaiki lagi,tidak lihat bawah mau cari apa muat tulis kali main main baterai cepat sekali habis padahal main bagus banget baik,4,Positif,2026-05-13 08:57:04,32,20,0
GOOD JOB SHOPEE,good job,5,Positif,2026-05-13 08:54:19,3,2,0
aplikasi paling the best sih menurut aku tapi sekarang agak kecewa gimana gitu aku mau pesan lagi tapi fitur COD gak bisa di pake😓gimana dong min solusinya,paling the best sekarang kecewa gimana gitu mau pesan fitur bayar tempat tidak pake gimana min solusi,5,Positif,2026-05-13 08:47:18,27,17,0
Hai Shopee estimasi tgl17 mei s/d20 kok bisa di ubah tgl 18 mei tolong di tetapkan tanggalnya ya jangan bikin konsumen kecewa 😥,hai estimasi tgl mei kok ubah tgl mei tetap tanggal jangan bikin konsumen kecewa,5,Positif,2026-05-13 08:45:42,23,14,0
"pengiriman slalu baik,kurir jg ramah🥰🥰👍👍",kirim slalu baik kurir ramah,5,Positif,2026-05-13 08:45:13,5,5,0
apani nda bisa COD,apani nda bayar tempat,2,Negatif,2026-05-13 08:44:45,4,4,0
bagus sih bnyak promo tp kadang datang gak sesuai barang,bagus bnyak promo kadang datang tidak sesuai barang,3,Netral,2026-05-13 08:44:33,10,8,0
belum tahu,belum tahu,5,Positif,2026-05-13 08:44:17,2,2,0
"buruk banget pelayanan Shopee. saya ada pesanan sejak tanggal 7 Mei 2026. pengiriman dari tangerang dan alamat saya di Jakarta Pusat. pertama estimasi pesanan sampai tanggal 10, lalu berubah tanggal 12 dan sekarang jadi tanggal 13 Mei 2026. pihak seller udah ngirim tapi jasa kirim Shopee yaitu spx selalu muter muter dan gagal kir terus. chat CS dan selalu janji janji pesanan akan segara sampai. apa? sampai hari ini saja belum diterima dan sudah lebih dari est tiba. saya pun gbsa chat cs lagi.",buruk banget layan pesan sejak tanggal mei kirim tangerang alamat jakarta pusat pertama estimasi pesan tanggal lalu ubah tanggal sekarang jadi tanggal mei pihak seller ngirim jasa kirim spx selalu muter muter gagal kir terus chat cs selalu janji janji pesan segara apa hari belum terima lebih est tiba gbsa chat cs,1,Negatif,2026-05-13 08:42:44,84,52,0
"Beli emas di curi kurir, beli saus di curi juga. Lucu sekali kebijakannya",beli emas curi kurir beli saus curi lucu sekali bijak,1,Negatif,2026-05-13 08:41:00,13,10,0
lumayan bgs,lumayan bgs,3,Netral,2026-05-13 08:36:00,2,2,0
lambat dalam pengiriman mu ya,lambat kirim,1,Negatif,2026-05-13 08:30:14,5,2,0
"shopee sekang parah banget, paket ku udah seminggu lebih stuck. ngga update sama sekali.udah hubungi cs katanya udah buat pelaporan dsb tapi tetap aja ga ada perubahan. malah disuruh nunggu lebih lama lagi sedang paket udh lama banget stuck. ekspedisi nya ga becus ga bisa utamain paket urgent udh dbilang urgent juga ga dikirim",sekang buruk banget paket minggu lebih stuck tidak update sama sekali hubung cs kata buat lapor tetap tidak ubah malah suruh nunggu lebih lama sedang paket lama banget stuck ekspedisi tidak becus tidak utamain paket urgent dbilang urgent tidak kirim,2,Negatif,2026-05-13 08:30:00,54,40,0
pengiriman cepat dan ongkir murah,kirim cepat ongkos kirim murah,5,Positif,2026-05-13 08:29:38,5,5,0
tolong dbnerin bug nya masa aku live ada muka masih kna pelanggaran tolong btulkan aka ku,dbnerin bug masa live muka kna langgar btulkan aka,1,Negatif,2026-05-13 08:28:55,16,9,0
Shopee sangat asik,sangat asik,5,Positif,2026-05-13 08:27:25,3,2,0
bandingnya merugikan konsumen. barang sudah dikembalikan kepenjual. pembeli tetap membayar barangnya,banding rugi konsumen barang kembali jual beli tetap bayar barang,1,Negatif,2026-05-13 08:26:19,11,10,0
makin kecewa sama shoope masa sekarang alamat nya yg jauh udah ngga bisa cek out lah terus kami gimana yg alamat nya jauh dari pulau jawa ngga boleh belanja di shopee gitu? udah deh bagus di hapus aja aplikasi nya kalau begitu ngga berguna,makin kecewa sama shoope masa sekarang alamat jauh tidak cek out terus gimana alamat jauh pulau jawa tidak belanja gitu bagus hapus kalau tidak guna,2,Negatif,2026-05-13 08:24:27,44,25,0
"masih yang terbaik untuk saat ini,semoga makin baik,cuma tolong di benahi pihak jasa krim kdng lama banget,mksih.",baik moga makin baik cuma benah pihak jasa krim kdng lama banget mksih,5,Positif,2026-05-13 08:24:24,17,13,0
Ni e-commerce paling gajelasss. sering pembatalan order sepihak via sestem hdehh,ni commerce paling gajelasss sering batal order pihak via sestem hdehh,1,Negatif,2026-05-13 08:24:05,11,11,0
Sangat Berguna dan Bermanfaat,sangat guna manfaat,5,Positif,2026-05-13 08:19:19,4,3,0
"update2 melulu tambah lemot, parah...",update melulu tambah lambat buruk,2,Negatif,2026-05-13 08:17:06,5,5,0
"shopee ini bagus banget, gk kayak tik tok shop barangnya lama sampainya ,sedangkan shopee indonesia sampainya cepat dan barangnya gk ada rusak... intinya bagus banget deh shopee ini ..",bagus banget tidak kayak tik tok shop barang lama sampai indonesia sampai cepat barang tidak rusak inti bagus banget,5,Positif,2026-05-13 08:13:05,29,19,0
maaaantaaapppp sekali...!!!!!,maaaantaaapppp sekali,5,Positif,2026-05-13 08:12:38,2,2,0
Tolong kasih opsi buat setiap masuk app gak masuk ke halaman live & Video.,kasih opsi buat masuk tidak masuk halaman live video,1,Negatif,2026-05-13 08:11:01,14,9,0
"iklan mu di aplikasi lain sangat sangat sangat annoying, tolong jgn kasih tombol yg bikin pindah aplikasi, bikin lag dan hang. Terima kasih",iklan sangat sangat sangat annoying jgn kasih tombol bikin pindah bikin lag hang terima kasih,1,Negatif,2026-05-13 08:08:14,23,15,0
lambat pengiriman. jauh lebih buruk dari sebeum sebelumnya. kecewa bener. ketika sudah mendekati estimasi langsung di ubah dan waktu estimasi makin di mundurkan jauh hari. sangat lambat gerak kerja nya. sangat minum update nya. sngat kurang update. sangat sangat buruk pokoknya,lambat kirim jauh lebih buruk sebeum belum kecewa bener dekat estimasi langsung ubah waktu estimasi makin mundur jauh hari sangat lambat gerak kerja sangat minum update sngat kurang update sangat sangat buruk pokok,1,Negatif,2026-05-13 08:07:47,41,33,0
kurirnya sangat parah,kurir sangat buruk,1,Negatif,2026-05-13 08:05:57,3,3,0
sangat membantu dalam belanja,sangat bantu belanja,5,Positif,2026-05-13 08:03:05,4,3,0
"barang yg dijual di shopee banyak pilihan, sy biasa belanja di shopee.",barang jual banyak pilih biasa belanja,5,Positif,2026-05-13 08:02:29,12,6,0
terlalu sering update,terlalu sering update,1,Negatif,2026-05-13 07:53:13,3,3,0
maksudnya loyalitas itu gimana ya kak saya kurang paham maksudnya itu kak ae 🙏🙏,maksud loyalitas gimana kak kurang paham maksud kak ae,5,Positif,2026-05-13 07:50:34,14,9,0
𝐩𝐞𝐫𝐟𝐞𝐜𝐭,,5,Positif,2026-05-13 07:36:18,1,0,0
aplikasi sangat bagus .,sangat bagus,5,Positif,2026-05-13 07:35:35,4,2,0
"menjadi salah satu aplikasi vampir data, baru buka aplikasi udah otomatis buka live, ditutup saja live kadang masih on di latar belakang suara masih ada.",jadi salah satu vampir data baru buka otomatis buka live tutup live kadang on latar belakang suara,1,Negatif,2026-05-13 07:34:27,25,17,0
merasa puas,rasa puas,4,Positif,2026-05-13 07:30:24,2,2,0
"selalu membantu semua kebutuhan keluarga saya barang-barang oke dan sangat menghemat kantong, thanksss suda ciptakan aplikasi ini yahh😍😍",selalu bantu semua butuh keluarga barang barang sangat hemat kantong thanksss suda cipta yahh,5,Positif,2026-05-13 07:24:54,18,14,0
sumpah shopee ni iklan nya ngeselin banget dimana mana ada.. lagi baca wattpad juga muncul mulu padahal gk mencet apa apa.. tolong dong diperbaikin lagi,sumpah ni iklan ngeselin banget mana baca wattpad muncul mulu padahal tidak mencet apa apa diperbaikin,3,Netral,2026-05-13 07:22:24,25,16,0
oke..,,5,Positif,2026-05-13 07:21:18,1,0,0
kemasan rapi...brosny cantik..puas..seller ramah,kemas rapi brosny cantik puas seller ramah,5,Positif,2026-05-13 07:17:54,4,7,0
"shopee tolonglah diperbaiki sistemnya soalnya aku pesan barang belum ada pembaruan lokasi sdh posisi dimana barangnya, mohon ini rekomendasi saya 🙏",tolong baik sistem soal pesan barang belum baru lokasi posisi barang mohon rekomendasi,5,Positif,2026-05-13 07:16:37,21,13,0
sanget bagus dan cepat,sanget bagus cepat,5,Positif,2026-05-13 07:10:40,4,3,0
mantap puas bisa belanja online,bagus puas belanja online,5,Positif,2026-05-13 07:09:49,5,4,0
operasional mudah cepat nyaman,operasional mudah cepat nyaman,5,Positif,2026-05-13 07:02:16,4,4,0
mantap belanja dishopee,bagus belanja dishopee,5,Positif,2026-05-13 07:01:36,3,3,0
semoga makin banyak promo nya.,moga makin banyak promo,5,Positif,2026-05-13 06:58:45,5,4,0
Harga lebih murah dan mohon untuk jaga kualitasnya maka orang akan percaya dan juga ini saran saya kalau sdh berlangganan barang dan mau beli jangan dinaikin lg,harga lebih murah mohon jaga kualitas orang percaya saran kalau langgan barang mau beli jangan dinaikin lg,5,Positif,2026-05-13 06:52:14,27,17,0
sangat membantu dan bermanfaat,sangat bantu manfaat,5,Positif,2026-05-13 06:44:36,4,3,0
pelanggan setia shoppee akutu...cara pakainya enak dan banyak voucher di vip nya...tengkyuu,langgan setia shoppee akutu cara pakai enak banyak voucher vip tengkyuu,5,Positif,2026-05-13 06:42:35,12,11,0
licik masuk 7hari climm 25000 tapi monopoli suruh intall aplikasi lagi saat instal download apk.suruh masuk lagi...dan aku yakin juga tidak sesui begitu coin juga promonya.apa bener ini shoppeebindonesia.kayaknya ini bukan shopee indonesia..,licik masuk hari climm monopoli suruh intall instal download suruh masuk yakin tidak sesui coin promonya apa bener shoppeebindonesia kayak bukan indonesia,1,Negatif,2026-05-13 06:40:48,33,22,0
sangat terbantu dalam berbelanja berbagai perlengkapan,sangat bantu belanja bagai lengkap,5,Positif,2026-05-13 06:40:39,6,5,0
"oy shope iklan nya kurangin apa ganggu aja lagh enak""baca wp gk sentuh gk apa tiba'masuk aja ama apk ini kurangi lah :)plisss lah iklan blm ilang bikin kesel aja tau gk lama'uninstal nih",oy iklan rangin apa ganggu lagh enak baca wp tidak sentuh tidak apa tiba masuk ama kurang plisss iklan belum ilang bikin kesel tau tidak lama uninstal,1,Negatif,2026-05-13 06:37:56,34,27,0
lebih mudah,lebih mudah,5,Positif,2026-05-13 06:35:46,2,2,0
sistem aneh,sistem aneh,1,Negatif,2026-05-13 06:34:29,2,2,0
produk ini sangat membantu dalam pekerjaan.,produk sangat bantu kerja,5,Positif,2026-05-13 06:34:25,6,4,0
Shopie adalah aplikasi pelayanan publik yg terpercaya dalam berbelanja Online,shopie layan publik percaya belanja online,5,Positif,2026-05-13 06:32:45,10,6,0
"apk ini sangat cocok buat kaum introvert, yg pengen shopping² tanpa ketemu banyak orang",sangat cocok buat kaum introvert ken shopping tanpa ketemu banyak orang,5,Positif,2026-05-13 06:27:09,14,11,0
sangat bgus,sangat bgus,5,Positif,2026-05-13 06:26:14,2,2,0
well,well,5,Positif,2026-05-13 06:20:19,1,1,0
aplikasi gampang ngebug buat gak nyaman . dan klaim retur ribet enak pake tiktokshop mau kembalikan barang langsung keluar resi dan uang kembali saat pake diterima ekspedisi,gampang ngebug buat tidak nyaman klaim retur ribet enak pake tiktokshop mau kembali barang langsung keluar resi uang pake terima ekspedisi,1,Negatif,2026-05-13 06:15:44,27,21,0
semakin baik. pokonya keren lah,makin baik poko keren,5,Positif,2026-05-13 06:15:29,5,4,0
"mohon dari pihak apk untuk pengiriman dipercepat ,saya perhatikan sekarang makin mlempem dan lambat dalam pengiriman...mohon cepat respon terima kasih",mohon pihak kirim cepat perhati sekarang makin mlempem lambat kirim mohon cepat respon terima kasih,5,Positif,2026-05-13 06:14:17,20,15,0
online shope yang sangat berguna,online sangat guna,5,Positif,2026-05-13 06:09:19,5,3,0
oke banget nih 😘😘😘,banget,5,Positif,2026-05-13 06:06:08,4,1,0
susah buat acc padahal data sudah bener dan tida ada beklis,susah buat acc padahal data bener tida beklis,1,Negatif,2026-05-13 06:01:15,11,8,0
saya sangat puas dengan Shopee karna mudah dan aman kalo kita pesan barang itu cepat direspon dan juga Pengantarannya pun sampe tempat tujuan degan aman dan tidak ada kendala sedikit pun Terimakasih Shopee 👍👌🙏,sangat puas mudah aman kalau pesan barang cepat direspon antar sampe tempat tuju degan aman tidak kendala sedikit terimakasih,5,Positif,2026-05-13 05:58:06,34,19,0
"Aplikasi Ter lelet dalam pengiriman, pean tanggal 7 sampe sekarang ga sampai sampai, di keterangan sedang tunggu kurirnya, aneh nya dari tanggal 9 sampe tanggal 13 info nya masih gitu, nyasar atau gimana tuh kurir...",ter lambat kirim pean tanggal sampe sekarang tidak terang sedang tunggu kurir aneh tanggal sampe tanggal info gitu nyasar gimana tuh kurir,1,Negatif,2026-05-13 05:50:27,35,22,1
pesanan sesuai waktu,pesan sesuai waktu,5,Positif,2026-05-13 05:47:37,3,3,0
"pengantaran sampe ke Plosok desa 👍 banyak gratis ongkir ny ,",antar sampe plosok desa banyak gratis ongkos kirim ny,5,Positif,2026-05-13 05:43:17,11,9,0
Lambat pengiriman dan juga banyak toko nya penipu jual barang nya,lambat kirim banyak toko tipu jual barang,1,Negatif,2026-05-13 05:36:33,11,7,0
membantu sekali untuk belanja online,bantu sekali belanja online,5,Positif,2026-05-13 05:32:48,5,4,0
tidak tepat waktu,tidak tepat waktu,1,Negatif,2026-05-13 05:30:57,3,3,0
sangat menarik dan cocok,sangat tarik cocok,5,Positif,2026-05-13 05:21:59,4,3,0
"saya ganti penilaian dari bintang 2 ke bintang satu karena emang parah banget lambatnya pengiriman, jakarta-lampung biasanya hanya 3hari ini bisa 1 minggu lebih. paket stuck di bekasi DC dan lampung DC. PARAH!!!",ganti nilai bintang bintang satu memang buruk banget lambat kirim jakarta lampung biasa hari minggu lebih paket stuck bekas dc lampung dc buruk,1,Negatif,2026-05-13 05:05:25,33,23,1
bagus walau pun banyak penipuan,bagus banyak tipu,5,Positif,2026-05-13 05:03:07,5,3,0
belanja di Shopee bayarnya COD,belanja bayar bayar tempat,5,Positif,2026-05-13 05:00:24,5,4,0
mantap jiwa,bagus jiwa,5,Positif,2026-05-13 04:54:45,2,2,0
"Apl nya bagus, pengiriman cepat, dan sesuai.☺️",apl bagus kirim cepat sesuai,4,Positif,2026-05-13 04:46:40,7,5,0
"banyak iklan, lemot, kebijakan tidak failed makin ke sini malah tambah jelek.",banyak iklan lambat bijak tidak failed makin sini malah tambah buruk,1,Negatif,2026-05-13 04:45:47,12,11,0
susah login,susah login,4,Positif,2026-05-13 04:38:50,2,2,0
tidak bisa cod cek dulu,tidak bayar tempat cek dulu,2,Negatif,2026-05-13 04:38:33,5,5,0
kebijakan shope aneh2 aja. gak di jelasin pelanggaran nya apa. tiba2 akun di non aktifkan . harus ada peringatan dulu. jelaskan apa kesalahnya. bikin vidio shope .menurut saya gak ada vidio yang sensitif. tp tiba2 akun di non aktifkan. sungguh mengecewakan..,bijak aneh tidak jelasin langgar apa tiba akun non aktif ingat dulu jelas apa salah bikin vidio tidak vidio sensitif tiba akun non aktif sungguh kecewa,2,Negatif,2026-05-13 04:32:07,41,26,0
terimakasih,terimakasih,5,Positif,2026-05-13 04:30:20,1,1,0
aplikasi yg sangat membantu dan sangat memuaskan,sangat bantu sangat muas,5,Positif,2026-05-13 04:28:14,7,4,0
aplikasi nya Bagus,bagus,5,Positif,2026-05-13 04:03:09,3,1,0
cara retur y gampang.,cara retur gampang,5,Positif,2026-05-13 03:59:05,4,3,0
JELEK. paket saya udah banyak kali stuck dan ga gerak gerak dari lokasi sortir kab. Tangerang Kosambi 2 DC,buruk paket banyak kali stuck tidak gerak gerak lokasi sortir kab tangerang kosambi dc,1,Negatif,2026-05-13 03:56:41,19,14,0
aplikasi shopee saya tidak bisa ke buka apa masalahnya,tidak buka apa masalah,5,Positif,2026-05-13 03:55:25,9,4,0
"benci bgt akun lama aku ke log out gk bisa log in lagi, harus bikin akun baru🙁",benci banget akun lama log out tidak log in bikin akun baru,5,Positif,2026-05-13 03:50:44,17,12,0
pengiriman yang sekarang suka stuck dan stucknya lama banget. terakhir hampir sebulan sampe berujung refund karena paket ga dateng². sekarang beli barang lagi dan paket stuck lagi udah seminggu. disuruh bikin laporan mulu tapi ga pernah bener² ada tindakan berarti. sayang banget aplikasi paling convenient begini harus bermitra sama mitra yang ga kompeten sampe kena imbasnya. I'll fix my star kalo udah ganti mitra atau seenggaknya diperhatiin lagi masalah pengiriman.,kirim sekarang suka stuck stucknya lama banget akhir hampir bulan sampe ujung refund paket tidak dateng sekarang beli barang paket stuck minggu suruh bikin lapor mulu tidak pernah bener tindak arti sayang banget paling convenient begini mitra sama mitra tidak kompeten sampe kena imbas ll fix my star kalau ganti mitra enggak diperhatiin masalah kirim,1,Negatif,2026-05-13 03:18:52,70,55,0
drivermu gak pernah punya kmbalian,drivermu tidak pernah punya kmbalian,1,Negatif,2026-05-13 03:07:35,5,5,0
"tolong ni shopee tinjau ulang tuh spx parah bgt pesanan sya dlm seminggu 2 kali gagal krna SPX ga jelas paket stuck ga ad kejelasan , paket bkn luar kota sampe 7 hari blm sampe dan ujung2nya stuck ga d kirim2 ckck tinjau dengan tegas tuh SPX",ni tinjau ulang tuh spx buruk banget pesan sya dlm minggu kali gagal spx tidak jelas paket stuck tidak ad jelas paket bkn luar kota sampe hari belum sampe ujung stuck tidak kirim ckck tinjau tegas tuh spx,1,Negatif,2026-05-13 02:51:47,47,38,0
50koin,koin,5,Positif,2026-05-13 02:47:41,1,1,0
"apa aja yg mau ku beli, ada.",apa mau beli,5,Positif,2026-05-13 02:46:36,7,3,0
"langganan shopee vip supaya dpt prioritas, dulu emang cepet pengiriman paketnya bahkan sebelum tgl estimasi uda sampe. sekarang sangat buruk bahkan bisa berhenti lama di satu titik selama berhari-hari. komplain pun percuma gak di dengar dan ekspedisi tetep gak berubah. pilihan ekspedisi yang tersedia kebanyakan cuman spx lainnya gak ada.",langgan vip prioritas dulu memang cepat kirim paket bahkan tgl estimasi uda sampe sekarang sangat buruk bahkan henti lama satu titik lama hari hari komplain percuma tidak dengar ekspedisi tetep tidak ubah pilih ekspedisi sedia banyak cuman spx lain tidak,1,Negatif,2026-05-13 02:29:01,50,40,1
sang puas,sang puas,5,Positif,2026-05-13 02:16:50,2,2,0
sudahhh good,sudahhh good,5,Positif,2026-05-13 02:16:43,2,2,0
"pengiriman tidak jelas padahal kami menunggu paktenya sampe 1 minggu eehh kurirnya bilang tidak ada di tempat atu tidak bisa di hubungi, appaan cobak kami tidak pernah di hubungi,",kirim tidak jelas padahal tunggu paktenya sampe minggu eehh kurir bilang tidak tempat atu tidak hubung appaan cobak tidak pernah hubung,2,Negatif,2026-05-13 02:16:33,29,21,0
Voucher gratis ongkirnya kuranggggggggg plissss kasih yang lebih banyakkkkkKKKK,voucher gratis ongkirnya kuranggggggggg plissss kasih lebih banyakkkkkkkkk,5,Positif,2026-05-13 02:06:35,9,8,0
Ga seru ah Padahal selalu beli di shoopee dan aplikasi belanja cuma Shopee doang tapi ga di anggap ga pernah dapet apa2 bahkan limit aja kecil 😁🤦‍♀️ paling parah lagi dendam an tahunan gara² telat bayar karena hp ilang meski di bayar lunas tetep saja di blokir 😁😁 utang ga seberapa nyoba² awal nya ngerembet ke BI cheking jadi aja cari modal usaha susah. mungkin ga sih ini bagian dari strategi pemerintah biar dana KUR di pakai pengusaha besar.,tidak seru ah padahal selalu beli shoopee belanja cuma doang tidak anggap tidak pernah apa bahkan limit kecil paling buruk dendam an tahun gara telat bayar hp ilang meski bayar lunas tetep blokir utang tidak berapa nyoba awal ngerembet bi cheking jadi cari modal usaha susah mungkin tidak bagi strategi perintah biar dana kur pakai usaha besar,1,Negatif,2026-05-13 01:56:47,79,57,0
Layanan SPX sangat lambat. Pengiriman banyak stuck nya,layan spx sangat lambat kirim banyak stuck,2,Negatif,2026-05-13 01:55:21,8,7,0
Halaman keranjang sering macet dan minta restart. udah berkali2 dilaporin tp blm ada perbaikan even udah diupdate,halaman keranjang sering macet minta restart kali dilaporin belum baik even diupdate,2,Negatif,2026-05-13 01:49:09,17,12,9
aplikasi nya sendiri masih jadi marketplace nomer 1 bagi aku...cuma iklannya di apk lain kayak di game2 kecil itu yg gangguuuu banget... segitu pingin nya dibuka gitu kek maksa banget pingin dibuka.. tanpa disuruh pun aku jga bakalan buka gitu lo.. ga usah dipaksa2.. gemes.. pingin uninstall tapi masih butuh... tolong lah iklannya di apk lain itu yg wajar..,sendiri jadi marketplace nomer cuma iklan kayak game kecil gangguuuu banget segitu pingin buka gitu kek maksa banget pingin buka tanpa suruh jga bakal buka gitu lo tidak usah paksa gemes pingin uninstall butuh iklan wajar,3,Netral,2026-05-13 01:31:29,59,36,0
Shopee ok good 👍👍👍,good,5,Positif,2026-05-13 01:25:24,4,1,0
kurillnya ramah barang bagus .gak nyesal cod shopee.,kurillnya ramah barang bagus tidak nyesal bayar tempat,5,Positif,2026-05-13 01:18:52,8,8,0
Angsuran sudah dilunasi namun akun Spay Later masih dibekukan,angsur lunas akun spay later beku,1,Negatif,2026-05-13 01:18:24,9,6,0
Pelayanan sangat memuaskan,layan sangat muas,5,Positif,2026-05-13 01:17:54,3,3,0
"sistem bobrok cs nya ga ada respon,tolong dong udh setahun lebih spaylater saya ga di aktifkan lagi?",sistem bobrok cs tidak respon tahun lebih spaylater tidak aktif,1,Negatif,2026-05-13 01:17:19,17,10,0
𝕤𝕘𝕥 𝕓𝕨𝕒𝕘𝕦𝕤. 𝕞𝕖𝕣𝕦𝕓𝕒𝕙 𝕡𝕖𝕣𝕖𝕜𝕠𝕟𝕠𝕞𝕚𝕒𝕟 𝕜𝕖𝕝𝕦𝕒𝕣𝕘𝕒,,5,Positif,2026-05-13 01:17:13,5,0,0
aplikasi nya sangat berguna untuk pesanan onlen ok banget tdk make ribet,sangat guna pesan onlen banget tdk make ribet,5,Positif,2026-05-13 01:17:07,12,8,0
jasa kirim JNE BS g di blokir dr shopee? tiap kali pengiriman melalui JNE mesthi trouble!,jasa kirim jne bs blokir dr tiap kali kirim lalu jne mesthi trouble,5,Positif,2026-05-13 01:15:54,16,13,0
selalu sesuai dengan apa yg di pilih.,selalu sesuai apa pilih,5,Positif,2026-05-13 01:15:28,7,4,0
iklan lu ganggu,iklan lu ganggu,1,Negatif,2026-05-13 01:11:10,3,3,0
marketplace terbaik soal gratis ongkir. joss,marketplace baik soal gratis ongkos kirim joss,5,Positif,2026-05-13 01:08:58,6,7,0
kenapa ga bisa cod,tidak bayar tempat,1,Negatif,2026-05-13 01:01:13,4,3,0
transaksi mudah dan cepat,transaksi mudah cepat,5,Positif,2026-05-13 01:00:37,4,3,0
"suka belanja di Shopee tapi setiap lagi baca novel, main game dll tiba-tiba langsung masuk ke aplikasi Shopee, d delete dulu biar fokus ke aplikasi yg dituju malah masuk ke website Shopee. maunya apa sih nih aplikasi",suka belanja baca novel main game tiba tiba langsung masuk delete dulu biar fokus tuju malah masuk website mau apa,1,Negatif,2026-05-13 00:58:39,37,20,0
sangat mengecewakan dalam proses nya...terlalu lama tim kerja nya ..ga bisa sat set...masalah sepele malah di buat ribet...pengembalian dana aja masa mau 2minggu ga balik2 keluhan ke cs cuma omong kosong ga bisa selesain masalah...payah dah ..sangat kecewA SMA kinerja nya...lama...,sangat kecewa proses terlalu lama tim kerja tidak sat set masalah sepele malah buat ribet kembali dana masa mau minggu tidak balik keluh cs cuma omong kosong tidak selesain masalah payah dah sangat kecewa sma kerja lama,1,Negatif,2026-05-13 00:50:59,41,37,0
"makin kesini makin nggak bisa jaga komitmen dengan customer, banyak jebakan harga, banyak biaya embel2, garansi waktu nunggu komplen dulu baru dikasih voucher, malah batesnya cuma sehari harus sudah dipakai.",makin kesini makin tidak jaga komitmen customer banyak jebak harga banyak biaya embel garansi waktu nunggu komplen dulu baru kasih voucher malah batesnya cuma hari pakai,1,Negatif,2026-05-13 00:47:16,30,26,0
kerenlah,keren,5,Positif,2026-05-13 00:44:52,1,1,0
banyak iklan,banyak iklan,1,Negatif,2026-05-13 00:40:26,2,2,0
"kalau bisa ditambahin,pembayarannya pakai dana tmbah ok",kalau ditambahin bayar pakai dana tmbah,5,Positif,2026-05-13 00:39:27,7,6,0
nambah pengetahuan tentang onderdil dan lain2nya,nambah tahu onderdil lain,5,Positif,2026-05-13 00:32:43,6,4,0
ka tolonggg😭 iklan mu SANGAT SANGAT SANGAT MENGGANGGU!!!! jangan terlalu memaksakan tolong :( lagi main game tiba2 ke Shopee kesel beut,ka tolonggg iklan sangat sangat sangat ganggu jangan terlalu paksa main game tiba kesel beut,1,Negatif,2026-05-13 00:30:51,21,15,0
saya kasi bintang 5 karena supaya teratas oiya di sopi ada koin loginan yang setiap harinya sampai hari ke 7 yang akan mendapatkan 25000ribu koin kenapa pas login hari ke 7 saya claim untuk mendapatkan 25000koin ternyata saya hanya mendapat 200 perak sama aja seperti di tipu suda terlihat akan mendapatkan 25000 tapi ternyata ditipu 200 perak mohon lebih jujur lagi toko oren,kasi bintang atas oiya sopi koin loginan hari hari dapat ribu koin pas login hari claim dapat koin nyata dapat perak sama tipu suda lihat dapat nyata tipu perak mohon lebih jujur toko oren,5,Positif,2026-05-13 00:29:11,63,34,0
"berguna, bisaa belanja tanpa ribet",guna bisaa belanja tanpa ribet,4,Positif,2026-05-13 00:28:47,5,5,0
makin berat,makin berat,2,Negatif,2026-05-13 00:27:34,2,2,0
bagus cepat dan mudah untuk blnja,bagus cepat mudah blnja,5,Positif,2026-05-13 00:21:08,6,4,0
enak belanja di shopee mudah dan hemat pastinya 😉,enak belanja mudah hemat pasti,5,Positif,2026-05-13 00:19:13,9,5,0
"terimalah shopee senang banget, aplikasi memudahkan untuk berbelanja🫰🥰",terima senang banget mudah belanja,5,Positif,2026-05-13 00:16:59,8,5,0
TOLONG JANGAN SERING NONGOL DI APK LAIN,jangan sering nongol,1,Negatif,2026-05-13 00:13:02,7,3,0
mamtap,mamtap,5,Positif,2026-05-13 00:09:58,1,1,0
kalo sudah bintang 5 yg pastinya oke banget untuk didownload,kalau bintang pasti banget didownload,5,Positif,2026-05-13 00:06:44,10,5,0
oke bagus semua,bagus semua,5,Positif,2026-05-13 00:06:26,3,2,0
penyelesaian masalah buruk oper sana oper sini. penjual dituntut baik cepat maksimal ada sangsi dan kerugian kepercayaan pembeli. tapi jika ekspedisi SPX yang bermasalah lama melakukan proses hingga tertunda pengiriman ribet ruwet prosesnya penjual dirugikan. tidak ada penyeleseain atau kompensasi dari pihak shopee,selesai masalah buruk oper sana oper sini jual tuntut baik cepat maksimal sangsi rugi percaya beli ekspedisi spx masalah lama laku proses hingga tunda kirim ribet ruwet proses jual rugi tidak penyeleseain kompensasi pihak,1,Negatif,2026-05-13 00:00:09,43,34,0
Solusi belanja terbaik,solusi belanja baik,4,Positif,2026-05-12 23:51:28,3,3,0
"untuk keseluruhan fitur aplikasi, belanja, voucher dll bagus.",seluruh fitur belanja voucher bagus,5,Positif,2026-05-12 23:48:54,8,5,0
Iklan paling maksa ganggu tau gak😡😡😡lagi asik nonton selalu ke skip dan ke shope tiba tiba gajelas lama kelamaan gue hapus ni AP nyebelin,iklan paling maksa ganggu tau tidak asik nonton selalu skip tiba tiba gajelas lama lama gue hapus ni ap nyebelin,1,Negatif,2026-05-12 23:39:13,24,20,0
"Shopee gajelas nih, lagi baca wattpad iklan mulu. Baru scroll aja udh iklan, iklannya skrng jd cepet. Sebel banget. Padahal tanpa iklan jg tau, ecommersnya udh ga asing disemua kalangan. Saran saya kurang kurangin deh iklannya, kebanyakan iklan disetiap aplikasi yang ada pada males scroll dan belanja, plus rating menurun. Ngejar targetnya terlalu dipaksain.",gajelas baca wattpad iklan mulu baru scroll iklan iklan sekarang jd cepat sebel banget padahal tanpa iklan tau ecommersnya tidak asing semua kalang saran kurang rangin iklan banyak iklan tiap males scroll belanja plus rating turun ngejar target terlalu dipaksain,1,Negatif,2026-05-12 23:38:53,54,40,0
ok ok ok,,5,Positif,2026-05-12 23:35:46,3,0,0
suka bngttt,suka bngttt,5,Positif,2026-05-12 23:33:51,2,2,0
"pake COD cpet dteng, tinggal paket qris lamak anehh!!!",pake bayar tempat cepat dteng tinggal paket qris lamak anehh,1,Negatif,2026-05-12 23:33:31,9,10,0
shopee sejauh ini masih yang terbaik untuk e-commerse,jauh baik commerse,5,Positif,2026-05-12 23:30:52,8,3,0
"bgus, top la",bgus top la,5,Positif,2026-05-12 23:27:18,3,3,0
sukaaa,sukaaa,5,Positif,2026-05-12 23:26:38,1,1,0
"Jujur sebenarnya selama ini gw pake shopee gak ada masalah tapi mulai hari ini bulan mei tanggal 12 pesanan gw selalu di batalin oleh pihak shopee, alasannya karena terdeteksi melakukan aktivitas tidak wajar, palalu tidak wajar gw cuma pesan barang malah di bilang gak wajar yang bener aja woy 😭💔",jujur benar lama gw pake tidak masalah mulai hari bulan mei tanggal pesan gw selalu batalin pihak alas deteksi laku aktivitas tidak wajar palalu tidak wajar gw cuma pesan barang malah bilang tidak wajar bener woy,1,Negatif,2026-05-12 23:20:35,50,36,0
tiba tiba semua ngk bisa cod,tiba tiba semua ngk bayar tempat,1,Negatif,2026-05-12 23:16:08,6,6,2
"secara umum sih aplikasi ini udah BAGUS dan SEMPURNA, tapi ada 1 KEKURANGAN nya biar tambah sempurna, bagus dan di sukai sama semua orang yaitu tambahkan metode PEMBAYARAN PESANAN SHOPEE kita melalui aplikasi PEMBAYARAN DIGITAL ( contoh nya : kayak DANA, OVO, GOPAY, PAYPAL, jangan cuma pakai SHOPEE PAY aja, biar makin KOMPLITE, bikin orang jadi NYAMAN pakai aplikasi ini, Dan gak terbatas untuk di pakai sama semua orang 😊✨",umum bagus sempurna kurang biar tambah sempurna bagus suka sama semua orang tambah metode bayar pesan lalu bayar digital contoh kayak dana ovo gopay paypal jangan cuma pakai pay biar makin komplite bikin orang jadi nyaman pakai tidak batas pakai sama semua orang,5,Positif,2026-05-12 23:15:03,70,43,1
buruk banyak iklan,buruk banyak iklan,1,Negatif,2026-05-12 23:07:00,3,3,0
bagus banget elegan,bagus banget elegan,5,Positif,2026-05-12 23:06:39,3,3,0
Place market terpercaya....,place market percaya,5,Positif,2026-05-12 23:06:23,3,3,0
apakah ada fitur layar gelap?,fitur layar gelap,3,Netral,2026-05-12 23:05:40,5,3,2
"setiap orderan saya alhamdulillah bagus ya, setelah saya tau soppee makasih soppee, siller dan kurir",order alhamdulillah bagus tau soppee terima kasih soppee siller kurir,5,Positif,2026-05-12 23:04:59,15,10,0
"😂😂🤣 Baru aja di lunasi mau pinjam lagi di spinjam malah di tolak, padahal ngk pernah telat bayar, 👎👎👎👎",baru lunas mau pinjam spinjam malah tolak padahal ngk pernah telat bayar,1,Negatif,2026-05-12 23:04:18,19,12,0
membantu dan mempermudah balenja,bantu mudah balenja,5,Positif,2026-05-12 23:02:11,4,3,0
mantap lebih murah,bagus lebih murah,5,Positif,2026-05-12 22:55:24,3,3,0
saya sangat suka bangat sama aplikasi karena sangat bermanfaat terimakasih shopee,sangat suka bangat sama sangat manfaat terimakasih,5,Positif,2026-05-12 22:54:33,11,7,0
barang bagus.👍,barang bagus,5,Positif,2026-05-12 22:48:22,2,2,0
"Shopee emang the best, trimakasih shopee",memang the best trimakasih,5,Positif,2026-05-12 22:45:03,6,4,0
"Bintang 1 Untuk kecepatan pengiriman, meskipun pakai SPX reguler",bintang cepat kirim meski pakai spx reguler,1,Negatif,2026-05-12 22:38:47,9,7,0
mantap banget,bagus banget,5,Positif,2026-05-12 22:37:05,2,2,0
aplikasinya sangat bagus,aplikasi sangat bagus,5,Positif,2026-05-12 22:37:03,3,3,0
"banyak fitur nggak penting yang bikin apk tambah berat, tolong juga ilangin ai yang membalas chat kita dengan penjualan, karena kurang yakin kalo yang jawab ai. itu juga bikin penjual malas balas chat pembeli karena ngandelin ai. mana iklan shopee maksa banget di setiap aplikasi, bener bener meresahkan",banyak fitur tidak penting bikin tambah berat ilangin ai balas chat jual kurang yakin kalau jawab ai bikin jual malas balas chat beli ngandelin ai mana iklan maksa banget bener bener resah,2,Negatif,2026-05-12 22:36:15,48,32,105
aplikasi ini sangat membantu dan bagus banget. apalagi s'pinjam y kalau bisa Bunga y agak di perkecil lagi donk kak,sangat bantu bagus banget pinjam kalau bunga kecil donk kak,5,Positif,2026-05-12 22:32:52,20,10,0
semakin baik,makin baik,5,Positif,2026-05-12 22:29:25,2,2,0
iklan,iklan,1,Negatif,2026-05-12 22:27:14,1,1,0
"pengalaman dapat kurir buta map,PGN cepet pulang paket malah di antar ke GK tau siapa bukan ke saya,padahal alamat sudah jelas ,ada nmr hp juga nama juga ada kocakkkkk",alam kurir buta map pgn cepat pulang paket malah antar tidak tau siapa bukan padahal alamat jelas nmr hp nama kocakkkkk,1,Negatif,2026-05-12 22:27:05,29,21,0
aplikasi nya bagus tapi pengiriman nya GK sesuai tanggal,bagus kirim tidak sesuai tanggal,1,Negatif,2026-05-12 22:25:53,9,5,0
kebanyakan embel embel nya jdi mahal,banyak embel embel jdi mahal,2,Negatif,2026-05-12 22:24:23,6,5,0
fitur belanja online dapat mudah dipahami sebagai digital konsumen menjadi tahu trend pemakaian sesuai keperluan yang diinginkan,fitur belanja online mudah paham digital konsumen jadi tahu trend pakai sesuai perlu ingin,5,Positif,2026-05-12 22:23:55,17,14,0
Mudah digunakan,mudah guna,5,Positif,2026-05-12 22:20:47,2,2,0
untuk sekarang ini layanan shopee kurang memuaskan..barang bukan kategori produk berbahaya saat di order di nyatakan berbahaya..entah mengapa. terlalu banyak kebijakan yang gak masuk akal..padahal sebelumnya tidak seperti itu.,sekarang layan kurang muas barang bukan kategori produk bahaya order nyata bahaya entah terlalu banyak bijak tidak masuk akal padahal belum tidak,1,Negatif,2026-05-12 22:19:58,29,22,0
semoga lebih baik lagi,moga lebih baik,5,Positif,2026-05-12 22:18:26,4,3,0
sangat memuaskan kurirnya sgt baik dan sopan,sangat muas kurir sgt baik sopan,5,Positif,2026-05-12 22:13:00,7,6,0
"saya sangat kecewa paket saya stuck 2 Minggu, padahal tinggal pengantaran kerumah saya, mau di batalkan ga bisa, hubungi cs di bilangnya Karana anjloknya paket hadeh",sangat kecewa paket stuck minggu padahal tinggal antar rumah mau batal tidak hubung cs bilang karana anjlok paket hadeh,1,Negatif,2026-05-12 22:07:20,26,19,0
"gercep ,tokonya amanah, kurirnya baik n sopan",gercep toko amanah kurir baik sopan,5,Positif,2026-05-12 21:59:08,7,6,0
"banyak seller yng tidak amanah, mereka buat voucher toko tapi dibatalkannya alasan stok habis, human error. Aneh kompensasi pun gak jelas ada yang dapet ada yang engga padahal sama sama pengguna shopee",banyak seller yng tidak amanah buat voucher toko batal alas stok habis human error aneh kompensasi tidak jelas engga padahal sama sama guna,1,Negatif,2026-05-12 21:58:22,32,23,0
"bagus cuma kenapa cepet penuh ya, hp android bisa apa😭😂🤣",bagus cuma cepat penuh hp android apa,4,Positif,2026-05-12 21:56:47,10,7,0
"kecewa banget sama shopee sekarang pengiriman lama banget sampe 10 harian, paket ada yg muter"", ada yg stuck lama banget😭 tolong tingkatin lagi dong kualitasnya",kecewa banget sama sekarang kirim lama banget sampe hari paket muter stuck lama banget tingkatin kualitas,2,Negatif,2026-05-12 21:49:36,25,16,0
Mantap deh pokoknya,bagus pokok,5,Positif,2026-05-12 21:49:00,3,2,0
aplikasi yg sering bikin hilap belanja karna gratis ongkir nya,sering bikin hilap belanja gratis ongkos kirim,5,Positif,2026-05-12 21:48:57,10,7,0
sangat mudah dan simpel untuk kita berbelanja,sangat mudah simpel belanja,5,Positif,2026-05-12 21:45:37,7,4,0
"Saya kasih bintang 4,soal nya kadang kadang ngestak di aplikasi nya terus nge lag",kasih bintang soal kadang kadang ngestak terus nge lag,4,Positif,2026-05-12 21:44:13,14,9,0
Makasih.,terima kasih,1,Negatif,2026-05-12 21:42:26,1,2,0
tolong lebih ditingkatkan agar lebih baik lagi,lebih tingkat lebih baik,5,Positif,2026-05-12 21:42:08,7,4,0
"soppee,dapat dipercaya dan semua murah",soppee percaya semua murah,5,Positif,2026-05-12 21:39:21,5,4,0
sangat memudahkan untuk berbelanja,sangat mudah belanja,5,Positif,2026-05-12 21:38:24,4,3,0
next day ga beneran next day bisa berhari hari padahal ga jauh jauh amat,next day tidak beneran next day hari hari padahal tidak jauh jauh,1,Negatif,2026-05-12 21:37:35,14,12,0
Aplikasi nya lemot kali /lelet,lambat kali lambat,5,Positif,2026-05-12 21:37:01,5,3,0
semoga Shopee ini bermanfaat dan berguna untuk semua kepentingan manusia,moga manfaat guna semua penting manusia,5,Positif,2026-05-12 21:35:13,10,6,0
"sya pengguna shopee paylater, waktu sya retur barang krna problem n pengembalian dana selesai ke transfer di paylater,, waktu sya check tagihan di paylater malah nominalnya gak berkurang n masih stuck disitu sperti sya hrus bayarr tagihan yg mana barang udah sya kembalikan ke seller, dan sperti nanggung kerugian sendiri,, ini gimana sih? sya retur dan sya ttep harus bayar tagihannya,, ini sama aja bikin sya boncos",sya guna paylater waktu sya retur barang problem kembali dana selesai transfer paylater waktu sya check tagih paylater malah nominal tidak kurang stuck situ sperti sya hrus bayarr tagih mana barang sya kembali seller sperti nanggung rugi sendiri gimana sya retur sya ttep bayar tagih sama bikin sya boncos,2,Negatif,2026-05-12 21:34:45,67,49,0
bismillah semoga lancar rizki nya,bismillah moga lancar rizki,5,Positif,2026-05-12 21:32:16,5,4,0
setiap mau check out barang harus verifikasi dulu kenapa ya padahal no telepon saya belum pernah di pake ke shopee kok di sisitemnya nomor anda sudah terpakai Mulu heran saya,mau check out barang verifikasi dulu padahal no telepon belum pernah pake kok sisitemnya nomor pakai mulu heran,1,Negatif,2026-05-12 21:30:56,30,18,0
sangat senang belanja di shopee.,sangat senang belanja,5,Positif,2026-05-12 21:27:51,5,3,0
simpel,simpel,5,Positif,2026-05-12 21:26:18,1,1,0
"jangan takut belanja di sini, sistem return uang otomatis kembali ke rekening, jika barang TK di kirim lebih dari 2 hari.",jangan takut belanja sini sistem return uang otomatis rekening barang tk kirim lebih hari,5,Positif,2026-05-12 21:22:06,21,14,0
belanja di shopee mantap dan sangat memudahkan dalam mencari barang yg akan dibeli.mudah dan aman..,belanja bagus sangat mudah cari barang beli mudah aman,5,Positif,2026-05-12 21:21:32,15,9,0
MANTAP PAYLETER BEKU,bagus payleter beku,5,Positif,2026-05-12 21:18:31,3,3,0
sangat bagus dan memudahkan,sangat bagus mudah,5,Positif,2026-05-12 21:18:27,4,3,0
"memudahkan kalo mau butuh ap"", tinggal shopping di shopee 🥰",mudah kalau mau butuh ap tinggal shopping,5,Positif,2026-05-12 21:16:31,10,7,0
potongan shopee nya ngeri kalii,potong ngeri kali,1,Negatif,2026-05-12 21:15:22,5,3,0
dikasih 4 bintang karna belum ada update baru seperti spaylatter untuk membeli motor misal 30jt motor cash lalu spaylatter menjadi 36bulan (3th) dengan cicilan 800/900/1jt. tambahkan fitur tersebut,kasih bintang belum update baru spaylatter beli motor misal jt motor cash lalu spaylatter jadi bulan th cicil jt tambah fitur sebut,4,Positif,2026-05-12 21:13:44,28,22,0
"tiap barang yg dikirim dan rusak oleh kurir, slalu saja seller yg dirugikan, barang rusak + potongan ongkir retur. bisa ga sih keadilan lebih tercipta, jika barang rusak saat pengiriman, pihak expedisi yg mengganti rugi, jgn slalu seller yg menanggung kerugian, apalagi bukan kategori barang murah shopee jika tidak berbenah, maka lambat Laun akan ditinggalkan penggunanya, sprti Bukalapak, Nokia, BlackBerry karena setiap KEJAYAAN ada masanya, tidak abadi. tinggal nunggu waktu saja.",tiap barang kirim rusak kurir slalu seller rugi barang rusak potong ongkos kirim retur tidak adil lebih cipta barang rusak kirim pihak expedisi ganti rugi jgn slalu seller tanggung rugi bukan kategori barang murah tidak benah lambat laun tinggal guna sprti bukalapak nokia blackberry jaya masa tidak abadi tinggal nunggu waktu,1,Negatif,2026-05-12 21:13:14,71,51,0
bagus sekali sangat mudah,bagus sekali sangat mudah,5,Positif,2026-05-12 21:12:53,4,4,0
lancar,lancar,5,Positif,2026-05-12 21:03:26,1,1,0
"spinjem pelit bgt dari dulu GK lolos2 takut bgt GK bi bayar, klo takut GK usah kasih harapn di notif ,bikin kesel aja,super pelit",spinjem pelit banget dulu tidak lolos takut banget tidak bi bayar kalau takut tidak usah kasih harapn notif bikin kesel super pelit,1,Negatif,2026-05-12 21:03:04,24,22,0
sangat membantu skaliii👍👍👍,sangat bantu skaliii,5,Positif,2026-05-12 21:01:41,3,3,0
"gajelas banget shopee skrg, paketnya ditunda tunda mulu, padahal hari estimasinya sudah jelas",gajelas banget sekarang paket tunda tunda mulu padahal hari estimasi jelas,1,Negatif,2026-05-12 20:58:34,13,11,0
keren cuy,keren cuy,5,Positif,2026-05-12 20:57:08,2,2,0
Ngeri iklan nya muncul pula,ngeri iklan muncul,2,Negatif,2026-05-12 20:57:02,5,3,0
Shopee mantap. Gratis ongkir. Apalagi Kalau VIP belanja Rp 1000 pun tetap gratis ongkir. Fitur pengembalian produk adil tidak memihak kpd penjual. terima kasih,bagus gratis ongkos kirim kalau vip belanja rp tetap gratis ongkos kirim fitur kembali produk adil tidak pihak kpd jual terima kasih,5,Positif,2026-05-12 20:56:16,24,22,0
aplikasi smngt berguna😻,smngt guna,1,Negatif,2026-05-12 20:54:47,3,2,0
puas belanja di shoppe,puas belanja,5,Positif,2026-05-12 20:54:35,4,2,0
shope aku eror atau gimana padahal udah bayar di Indomaret udah ada struk pembayaran nya. pas chat admin yang punya barang di tulis belum bayar???,eror gimana padahal bayar indomaret struk bayar pas chat admin punya barang tulis belum bayar,5,Positif,2026-05-12 20:53:04,25,15,0
Semoga selalu yang terbaik,moga selalu baik,5,Positif,2026-05-12 20:48:24,4,3,0
"wort it for dowload, bnyk diskon",wort it for dowload bnyk diskon,5,Positif,2026-05-12 20:46:36,6,6,0
mantap bosss que..,bagus bosss que,5,Positif,2026-05-12 20:44:04,3,3,0
sangat membntu,sangat membntu,5,Positif,2026-05-12 20:43:29,2,2,0
"ini shopee virus ini.setiap buka game atau aplikasi kalau ada iklan pasti iklan ini yg muncul,kalau GK iklan judol.",virus buka game kalau iklan iklan muncul kalau tidak iklan judol,1,Negatif,2026-05-12 20:42:28,19,11,0
bagus sekali saya sudah pernah mendengar tentang pertanyaan yang berhubungan dengan opsi nya sangat ramah sekali,bagus sekali pernah dengar tanya hubung opsi sangat ramah sekali,5,Positif,2026-05-12 20:36:34,16,10,0
"SPX ada yang maling, paket cod 200perak aja di embat. nanggung amat, dosanya gede makannya cuma 200 rupiah. ampuunn deh ah tobat bang, dunia dah tua bentar lagi mati. jangan suka makan paket cod orang bang, mana tau emang buat kebutuhan. kalo ketahuan apa nggak malunya sampe kiamat",spx maling paket bayar tempat perak embat nanggung dosa gede makan cuma rupiah ampuunn ah tobat bang dunia dah tua bentar mati jangan suka makan paket bayar tempat orang bang mana tau memang buat butuh kalau tahu apa tidak malu sampe kiamat,1,Negatif,2026-05-12 20:36:25,48,42,0
cukup baik sekarang,cukup baik sekarang,3,Netral,2026-05-12 20:34:55,3,3,0
"sangat membantu sekali,belanja jadi mudah tanpa harus kluar rumah",sangat bantu sekali belanja jadi mudah tanpa kluar rumah,5,Positif,2026-05-12 20:34:12,9,9,0
membantu dan mempermudah aktivitas dan pekerjaan saya,bantu mudah aktivitas kerja,5,Positif,2026-05-12 20:27:33,7,4,0
"sekarang shopie tidak ada gratis ongkirnya, mahalan ongkirnya daripada barang yg kita pesan. parah, lebih baik belanja di TikTok, banyak gratis ongkirnya.",sekarang shopie tidak gratis ongkirnya mahal ongkirnya barang pesan buruk lebih baik belanja tiktok banyak gratis ongkirnya,2,Negatif,2026-05-12 20:23:27,22,17,0
setiap aplikasi digunakan selalu diaupdet terus bikin ga nyaman ngebosenin,guna selalu diaupdet terus bikin tidak nyaman ngebosenin,1,Negatif,2026-05-12 20:23:19,10,8,0
shopy memang mantab,shopy memang mantab,5,Positif,2026-05-12 20:22:16,3,3,0
𝒂𝒑𝒍𝒊𝒌𝒂𝒔𝒊𝒏𝒚𝒂 𝒃𝒆𝒍𝒂𝒏𝒋𝒂 𝒏𝒐 𝟏 𝒃𝒊𝒔𝒂 𝒎𝒆𝒎𝒃𝒂𝒏𝒕𝒖 𝒌𝒆𝒃𝒖𝒕𝒖𝒉𝒂𝒏 𝑰𝑹𝑻,,5,Positif,2026-05-12 20:21:45,8,0,0
Semoga shopee terus kasih diskon2 yg banyak,moga terus kasih diskon banyak,5,Positif,2026-05-12 20:19:41,7,5,0
Bgus bget sih and happy belanja di shopee Indonesia tapi agak sedih soalnya udah 2 Minggu ga bisa COD,bgus banget and happy belanja indonesia sedih soal minggu tidak bayar tempat,5,Positif,2026-05-12 20:19:04,19,12,0
Saya kasih bintang 4 dullu karena saya pengguna baru belum tau min plusnya terimakasih,kasih bintang dullu guna baru belum tau min plus terimakasih,4,Positif,2026-05-12 20:17:32,14,10,0
"shopee skrg lambat pengirimannya, ,ga sperti dluuu, lgsg garcep, , , paket d suruh muter2 dlu, ,ga bisa langsung",sekarang lambat kirim tidak sperti dluuu lgsg garcep paket suruh muter dlu tidak langsung,5,Positif,2026-05-12 20:17:06,19,14,0
"estimasi selalu tidak tepat.. shopee benar"" payah sekarang. mending pindah ke lazada lagi aja... barang juga banyak yg ga sesuai. kebanyakan nipu dan penipu",estimasi selalu tidak tepat benar payah sekarang mending pindah lazada barang banyak tidak sesuai banyak nipu tipu,1,Negatif,2026-05-12 20:15:28,24,17,0
"klaim pembatalan ditolak, saya bangkrut. karena bangkrut saya gak sanggup bayar lagi. Aplikasi saya hapus dulu",klaim batal tolak bangkrut bangkrut tidak sanggup bayar hapus dulu,1,Negatif,2026-05-12 20:15:20,16,10,0
Barang datang sesuai yang di harapkan.,barang datang sesuai harap,5,Positif,2026-05-12 20:14:28,6,4,0
pengiriman agak lambat terus ada biaya layanan 1.900,kirim lambat terus biaya layan,3,Netral,2026-05-12 20:12:42,8,5,0
"ok saja lah,trima kasih shopee indonesia,selalu tepat waktu dlm pengiriman.",trima kasih indonesia selalu tepat waktu dlm kirim,5,Positif,2026-05-12 20:07:37,10,8,0
shopee ok...belanja puas tanpa ribet,belanja puas tanpa ribet,5,Positif,2026-05-12 20:05:26,5,4,0
aku sering belanja di shopee COD bagus pelayanya tepat waktu saat kulir tiba,sering belanja bayar tempat bagus pelayanya tepat waktu kulir tiba,5,Positif,2026-05-12 20:05:22,13,10,0
Kren,kren,5,Positif,2026-05-12 20:03:39,1,1,0
"saya sangat suka belanja di shopee murah, bagus, tidak mengecewakan, yang pasti banyak diskonnya, shopee memang OK",sangat suka belanja murah bagus tidak kecewa banyak diskon memang,4,Positif,2026-05-12 20:03:22,17,10,0
Shopee is the best best of the best no satu didunia belanja jos gandos kotos kotos👍👍👍👍👍👍👍👍👍👍👍👍👍👍👍👍👍👍👍👍👍👍👍👍👍👍👍👍👍👍👍👍,is the best best of the best no satu dunia belanja jos gandos kotos kotos,5,Positif,2026-05-12 20:03:17,16,15,0
aplikasi nya bagus buat buat pesan barang online dan pelayanan nya juga mantap👍,bagus buat buat pesan barang online layan bagus,5,Positif,2026-05-12 19:58:15,13,8,0
"baru kali ini aku kecewa sama shopee . pdhl aku pelanggan setia shopee dan aku kalo nyicil apapun GK pernah telat bayarnya... yg pertama aku kecewa karna beli tab masih pemakaian 1 bulan sudah rusak blm Hbs masa garansi di blng sudah habis.mna d bnerin d sini sudah g bsa. rusak total kmn"" pun GK bsa. mana cicilan itu masih 1 kali .jadi aku nyesel bnget nyicil barang rusak aku cicil tnp keterlambatan aku lapokan k toko respon tidak memuaskan aku lporkan toko tp pihak shopee gada tindakn samsek",baru kali kecewa sama pdhl langgan setia kalau nyicil apa tidak pernah telat bayar pertama kecewa beli tab pakai bulan rusak belum hbs masa garansi blng habis mna bnerin sini bsa rusak total kmn tidak bsa mana cicil kali jadi nyesel bnget nyicil barang rusak cicil tnp lambat lapo toko respon tidak muas lporkan toko pihak gada tindakn samsek,1,Negatif,2026-05-12 19:58:06,89,59,0
Saya suka dengan shopee Indonesia pelayanan yang bagus dan menyenangkan Walaupun ada beberapa kurir yang membuat jengkel,suka indonesia layan bagus senang walaupun beberapa kurir buat jengkel,5,Positif,2026-05-12 19:54:34,17,10,0
lumayan lah,lumayan,5,Positif,2026-05-12 19:54:26,2,1,0
aplikasi blanja Ter the best di Indonesia,blanja ter the best indonesia,5,Positif,2026-05-12 19:51:16,7,5,0
"kasi bintang 2 untuk pengiriman pihak shopee mbulet terus,juga terlalu lama,sudah sampek sidoarjo tinggal kirim ke alamat masi di puter lagi di surabaya,perbaiki laa peengirimanya",kasi bintang kirim pihak mbulet terus terlalu lama sampek sidoarjo tinggal kirim alamat mas puter surabaya baik laa peengirimanya,2,Negatif,2026-05-12 19:51:13,25,19,0
"aplikasi yg bagus , belanja online lancar, makasih Shopee",bagus belanja online lancar terima kasih,5,Positif,2026-05-12 19:49:36,9,6,0
membantu belanja,bantu belanja,5,Positif,2026-05-12 19:48:44,2,2,0
"aplikasi shopee Indonesia sngt bagus memudahkan aku utk blanja online, aku suka blnja di shopee krn agak murah hrganya dan lbh gampang cek out nya😀",indonesia sngt bagus mudah blanja online suka blnja murah hrganya lebih gampang cek out,5,Positif,2026-05-12 19:48:35,25,14,0
"inti nya saja,baik",inti baik,5,Positif,2026-05-12 19:48:20,3,2,0
beli barang apapun jadi mudah,beli barang apa jadi mudah,5,Positif,2026-05-12 19:44:06,5,5,0
"lumayan apk ini, tp KLO pesan hati2 kadang GK sesuai dengan barang yang d pesan berbeda",lumayan kalau pesan hati kadang tidak sesuai barang pesan beda,3,Netral,2026-05-12 19:44:01,16,10,0
"barang memuaskan ,bagus pokonya 👍",barang muas bagus poko,5,Positif,2026-05-12 19:44:00,5,4,0
"belanja di shopee murah, amanah, tidak murahan, aman, puas, mau pesan lagi dan lagi",belanja murah amanah tidak murah aman puas mau pesan,5,Positif,2026-05-12 19:42:56,14,9,0
"shoope makin buruk,pengiriman lambat,udah stuck 1 minggu lebih kaga jalan paket nya",shoope makin buruk kirim lambat stuck minggu lebih kaga jalan paket,1,Negatif,2026-05-12 19:41:35,12,11,0
saya senang berbelanja di Shopee banyak bonus dan barang yg di beli sesuai dgn yg di promosikan,senang belanja banyak bonus barang beli sesuai promosi,5,Positif,2026-05-12 19:40:53,17,8,0
shopee the best,the best,5,Positif,2026-05-12 19:40:45,3,2,0
"SPX Pelayanan yg tidak profesional, Buruk, sering lewat dari estimasi, komplain ke CS, jawaban CS hanya itu itu saja, tidak ada pembenahan yg tepat, SPX tidak seperti jasa lain, yg setiap pengantaran barang di sertakan nama kurir, dan nomer telpon kurir yg akan mengantar, karena ini kurir SPX bisa se enaknya saja mau antar atau tidak pada estimasi yg di tentukan, SHOPEE apk kecil, namun dengan kurir2 yg sperti kura2 SHOPEE akan buruk di mata pengguna",spx layan tidak profesional buruk sering lewat estimasi komplain cs jawab cs tidak benah tepat spx tidak jasa antar barang serta nama kurir nomer telpon kurir antar kurir spx se enak mau antar tidak estimasi tentu kecil kurir sperti kura buruk mata guna,1,Negatif,2026-05-12 19:40:29,76,43,0
Oke banget,banget,5,Positif,2026-05-12 19:38:15,2,1,0
"dengan banyaknya vocer gratis ongkir aku belanja jadi happy 😁 terimakasih shope aplikasi ini mmg juara vocer dan diskon..secinta itu aku sama shope hingga aku gak punya aplikasi belanja lain jaya selalu,shope sll dihati ❤️🫰",banyak vocer gratis ongkos kirim belanja jadi happy terimakasih mmg juara vocer diskon cinta sama hingga tidak punya belanja jaya selalu sll hati,5,Positif,2026-05-12 19:34:50,35,23,2
aplikasi kebanyakan iklan gajelas,banyak iklan gajelas,1,Negatif,2026-05-12 19:32:52,4,3,0
sangat oke sekali,sangat sekali,5,Positif,2026-05-12 19:31:56,3,2,0
verifikasi KTP tertolak padahal format sudah sesuai.,verifikasi ktp tolak padahal format sesuai,1,Negatif,2026-05-12 19:31:47,7,6,0
menurut ku shoope bagusss bangett dann menurutku aplikasih yanggggg memuaskannnnnn terimakasih shoppe kuu,shoope bagusss bangett dann turut aplikasih yanggggg memuaskannnnnn terimakasih kuu,5,Positif,2026-05-12 19:28:52,13,10,0
"shopee ga guna saya komplain dari kemarin pesanan saya statusnya sudah terkirim tapi saya ga menerima barang. paket saya yang dateng harusnya dua, tapi yang ditaro kurir di rumah saya cuma satu, saya sudah cari cari paketnya gaada, saya minta no kurir gabisa, tiktok shop aja bisa otomatis dapet no kurir, hubungi cs shopee gabisa malah yang bales ai, terus minta pengembalian dana malah ditolak, dengan alasan paket sudah terkirim, padahal saya belum menerima paketnya. aplikasi payah, gaada solusi.",tidak komplain kemarin pesan status kirim tidak terima barang paket dateng harus ditaro kurir rumah cuma satu cari cari paket gaada minta no kurir gabisa tiktok shop otomatis no kurir hubung cs gabisa malah bales ai terus minta kembali dana malah tolak alas paket kirim padahal belum terima paket payah gaada solusi,1,Negatif,2026-05-12 19:28:42,79,52,0
Cukup puaz dgn sopi,cukup puaz sopi,5,Positif,2026-05-12 19:28:28,4,3,2
sistemnya shopee makin kacau,sistem makin kacau,1,Negatif,2026-05-12 19:28:15,4,3,0
belanja lagi,belanja,5,Positif,2026-05-12 19:28:10,2,1,0
"buruk banget ngajuin retur udh 3minggu masih juga ngambang, bukti udh jelas tapi blm juga dipick up.. tolong diperbaiki Shopee nanya dicustomer service juga gk ada tanggapan, nggk jelas",buruk banget ngajuin retur minggu ngambang bukti jelas belum dipick up baik nanya dicustomer service tidak tanggap nggk jelas,1,Negatif,2026-05-12 19:28:04,29,19,0
barang produk yang di shopee barang nya bagus bagus dan sesuai👍👍😻,barang produk barang bagus bagus sesuai,5,Positif,2026-05-12 19:27:41,11,6,0
shope sangat bagus,sangat bagus,5,Positif,2026-05-12 19:26:28,3,2,0
SANGAT SANGAT MEMUASKAN HARGANYA TERJANGKAU BARANGNYA BAGUS SEMUA TRIMAKASIH SHOPEE,sangat sangat muas harga jangkau barang bagus semua trimakasih,5,Positif,2026-05-12 19:23:50,10,9,0
mending tiktok shop 5x pesan barang 5x juga paket di kembalikan ke toko tanpa pernah sampai di rumah,mending tiktok shop pesan barang paket kembali toko tanpa pernah rumah,5,Positif,2026-05-12 19:22:31,18,11,0
enakkk basreng nya GK kerasss,enakkk basreng tidak kerasss,5,Positif,2026-05-12 19:22:15,5,4,0
kalau bisa cod mau blanja kalau ga bisa yaudh,kalau bayar tempat mau blanja kalau tidak yaudh,5,Positif,2026-05-12 19:20:16,9,8,0
mantapppppp,mantapppppp,5,Positif,2026-05-12 19:16:04,1,1,0
shopee sekarang pengiriman nya lama bgtt,sekarang kirim lama bgtt,1,Negatif,2026-05-12 19:15:16,6,4,0
"tolong dibales ini kenapa ya abis saya update dan masuk aplikasi liat live tapi sedang mendownload stuck di 0% terus ga nambah nambah downloadnya, saya sudah coba pakai wifi dan data seluler sama saja padahal sinyal lancar, memory masih banyak 3gb, sebelum saya update masih bisa liat live sekarang saya update jadi gabisa liat live statusnya sedang mendownload stuck 0% beberapa menit ada tulisan download gagal",dibales abis update masuk liat live sedang mendownload stuck terus tidak nambah nambah downloadnya coba pakai wifi data seluler sama padahal sinyal lancar memory banyak gb update liat live sekarang update jadi gabisa liat live status sedang mendownload stuck beberapa menit tulis download gagal,4,Positif,2026-05-12 19:15:00,66,44,0
kok dak BS cod ya,kok dak bs bayar tempat,4,Positif,2026-05-12 19:13:42,5,5,0
sangat puas belanja di sopy,sangat puas belanja sopy,5,Positif,2026-05-12 19:09:58,5,4,0
apk makin berat,makin berat,1,Negatif,2026-05-12 19:08:18,3,2,0
"selama saya mainkan sagat puas layanan nya, trimakasih shopee",lama main sagat puas layan trimakasih,5,Positif,2026-05-12 19:08:16,9,6,0
bagus aja,bagus,5,Positif,2026-05-12 19:08:14,2,1,0
bilangnya next day tapi ga next day😹,bilang next day tidak next day,1,Negatif,2026-05-12 19:06:42,7,6,0
tombol terima pesanan kok hilang????,tombol terima pesan kok hilang,2,Negatif,2026-05-12 19:06:35,5,5,0
Aplikasi Terbaik Nomor 1.. Di Indonesia 🙏🙏 Sangat Membantu Buat Belanja 👍👍 The Bestt... 🙏🙏👍👍❤,baik nomor indonesia sangat bantu buat belanja the bestt,5,Positif,2026-05-12 19:02:40,15,9,0
trmksh brg sdh dtg dengan baik,trmksh barang dtg baik,5,Positif,2026-05-12 19:00:30,6,4,0
sllu memberikan yg 👍💯,sllu beri,5,Positif,2026-05-12 18:59:10,4,2,0
pedagang nakal tidak di buang,dagang nakal tidak buang,1,Negatif,2026-05-12 18:59:08,5,4,0
lemot banget shopee nya gara gara video muncul duluan,lambat banget gara gara video muncul duluan,5,Positif,2026-05-12 18:58:05,9,7,0
"update terus, kya panteq",update terus kya panteq,5,Positif,2026-05-12 18:57:06,4,4,0
saya bingung dl pernah daftar pk no lain. no ny hilang sm hp ny skrng pk no baru. mau aktif kan paylater jadi susah. mhn bantuan ny,bingung dl pernah daftar pk no no ny hilang sama hp ny sekarang pk no baru mau aktif kan paylater jadi susah mhn bantu ny,5,Positif,2026-05-12 18:57:06,27,25,0
"Sampai saat ini, shope masih yang terbaik, walaupun terkadang ongkirnya mahal",baik walaupun terkadang ongkirnya mahal,5,Positif,2026-05-12 18:57:04,11,5,0
sangat bagu,sangat bagu,5,Positif,2026-05-12 18:56:38,2,2,0
salau merasa aman dan nyaman belanja di shopee. mempermudah hidup jadi serba praktis. thanks shopee.,salau rasa aman nyaman belanja mudah hidup jadi serba praktis thanks,5,Positif,2026-05-12 18:56:04,15,11,0
ditingkatkan agar lebih outstanding 👍👍👍,tingkat lebih outstanding,5,Positif,2026-05-12 18:55:43,5,3,0
transferannya cepet,transfer cepat,5,Positif,2026-05-12 18:54:21,2,2,0
apl bagus.,apl bagus,5,Positif,2026-05-12 18:52:35,2,2,0
apk yg memperbudak driver instant,budak driver instant,1,Negatif,2026-05-12 18:52:24,5,3,0
saya heran kenapa minuman keras di jual bebas di shopee.sedangkan rokok ngak boleh di jual di shopee. padahal lebih berbahaya minuman keras dari pada rokok. orang berkelahi karena pengaruh miras. ngak ada riwayat nya orang berkelahi karena rokok,heran minum keras jual bebas rokok ngak jual padahal lebih bahaya minum keras rokok orang kelah pengaruh miras ngak riwayat orang kelah rokok,5,Positif,2026-05-12 18:51:43,38,23,0
lambat pesanan dari tanggal 5 sampe tanggal 12 gak sampe2. semakin buruk shope..,lambat pesan tanggal sampe tanggal tidak sampe makin buruk,1,Negatif,2026-05-12 18:51:43,13,9,0
pelayanan tidak bagus pesananan lama meski pakai kiriman instant,layan tidak bagus pesananan lama meski pakai kirim instant,1,Negatif,2026-05-12 18:51:24,9,9,0
sangat di sayangkan bnyak bug dan,sangat sayang bnyak bug,5,Positif,2026-05-12 18:50:55,6,4,0
"Aplikasi nya sudah sangat membantu untuk membeli barang tanpa harus keluar rumah. Tapi, masih banyak kekurangan. Yang pertama, barang yang muncul di konten video tidak sesuai dengan produk aslinya. Yang kedua, terlalu banyak iklan Shopee di aplikasi pihak lain, ini sangat mengganggu kenyamanan orang. Iklan Shopee selalu tidak muncul tanda silang untuk melewati iklan teresbut, dan terkadang, saya selalu masuk pada app Shopee secara tiba-tiba pada iklan.",sangat bantu beli barang tanpa keluar rumah banyak kurang pertama barang muncul konten video tidak sesuai produk asli dua terlalu banyak iklan pihak sangat ganggu nyaman orang iklan selalu tidak muncul tanda silang lewat iklan teresbut terkadang selalu masuk tiba tiba iklan,3,Netral,2026-05-12 18:50:31,67,42,1
sangat membantu buat belanja dn sangat baik,sangat bantu buat belanja dn sangat baik,5,Positif,2026-05-12 18:49:27,7,7,0
apk nya keren barang yang dikirim selalu sesuai pesanan,keren barang kirim selalu sesuai pesan,5,Positif,2026-05-12 18:47:32,9,6,0
Maa Syaa Allah bagus2 sekalii dan ramah pelayanannya,maa syaa allah bagus sekali ramah layan,5,Positif,2026-05-12 18:46:43,8,7,0
"keren , sangat membantu dan suport semua kebutuhan",keren sangat bantu suport semua butuh,5,Positif,2026-05-12 18:46:00,8,6,0
shoppe memang mantap,memang bagus,5,Positif,2026-05-12 18:45:39,3,2,0
sangat membantu dan memuaskan,sangat bantu muas,5,Positif,2026-05-12 18:42:34,4,3,0
Senang belanja di shopee selalu oke barangnya sampai dgn selamat kurirnya jg baik2 banget barang gak cocok bisa retur bintang 5 untuk Shopee,senang belanja selalu barang selamat kurir baik banget barang tidak cocok retur bintang,5,Positif,2026-05-12 18:42:15,23,13,0
is the best,is the best,5,Positif,2026-05-12 18:39:32,3,3,0
Semoga sukses selalu,moga sukses selalu,5,Positif,2026-05-12 18:39:01,3,3,0
shopee mantap,bagus,5,Positif,2026-05-12 18:37:59,2,1,0
pengiriman tepat waktu,kirim tepat waktu,5,Positif,2026-05-12 18:37:01,3,3,0
aplikasinya sangat bagus memudahkan semuanya pokoknya aplikasinya sangat-sangat bagus dan saya sangat merasa puas,aplikasi sangat bagus mudah semua pokok aplikasi sangat sangat bagus sangat rasa puas,5,Positif,2026-05-12 18:36:16,14,13,0
"min, kok promo hemat/paket ekonomis di shoppefood udah jrg ada yak? jujur aja itu ngebantu anak kos bgt min.. demi apapun akun shoppe saya, udah 4 hari gak ada promo ekonomis ptgan 5rb itu :( SEDIH JUJURLY, min harga makanan di shoppefood mahal² bgt, promonya kencengin donkk buat nak kosss 🤗🤗",min kok promo hemat paket ekonomis shoppefood jrg jujur ngebantu anak kos banget min apa akun hari tidak promo ekonomis ptgan rb sedih jujurly min harga makan shoppefood mahal banget promonya kencengin donkk buat nak kosss,5,Positif,2026-05-12 18:32:00,51,36,0
lebih baik lagi,lebih baik,4,Positif,2026-05-12 18:30:17,3,2,0
tidak pernah kecewa,tidak pernah kecewa,5,Positif,2026-05-12 18:26:20,3,3,0
sejauhh ini bagus cuma kurir dan pengiriman nya yg bitang satu,sejauhh bagus cuma kurir kirim bitang satu,5,Positif,2026-05-12 18:24:34,11,7,0
setiap pesan selalu cepat dalam pengirimannya,pesan selalu cepat kirim,5,Positif,2026-05-12 18:22:48,6,4,0
akurat cepat tepat,akurat cepat tepat,2,Negatif,2026-05-12 18:20:14,3,3,0
Bagus mantaf,bagus mantaf,5,Positif,2026-05-12 18:19:29,2,2,0
buruk complain tidak pernah di tanggapi.,buruk complain tidak pernah tanggap,1,Negatif,2026-05-12 18:17:18,6,5,0
mohon kepada shopee kenapa kurir nya selalu Gonta ganti alhasil barang selalu tidak sampai dengan alasan alamat tidak jelas,mohon kurir selalu gonta ganti alhasil barang selalu tidak alas alamat tidak jelas,5,Positif,2026-05-12 18:14:54,19,13,0
menarik dan cepat,tarik cepat,5,Positif,2026-05-12 18:13:56,3,2,0
"apk nya sangat bagus tapi tidak dengan pengiriman nya, pengirimannya sangat buruk. Semoga kedepan nya shopee mencari vendor pengiriman yg lebih bagus lagi, dan jangan kerja sama dengan spx lagi..",sangat bagus tidak kirim kirim sangat buruk moga depan cari vendor kirim lebih bagus jangan kerja sama spx,1,Negatif,2026-05-12 18:13:30,30,18,0
kenapa akun ku tidak bisa cod udah dua bulan lamanya,akun tidak bayar tempat bulan lama,5,Positif,2026-05-12 18:11:37,10,6,0
dulu saya slalu di lazada semenjak kenal shopee saya jadi love .mudah dalam belanja ..,dulu slalu lazada semenjak kenal jadi love mudah belanja,5,Positif,2026-05-12 18:11:02,15,9,0
Harga nya tinggi yang berlebihan,harga tinggi lebih,1,Negatif,2026-05-12 18:10:56,5,3,0
play protwk telah mem veryfikasi shopi indonesia bagaimana ini bisa terjadi mohon dikonfirmasi.,play protwk mem veryfikasi shopi indonesia bagaimana jadi mohon konfirmasi,1,Negatif,2026-05-12 18:10:40,13,10,0
"Aplikasi Jahanam, menyengsarakan Driver. maunya Keuntungan gak peduliiin Driver.",jahanam sengsara driver mau untung tidak peduliiin driver,1,Negatif,2026-05-12 18:10:33,9,8,0
sering bikin kecewa tapi cocok buat yg males belanja di pasar tinggal pesen di shopee aja,sering bikin kecewa cocok buat males belanja pasar tinggal sen,5,Positif,2026-05-12 18:10:19,16,10,0
sangat terbantu dengan shopee,sangat bantu,5,Positif,2026-05-12 18:09:23,4,2,0
"cukup memudahkan aktivitas jual beli, apa lagi yang susah di cari di toko offline malah ada di shopee",cukup mudah aktivitas jual beli apa susah cari toko offline malah,5,Positif,2026-05-12 18:09:00,18,11,0
ekspedisinya ngawur saya pesan paket tokonya dari jawa harusnya ke Sulawesi tapi rutenya ke Kalimantan trus balik lagi ke jawa baru ke Sulawesi apa apan ini... mau sebulan belum sampe,ekspedisi ngawur pesan paket toko jawa harus sulawesi rute kalimantan trus balik jawa baru sulawesi apa apan mau bulan belum sampe,1,Negatif,2026-05-12 18:06:51,30,21,0
Mantap ya bagaimana gaiss,bagus bagaimana gaiss,5,Positif,2026-05-12 17:59:50,4,3,0
"aplikasi ini sangat buruk dari pengiriman dan barang palsu nya dan lebih mengecewakan lagi pihak shopee nya berpihak kuat dan bekerja dengan seler penipu, saya mengajukan return bahwa barang rusak/tidak bisa dipakai ntuk kalian yg ingin berbelanja online lebih baik hindari aplikasi busuk ini dikarenakan tidak akan bertanggung jawab atas semua pembelian kalian walaupun mengajukan return dengan bukti yg jelas, dan satu lagi tidak ada proteksi itu bohong besar saya mengajukan clime proteksi ditolak",sangat buruk kirim barang palsu lebih kecewa pihak pihak kuat kerja seler tipu aju return barang rusak tidak pakai ntuk kalian belanja online lebih baik hindar busuk karena tidak tanggung jawab atas semua beli kalian walaupun aju return bukti jelas satu tidak proteksi bohong besar aju clime proteksi tolak,1,Negatif,2026-05-12 17:59:29,74,49,1
bagus.nhanya sj kurirx lambat membawa ke rumah,bagus nhanya sj kurirx lambat bawa rumah,5,Positif,2026-05-12 17:59:11,7,7,0
oke pokonya,poko,5,Positif,2026-05-12 17:57:13,2,1,0
pas login kamera tidak terhubunh aneh,pas login kamera tidak terhubunh aneh,3,Netral,2026-05-12 17:51:18,6,6,0
bagus tp agrept trs,bagus agrept trs,5,Positif,2026-05-12 17:50:58,4,3,0
pengiriman shopee sekarang lambat banget,kirim sekarang lambat banget,2,Negatif,2026-05-12 17:50:19,5,4,0
untuk antar pulau gratis ongkir Shopee terbaik,antar pulau gratis ongkos kirim baik,5,Positif,2026-05-12 17:49:39,7,6,0
"nggak kira-kira potongan buat penjualnya Min. transaksi 150rb, potongan 15rb. parah!!",tidak kira kira potong buat jual min transaksi rb potong rb buruk,1,Negatif,2026-05-12 17:47:31,11,12,0
woke,woke,5,Positif,2026-05-12 17:47:08,1,1,0
maaf saran saya iklannya satu layar saja(itu yg vidio in itu yg di jual) 🙏,maaf saran iklan satu layar vidio in jual,5,Positif,2026-05-12 17:47:04,15,8,0
pembayaran setiap tgl 1 sudah di bayarkan. limit kredit paylater masih ada. tapi sudah beberapa kali pesanan di batalkan oleh SHOPEE dengan alasan karena tidak ada pembayaran.,bayar tgl bayar limit kredit paylater beberapa kali pesan batal alas tidak bayar,1,Negatif,2026-05-12 17:45:59,27,13,0
dsini saya belanja sangattt murahhh sekaliiii,dsini belanja sangattt murahhh sekaliiii,5,Positif,2026-05-12 17:44:39,6,5,0
Shopee dapat dipercaya,percaya,5,Positif,2026-05-12 17:43:36,3,1,0
sangat mudah belanja di shopee pengiriman cepat trikasih shopee,sangat mudah belanja kirim cepat trikasih,5,Positif,2026-05-12 17:42:40,9,6,0
bikin hari Selasa 12 mei mei 2026 Shope ada cod,bikin hari selasa mei mei bayar tempat,5,Positif,2026-05-12 17:40:53,10,7,0
CS nya BIKIN EMOSI SEMUA BAIK SHOPEE SENDIRI ATAUPUN SPX.. PAKET TELAT SEMUA. KOMPENSASI VOUCHER TIDAK PERNAH KE PAKAI.. 10K HARUS BELANJA LAGI 100K CUMA 10% MENDING KE COIN AJA MALAH KEPAKEK..,cs bikin emosi semua baik sendiri atau spx paket telat semua kompensasi voucher tidak pernah pakai belanja cuma mending coin malah kepakek,1,Negatif,2026-05-12 17:40:38,32,22,1
Nice app semua jadi lebih mudah dan murah. trmakasih shopee.,nice semua jadi lebih mudah murah trmakasih,5,Positif,2026-05-12 17:40:10,10,7,0
olshop terlengkap👍👍👍👍👍,olshop lengkap,5,Positif,2026-05-12 17:37:52,2,2,0
"bagus sih cuman tolong kalau membuat iklan tuh jangan tombol x nya palsu sama kalau lagi main game,ngedit dan nonton sering masuk sendiri ke aplikasi ini tolong diperbaiki",bagus cuman kalau buat iklan tuh jangan tombol palsu sama kalau main game ngedit nonton sering masuk sendiri baik,3,Netral,2026-05-12 17:36:07,28,19,0
jadi males buka shope biasanya pas waktu luang lihat2 barang tpi skrang di buka langsung ada live.males banget,jadi males buka biasa pas waktu luang lihat barang skrang buka langsung live males banget,1,Negatif,2026-05-12 17:34:00,18,15,0
woy shopeee lu sadar gak sih aplikasi semakin berat mana kalo mau cari ini yg muncul iphone buka food malah iphone ga jelas bangef,woy shopeee lu sadar tidak makin berat mana kalau mau cari muncul iphone buka food malah iphone tidak jelas bangef,1,Negatif,2026-05-12 17:30:56,24,20,0
murah tapi gak murahan,murah tidak murah,5,Positif,2026-05-12 17:30:38,4,3,0
aplikasi shopee saya kadang buat pmbyarn cod kadang bisa kadang gk bisa..knp yachh,kadang buat pmbyarn bayar tempat kadang kadang tidak knp yachh,5,Positif,2026-05-12 17:29:08,13,10,0
Hp murah,hp murah,1,Negatif,2026-05-12 17:27:16,2,2,0
pengiriman lama sudah melewati batas estimasi tetapi paket tidak bergerak (stuck),kirim lama lewat batas estimasi paket tidak gerak stuck,1,Negatif,2026-05-12 17:24:32,11,9,0
"jangan kebanyakan update, silahkan kembangkan aplikasi ini sebagus mungkin, kalo udah bagus menurut kalian baru update aplikasi tersebut,,, semakin sering update semakin sering ema ema males install, berat jika terus menerus update",jangan banyak update silah kembang bagus mungkin kalau bagus kalian baru update sebut makin sering update makin sering ema ema males install berat terus terus update,5,Positif,2026-05-12 17:24:21,32,26,0
shopee sangat bagus mudah memesan barang dan murah,sangat bagus mudah mes barang murah,5,Positif,2026-05-12 17:24:09,8,6,0
pelayanan buruk.,layan buruk,1,Negatif,2026-05-12 17:23:58,2,2,0
Oke gak jadi brisik aplikasi nya bagus 👍,tidak jadi brisik bagus,5,Positif,2026-05-12 17:23:11,8,4,0
trimakasih ya,trimakasih,5,Positif,2026-05-12 17:20:26,2,1,0
aplikasi yang sangat membantu,sangat bantu,5,Positif,2026-05-12 17:15:19,4,2,0
"layanan pengiriman spx nya buruk, bertele-tele. padahal barang sudah sampai di kota tujuan, malah dibawa lagi keluar kota. jangan belanja disini!",layan kirim spx buruk tele tele padahal barang kota tuju malah bawa keluar kota jangan belanja sini,1,Negatif,2026-05-12 17:12:32,21,17,0
Semua yang kita butuhkan ada di shopee 🙏,semua butuh,5,Positif,2026-05-12 17:12:06,8,2,0
apk ga bertanggung jawab status paket dan foto nya sudah tiba di letakan di bawah lantai sembarangan ga lama saya plng saya cek paket saya paket sudah gda atau hilang ngajuin pengembalian malah di tolak dana saya ga di kembalikan padahal pihak ekspedisi kurir nya dri shopee nya sendiri (spx) tpi shopee gamau tanggung jawab bgt!!!,tidak tanggung jawab status paket foto tiba leta bawah lantai sembarang tidak lama plng cek paket paket gda hilang ngajuin kembali malah tolak dana tidak kembali padahal pihak ekspedisi kurir sendiri spx gamau tanggung jawab banget,1,Negatif,2026-05-12 17:09:54,56,36,0
"sabar ya belanja di aplikasi ini, berusahalah untuk tidak kecewa",sabar belanja usaha tidak kecewa,3,Netral,2026-05-12 17:09:35,10,5,0
makin nyaman belanja di sini,makin nyaman belanja sini,5,Positif,2026-05-12 17:08:13,5,4,0
suka belanja di shopee,suka belanja,5,Positif,2026-05-12 17:06:22,4,2,0
shopee playleter rentenir Jagan sekali-kali pinjam di shopee paylater tukang tipu sama aja kita pinjam ke mata elang,playleter rentenir jagan sekali kali pinjam paylater tukang tipu sama pinjam mata elang,1,Negatif,2026-05-12 17:05:07,18,13,0
Selalu puas belanja di sini. Sangat membantu dan lengkap. harga barang cukup merakyat,selalu puas belanja sini sangat bantu lengkap harga barang cukup rakyat,5,Positif,2026-05-12 17:05:05,13,11,0
"pengiriman sekarang sangat buruk, molor berhari-hari dari estimasi",kirim sekarang sangat buruk molor hari hari estimasi,1,Negatif,2026-05-12 17:02:25,8,8,0
"sangat baik, puas belanja di shopee",sangat baik puas belanja,5,Positif,2026-05-12 17:02:14,6,4,0
enak banget transaksi mudah,enak banget transaksi mudah,5,Positif,2026-05-12 17:01:44,4,4,0
karna bisa memesan pakan saja,mes pakan,5,Positif,2026-05-12 17:01:17,5,2,0
kenapa shopee saya pas selesai di update jadi sering ngelag gak bisa scrol gak bisa nonton shopee video gimna ni min,pas selesai update jadi sering ngelag tidak scrol tidak nonton video gimna ni min,4,Positif,2026-05-12 17:00:34,21,14,0
Memuaskan,muas,5,Positif,2026-05-12 16:58:23,1,1,0
selalu terdepan !!!,selalu depan,5,Positif,2026-05-12 16:58:06,3,2,0
shopee percuma gua bayar VIP kalo voucher kgk bisa di pake dari beberapa hari ini kena m02 terus.,percuma gua bayar vip kalau voucher kgk pake beberapa hari kena terus,1,Negatif,2026-05-12 16:56:25,18,12,0
bagusss bngett aplikasih shopee inii semogaa makinn majuuu,bagusss bngett aplikasih ini semogaa makinn majuuu,5,Positif,2026-05-12 16:55:59,8,7,0
toko yg pre order di tutup aj karna pelayananya yg lama,toko pre order tutup aj pelayananya lama,1,Negatif,2026-05-12 16:55:01,11,7,0
"menarik untuk di ikuti,,,",tarik ikut,5,Positif,2026-05-12 16:54:11,4,2,0
kren banget shopee,kren banget,5,Positif,2026-05-12 16:53:57,3,2,0
"mudah,,retur brang gak ribet memuaskan 😁👍",mudah retur brang tidak ribet muas,5,Positif,2026-05-12 16:51:09,6,6,0
nice bangget,nice bangget,5,Positif,2026-05-12 16:47:12,2,2,0
"ini apk online store atau game online, berat ga kira-kira",online store game online berat tidak kira kira,1,Negatif,2026-05-12 16:45:33,10,8,0
pengiriman sekarang lelet banget padahal estimasi hari ini dan barang sudah di lokasi akhir dari semalam sampai sore tidak ada pergerakan lagi udah laporan di percepat sama aja dan saya pesan di tiktok tgl pesan sama tapi pengantaran sangat cepat jadi mikir mikir lagi belanja di shopee untuk sekarang ini karena pengiriman tidak jelas,kirim sekarang lambat banget padahal estimasi hari barang lokasi akhir malam sore tidak gera lapor cepat sama pesan tiktok tgl pesan sama antar sangat cepat jadi mikir mikir belanja sekarang kirim tidak jelas,1,Negatif,2026-05-12 16:44:57,54,33,2
bismillahirohmanirohim semangat berjuang rupiah tks,bismillahirohmanirohim semangat juang rupiah tks,5,Positif,2026-05-12 16:43:44,5,5,0
"Shopee selalu di hati lah sebelum bobo buka Shopee tengok flash' sale discoun produk incaran yg turun harga bangun pagi cek Shopee lagi check-in koin pecahin telur tuk dapat koin sempatin check-in divideo Shopee nonton bentar karena koinnya lumayan bisa potong belanjaan di Shopee siang makan siang buka Shopee lagi check paket apa yang nyampe dan seterusnya Shopee dah semoga makin lebih keren lagi deh harapannya tuk Shopee dan makin sukses gemilang, untung ada Shopee deh aku deh Shopee ❤️",selalu hati bobo buka tengok flash sale discoun produk incar turun harga bangun pagi cek check in koin pecahin telur tuk koin sempatin check in video nonton bentar koin lumayan potong belanja siang makan siang buka check paket apa nyampe dah moga makin lebih keren harap tuk makin sukses gemilang untung,5,Positif,2026-05-12 16:41:39,80,51,1
Ok sih.. Tapi sayang belum update versi pembayaran.. kan sekarang udah bisa pakai e-wallet..,sayang belum update versi bayar kan sekarang pakai wallet,5,Positif,2026-05-12 16:41:23,14,9,0
aplikasi tolol. iklan yang banyak. sistem eror,tolol iklan banyak sistem eror,1,Negatif,2026-05-12 16:39:02,7,5,0
Semoga bisa di instal ya allah,moga instal allah,3,Netral,2026-05-12 16:37:01,6,3,0
shopee adalah sarana atau wadah tempat Kita berbelanja terlengkap dan termurah dengan fitur layanan yang mantap dan sangat memuaskan,sarana wadah tempat belanja lengkap murah fitur layan bagus sangat muas,5,Positif,2026-05-12 16:36:25,19,11,1
excellent services,excellent services,5,Positif,2026-05-12 16:32:32,2,2,0
pengiriman cepat dan barang aman,kirim cepat barang aman,5,Positif,2026-05-12 16:29:22,5,4,0
mudah untuk membeli sesuatu dishopee,mudah beli dishopee,5,Positif,2026-05-12 16:26:54,5,3,0
Pengiriman baik & cepat,kirim baik cepat,5,Positif,2026-05-12 16:26:13,4,3,0
harganya mahal sama seperti belanja di toko offline,harga mahal sama belanja toko offline,1,Negatif,2026-05-12 16:19:58,8,6,0
"shoppe mohon di bantu .. belakangan ini sudah 3x saya di teror pemblokiran akun .. terkait boxing dn upload fhoto .. barang .. sedangkan saya selalu mengikuti , dan selalu upload fhoto bahkan video ambosing.. saya tidak nyaman tolong bantu ..",mohon bantu belakang teror blokir akun kait boxing dn upload fhoto barang selalu ikut selalu upload fhoto bahkan video ambosing tidak nyaman bantu,5,Positif,2026-05-12 16:17:05,41,23,0
"mohon untuk shopee tingkatkan kualitas layanan saya beli paket tombol set +flexsibel on of volume redmi 9fullset dari yang harganya 18,500 kenapa nyampe rumah jadi 26 ribu tolong min ini gimana",mohon tingkat kualitas layan beli paket tombol set flexsibel on of volume redmi fullset harga nyampe rumah jadi ribu min gimana,2,Negatif,2026-05-12 16:16:40,31,21,9
bagus banget barang yg dipesen sama aku aaa the best deh pokoknya🤤,bagus banget barang sen sama aaa the best pokok,5,Positif,2026-05-12 16:16:04,12,9,0
"shopee ini tidak jelas saya pesan 3 produk dengan harga 1500 1500 dan 0 itupun ketiganya dapat voucher dari shopee saya sudah klik pesan dan tiba-tiba dibatalkan begitu saja tanpa ada persetujuan dari saya apakah karena saya dapat harga murah ketiga tiganya barang saya tersebut, memang saya pilih metode COD tapi saya sangat kecewa dengan pelayanan shopee",tidak jelas pesan produk harga itu tiga voucher klik pesan tiba tiba batal tanpa tuju harga murah tiga tiga barang sebut memang pilih metode bayar tempat sangat kecewa layan,1,Negatif,2026-05-12 16:11:47,57,29,0
kenapa belanja cod nya di batas? shopee di ponsel temen ku gk gitu saya kecewa di batasi🍃,belanja bayar tempat batas ponsel temen tidak gitu kecewa batas,1,Negatif,2026-05-12 16:08:28,17,10,0
"ihhh aku seneng banget klo belanja di shoppe kaya pada merce"" dan selalu semua ada",ihhh neng banget kalau belanja kaya merce selalu semua,5,Positif,2026-05-12 16:07:39,15,9,0
shopee pengiriman nya lambat banget,kirim lambat banget,2,Negatif,2026-05-12 16:06:08,5,3,0
"distribusi nya lama, kurirnya lelet, masa beli paket datengnya 9 hari. ngelewatin jadwal penting yang harus make barang yang dibeli. jelek, pindah tiktok shop.",distribusi lama kurir lambat masa beli paket datengnya hari ngelewatin jadwal penting make barang beli buruk pindah tiktok shop,2,Negatif,2026-05-12 16:04:06,24,19,0
"sejauh ini, saya menggunakan apk ini nyaman dan aman² saja🥰🥰🥰",jauh guna nyaman aman,5,Positif,2026-05-12 16:02:49,10,4,1
KAPAN YA ! SHOPEE BISA DARK MODE - BIAR ENAK SCORLING PAS MALAM !,kapan dark mode biar enak scorling pas malam,3,Netral,2026-05-12 16:02:47,14,8,0
shoope is the best,shoope is the best,5,Positif,2026-05-12 16:01:55,4,4,0
membantu mencari barang yang diperlukan..,bantu cari barang perlu,5,Positif,2026-05-12 16:01:18,5,4,0
aplikasi memudahkan mencari barang yang sesuai dengan kebutuhan,mudah cari barang sesuai butuh,5,Positif,2026-05-12 15:58:31,8,5,0
"Tolong di perbaiki bug nya, tiap scroll toko atau produk selalu nge glitch balik ke atas mulu gabisa di scrol, ini masalah jangan di spelein bikin ngerugiin!!! aplikasi udah update mentok paling baru",baik bug tiap scroll toko produk selalu nge glitch balik atas mulu gabisa scrol masalah jangan spelein bikin ngerugiin update mentok paling baru,5,Positif,2026-05-12 15:57:53,33,23,0
kemudahan dan akun platinum banyak promo ongkir dan belanja lebih murah dari toko konvensional belanja murah tanpa repot,mudah akun platinum banyak promo ongkos kirim belanja lebih murah toko konvensional belanja murah tanpa repot,5,Positif,2026-05-12 15:57:33,18,16,0
bagus babget,bagus babget,3,Netral,2026-05-12 15:55:57,2,2,0
biaya dll nya mahal ihhh g kaya dulu,biaya mahal ihhh kaya dulu,2,Negatif,2026-05-12 15:54:26,8,5,0
selama ini saya memakai app ini sangat memuaskan. mantab lah pokoknya,lama pakai sangat muas mantab pokok,5,Positif,2026-05-12 15:49:55,11,6,0
aplikasi ini mudah dan bermanfat,mudah bermanfat,5,Positif,2026-05-12 15:48:23,5,2,0
lebih cepat dan mudah,lebih cepat mudah,5,Positif,2026-05-12 15:48:21,4,3,0
aplikasi tidak tanggung jawab buat laporan laporan laporan tapi tidak ada kelanjutan nya minim tanggung jawab nih aplikasi kalo dari pihak shope tidak suka komentar gw tolong langsung email gw,tidak tanggung jawab buat lapor lapor lapor tidak lanjut minim tanggung jawab kalau pihak tidak suka komentar gw langsung email gw,1,Negatif,2026-05-12 15:48:01,30,21,0
pusat perbelanjaan yang sangat lengkap,pusat belanja sangat lengkap,5,Positif,2026-05-12 15:40:31,5,4,0
ok🥰,,5,Positif,2026-05-12 15:39:25,1,0,0
bagus aplikasi ini mempermudah orang untuk membeli barang tertentu tanpa harus memikirkan kendaraan,bagus mudah orang beli barang tentu tanpa pikir kendara,5,Positif,2026-05-12 15:38:44,13,9,0
Trimakasih kerja sama nya,trimakasih kerja sama,5,Positif,2026-05-12 15:36:47,4,3,0
aplikasi bagus,bagus,5,Positif,2026-05-12 15:34:12,2,1,0
kualitas barang-barang di sini sangat bagus,kualitas barang barang sini sangat bagus,5,Positif,2026-05-12 15:28:53,6,6,0
udah pesen barang 4 kali dibatalin semua sama sistemnya,sen barang kali dibatalin semua sama sistem,2,Negatif,2026-05-12 15:26:43,9,7,0
Sangat membantu untuk berbelanja tanpa keluar rumah,sangat bantu belanja tanpa keluar rumah,5,Positif,2026-05-12 15:24:35,7,6,0
barang bagus sesuai pesanan,barang bagus sesuai pesan,5,Positif,2026-05-12 15:23:42,4,4,0
Sangat berfungsi,sangat fungsi,5,Positif,2026-05-12 15:22:33,2,2,0
Pelayan sangat baik pemgiriman jg tepat waktu. Penanganan untuk komplen jg sangat cepat. Bintang yg bicara ⭐⭐⭐⭐⭐,layan sangat baik pemgiriman tepat waktu tangan komplen sangat cepat bintang bicara,5,Positif,2026-05-12 15:20:21,17,12,0
kinerja yg bagus...,kerja bagus,5,Positif,2026-05-12 15:19:47,3,2,0
BUAT GEBRAKAN PERMAINAN SHOPEE LAGI DONG BIAR DAPAT VOUCHER SHOPE DISKON KAYAK SHOPE DADU,buat gebrak main biar voucher diskon kayak dadu,5,Positif,2026-05-12 15:17:58,14,8,0
mantap dah apk ini,bagus dah,5,Positif,2026-05-12 15:15:31,4,2,0
sangat agus untuk belanja,sangat agus belanja,5,Positif,2026-05-12 15:13:59,4,3,0
"Sekarang gak bisa belanja diluarnegeri dg bebas lagiii,,,, tolong balikin lagi kayak dulu ya🙏🏼plis",sekarang tidak belanja diluarnegeri bebas lagiii balikin kayak dulu plis,5,Positif,2026-05-12 15:12:55,14,10,0
"menurut sy untuk aplikasi udh bgus, dan tergolong sering bnyk diskon, namun pengiriman lama entah di kurir atau ap, trus kurir nya tdk konfirmasi ke customer kalo alamat yg tertera menurut mereka kurang jelas , padahal udah di sertakan no WA",bgus golong sering bnyk diskon kirim lama entah kurir ap trus kurir tdk konfirmasi customer kalau alamat tera kurang jelas padahal serta no wa,3,Netral,2026-05-12 15:11:36,41,24,1
"Aplikasinya Bagus Dan Murah-murah tapi satu keluhanku, aku udah cantumkan no whatsapp ku tapi kenapa ga ada telepon atau di chat di no. whatsapp yang aku cantumkan? jujur ini menganggu karna aku gatau kapan paketku datang",aplikasi bagus murah murah satu keluh cantum no whatsapp tidak telepon chat no whatsapp cantum jujur menganggu gatau kapan paket datang,4,Positif,2026-05-12 15:11:35,36,21,0
"apk nya bagus dan harga nya juga bagus,,tapi suka kesel iklan nya maksa bgt padahal aku udh donload shopee dari dulu tapi kalo buka apk lain suka ada iklan shopee mana maksa lagi ,buat apa coba kalo kita gak ada niatan belanja tapi di paksa buka apk nya aneh bgt kesell ih mana pas ada iklan nya di apk lain tuh gak sengaja kepencet dan balik lagi ke apk yang awal ada lagi itu iklan shopee sampai berkali² ,kalo cuma sekali mah gak papa biasa aja tapi kalo berkali² itu kelewatan",bagus harga bagus suka kesel iklan maksa banget padahal donload dulu kalau buka suka iklan mana maksa buat apa coba kalau tidak niat belanja paksa buka aneh banget kesell ih mana pas iklan tuh tidak sengaja pencet balik awal iklan kali kalau cuma sekali mah tidak papa biasa kalau kali lewat,3,Netral,2026-05-12 15:10:54,91,51,0
"Saya pengguna Shopee sejak 2018, saat complain atau melakukan chat dengan CS. Masalah selalu selesai dalam hitungan jam, bahkan pelayanan CS Duluh sanggat tanggap. Sampai saya di telepon dan email, penyelesaian masalah 100% okay. Tapi sekarang CSnya, kebanyakan gen Z. Cara penulisan Chat sangat malas, tidak sesuai standar dan mereka tidak mengerti sistem. Justru saya sebagai pelanggan yang harus menjelaskan detail voucher dan sistemnya, laporan saya satupun tidak ada yang selesai dan dilanjutkan",guna sejak complain laku chat cs masalah selalu selesai hitung jam bahkan layan cs duluh sanggat tanggap telepon email selesai masalah okay sekarang csnya banyak gen cara tulis chat sangat malas tidak sesuai standar tidak erti sistem justru langgan jelas detail voucher sistem lapor satu tidak selesai lanjut,1,Negatif,2026-05-12 15:07:32,73,48,0
"kadang lama kadang lama pokoknya harus diperbaiki,pengantarannya.. .",kadang lama kadang lama pokok baik antar,5,Positif,2026-05-12 15:06:39,8,7,0
sampai saat ini masih puas dengan pelayanannya,puas layan,5,Positif,2026-05-12 15:05:41,7,2,0
bagus motifnya,bagus motif,5,Positif,2026-05-12 15:05:32,2,2,0
mantabb,mantabb,5,Positif,2026-05-12 15:05:26,1,1,1
tidak bisa di skip pas iklan,tidak skip pas iklan,1,Negatif,2026-05-12 15:05:23,6,4,0
pokoknya aman belanja di shopee,pokok aman belanja,5,Positif,2026-05-12 15:03:48,5,3,0
suka banget sama shopee,suka banget sama,5,Positif,2026-05-12 15:01:59,4,3,0
Mudah2an dan simple,mudah simple,5,Positif,2026-05-12 14:59:39,3,2,0
"semua barang sesuai pesanan,kelihatan original merk barangnya,",semua barang sesuai pesan lihat original merk barang,5,Positif,2026-05-12 14:58:40,7,8,0
kenapa Ahir2 ini paket selalu lelet dalam pengantaran kami sangat butuh buat bianis,ahir paket selalu lambat antar sangat butuh buat bianis,5,Positif,2026-05-12 14:55:27,13,9,0
bagus..adminnya gercap,bagus adminnya gercap,5,Positif,2026-05-12 14:54:19,2,3,0
"saya suka aplikasi ini, karena aplikasi ini dapat membantu saya untuk berbelanja dan membeli barang lainnya",suka bantu belanja beli barang lain,5,Positif,2026-05-12 14:53:03,16,6,0
saya mau jualan di app ini tapi kenapa sekarang harus download app tambahan gak kayak dulu lagi? aku lebih suka 1 app cukup untuk segala hal biar lebih enak,mau jual sekarang download tambah tidak kayak dulu lebih suka cukup segala biar lebih enak,3,Netral,2026-05-12 14:52:32,29,15,0
"proses cepat, packing rapi..",proses cepat packing rapi,5,Positif,2026-05-12 14:50:55,4,4,0
bagusss,bagusss,5,Positif,2026-05-12 14:49:19,1,1,0
iklan nya maksa banget,iklan maksa banget,1,Negatif,2026-05-12 14:48:49,4,3,0
kenapa ya SPX itu Lelet Banget Pengirimannya...Lex lebih cepat walaupun ekonomis...!!!,spx lambat banget kirim lex lebih cepat walaupun ekonomis,1,Negatif,2026-05-12 14:48:49,11,9,0
mantap shoppee membantu sekali,bagus shoppee bantu sekali,5,Positif,2026-05-12 14:48:49,4,4,0
"potongan naik terus, jadi harus naikin harga terus. semngat naikin harga. biar customer makin betah 🤣",potong naik terus jadi naikin harga terus semngat naikin harga biar customer makin betah,2,Negatif,2026-05-12 14:48:31,16,14,7
makin ribet aktivasinya,makin ribet aktivasinya,2,Negatif,2026-05-12 14:44:54,3,3,0
Memudahkan dalam membeli sesuatu,mudah beli,5,Positif,2026-05-12 14:43:19,4,2,0
"shopee ini sangat membantu,",sangat bantu,5,Positif,2026-05-12 14:42:15,4,2,0
banyak toko penjual penipu,banyak toko jual tipu,1,Negatif,2026-05-12 14:41:05,4,4,0
"banyak discountnya,, banyak pilihan pembayarannya,, gratis ongkir",banyak discountnya banyak pilih bayar gratis ongkos kirim,5,Positif,2026-05-12 14:37:37,7,8,0
Akun gajelas. Udah ga ada tagihan tetep aja ga pyleter nya di tahan.,akun gajelas tidak tagih tetep tidak pyleter tahan,1,Negatif,2026-05-12 14:31:15,13,8,0
"tolong yah, gosah munculin iklanmu di Wattpad. ganggu banget pls, biar apa coba? -_",gosah munculin iklan wattpad ganggu banget pls biar apa coba,3,Netral,2026-05-12 14:30:44,14,10,0
bagus sesuai dengan barang dan awet,bagus sesuai barang awet,5,Positif,2026-05-12 14:30:08,6,4,0
mempermudah segala keperluan nice,mudah segala perlu nice,5,Positif,2026-05-12 14:27:57,4,4,0
penjualnya ada yang tidak amanah 👎🏻,jual tidak amanah,2,Negatif,2026-05-12 14:27:52,6,3,0
"sejauh ini si oke ya, cmn tolong dong kalo kirim paket jangan lama, udh lama di transit lama juga di kurir",jauh si cmn kalau kirim paket jangan lama lama transit lama kurir,5,Positif,2026-05-12 14:24:00,21,12,0
keren & memuaskan,keren muas,5,Positif,2026-05-12 14:22:57,3,2,0
bagus seh cukup membantu,bagus seh cukup bantu,4,Positif,2026-05-12 14:19:22,4,4,0
murah murah harga nya,murah murah harga,5,Positif,2026-05-12 14:18:52,4,3,0
video nya sering ngadat dan mbuat hp cpt panas,video sering ngadat mbuat hp cpt panas,3,Netral,2026-05-12 14:16:58,9,7,0
aplikasi najis klo urusan refund...setahun baru kelar...................,najis kalau urus refund tahun baru kelar,1,Negatif,2026-05-12 14:15:19,7,7,1
barang tidak sampai dengan waktu dan tanggal yang tertera,barang tidak waktu tanggal tera,3,Netral,2026-05-12 14:09:16,9,5,0
bagus🤪💯😖,bagus,4,Positif,2026-05-12 14:08:46,1,1,0
"knapa ongkirnya skarang makin mahal? subtotal pengiriman khusus, subtotal ukuran... mf, beralih ke tokped tiktok aja kalo gtu...",knapa ongkirnya sekarang makin mahal subtotal kirim khusus subtotal ukur mf alih tokped tiktok kalau gtu,2,Negatif,2026-05-12 14:04:47,18,16,0
iklan lu dimana mana jirr,iklan lu mana jirr,1,Negatif,2026-05-12 13:58:46,5,4,0
aplikasi mengganggu,ganggu,1,Negatif,2026-05-12 13:58:05,2,1,0
pendapatan penjual semakin berkurang....harga barang 7500 diterima penjual 4000....mikir kalau jual murah......,dapat jual makin kurang harga barang terima jual mikir kalau jual murah,5,Positif,2026-05-12 13:57:52,12,12,0
Gooood..,gooood,5,Positif,2026-05-12 13:57:24,1,1,0
untuk kerja,kerja,5,Positif,2026-05-12 13:50:47,2,1,0
SHOPEE INDONESIA APLIKASI YANG SANGAT MEMBANTU DALAM PERBELANJAAN. MAKA PATUT DIBERI BINTANG 5 🌟🌟🌟🌟🌟,indonesia sangat bantu belanja patut beri bintang,5,Positif,2026-05-12 13:47:15,14,7,0
"barang tidak di kirim, sudah 3hari tidak sampai Dan missroute, sampai hari ini pihak shopee tidak merespon. tolong response",barang tidak kirim hari tidak missroute hari pihak tidak merespon response,1,Negatif,2026-05-12 13:46:45,19,11,0
"aplikasi yang sangat bagus, terimakasih shopee",sangat bagus terimakasih,5,Positif,2026-05-12 13:44:01,6,3,0
Kurir banyak lelet parah,kurir banyak lambat buruk,1,Negatif,2026-05-12 13:43:59,4,4,0
bagus lancar murcee2 mantap,bagus lancar murcee bagus,5,Positif,2026-05-12 13:42:12,4,4,0
gak bisa login,tidak login,1,Negatif,2026-05-12 13:40:28,3,2,0
"barang komplit plit, harga ramah di saku. banyak pilihan barang.",barang komplit plit harga ramah saku banyak pilih barang,5,Positif,2026-05-12 13:38:21,10,9,0
"barang cepat sampai, selalu bagus, diskon gede gede an",barang cepat selalu bagus diskon gede gede an,5,Positif,2026-05-12 13:36:59,9,8,0
bagus terpercaya,bagus percaya,5,Positif,2026-05-12 13:35:44,2,2,0
pembelian pertama Rp 100,beli pertama rp,5,Positif,2026-05-12 13:30:36,4,3,0
untuk pesan pesan barang online sih udah bagus banget tapi sayang sekarang untuk pengiriman agak lambat tidak seperti dulu biasa 2/3 hari smpe ini harus nunggu 4/6 hari paket nya datang tapi saya maklum pasti pegawai nya cape hee,pesan pesan barang online bagus banget sayang sekarang kirim lambat tidak dulu biasa hari smpe nunggu hari paket datang maklum pegawai cape hee,4,Positif,2026-05-12 13:29:03,39,23,0
pengriman lama..,rim lama,1,Negatif,2026-05-12 13:28:44,2,2,0
sangat memudahkan di saat membutuhkan Sesuatu👍🏻,sangat mudah butuh,5,Positif,2026-05-12 13:22:23,6,3,0
"sumpah ini apk shop yang paling bagus menurut aku, barangnya murah murah, ada diskon juga, pokoknya senang bgt deh, cocok buat harga pelajar, download shoppe sekarang juga guys!!🥳🤩",sumpah shop paling bagus barang murah murah diskon pokok senang banget cocok buat harga ajar download sekarang guys,5,Positif,2026-05-12 13:22:05,28,18,0
Belanja di Shope puas banget gak pernah gagal pokonya amanah banget deh top markotop mangka nya aku kasih bintang5,belanja puas banget tidak pernah gagal poko amanah banget top markotop mangka kasih bintang,5,Positif,2026-05-12 13:20:56,19,14,0
pengiriman terjamin,kirim jamin,4,Positif,2026-05-12 13:20:51,2,2,0
AQ beli barang yg udah patah tapi nggak bisa di kembalikan kecewa AQ sama pihak shopee kan padahal AQ Uda ajak balikin 50% aja masih nggak mau. dasar shopee sekarang nggak seperti dulu yg berpihak sama konsumen,beli barang patah tidak kembali kecewa sama pihak kan padahal uda ajak balikin tidak mau dasar sekarang tidak dulu pihak sama konsumen,1,Negatif,2026-05-12 13:20:01,37,22,1
aplikasi belanja sangat mudah kurirnya juga cepat Terima kasih shopee,belanja sangat mudah kurir cepat terima kasih,5,Positif,2026-05-12 13:18:52,10,7,0
barang barang sesuai apa yg di gambarkan,barang barang sesuai apa gambar,5,Positif,2026-05-12 13:18:00,7,5,0
Lumayan sihhhhh tpi ada kekurangan sedikit😊😊,lumayan sihhhhh kurang sedikit,4,Positif,2026-05-12 13:16:43,6,4,0
"kami sangat kecewa sama apk shoope saat ini ,karena memilih kuri untuk ngantar barang sangat lama ,bayangin dari Tangerang ke pangkalan jati 2 Minggu gak di kirim,"" mengecewakan,istimasi pengirimannya mencla mencle,sangat mengecewakan shopee saat ini, kalo developernya pertahanin expedisi SPX semua pelanggan akan kabur auto di uinstall, apk,nya,",sangat kecewa sama shoope pilih kur ngantar barang sangat lama bayangin tangerang pangkal jati minggu tidak kirim kecewa istimasi kirim mencla mencle sangat kecewa kalau developer pertahanin expedisi spx semua langgan kabur auto uinstall,1,Negatif,2026-05-12 13:15:03,48,34,1
sangat bagus dan bermanfaat,sangat bagus manfaat,5,Positif,2026-05-12 13:14:33,4,3,0
siiiip....,siiiip,5,Positif,2026-05-12 13:13:38,1,1,0
"senang bgt selama berbelanja di shopee ga perlu pusing2 kesana kemari cukup buka hp semua masalah teratasi,Krn apapun semua ada di shopee..",senang banget lama belanja tidak perlu pusing kesana kemari cukup buka hp semua masalah atas apa semua,5,Positif,2026-05-12 13:11:44,22,17,0
rasanya aku sedang menunggu hari kiamat,rasa sedang tunggu hari kiamat,3,Netral,2026-05-12 13:10:42,6,5,0
harga barang dan pengiriman paling mahal dikelasnya.. potongan penjual paling banyak di kelas nya,harga barang kirim paling mahal kelas potong jual paling banyak kelas,1,Negatif,2026-05-12 13:08:41,14,11,0
"kasih bintang lima aja, bingung mau ngmng ❓",kasih bintang lima bingung mau ngmng,5,Positif,2026-05-12 13:08:23,8,6,0
mohon maaf shopee tolong yaa spilater saya limit nya di besarkan 😁,mohon maaf yaa spilater limit besar,5,Positif,2026-05-12 13:05:20,12,6,0
"saya pernah beli barang dri shopee, terus akun yg jualan ke blokir, akhirnya paket saya di cancel tanpa persetujuan saya oleh kurir SPX dan akhirnya saya mendapat peringatan dari shopee. jika terulang kembali sebanyak 2x, sistem COD saya akan di non aktifkan. padahal bukan saya yang membatalkan",pernah beli barang terus akun jual blokir akhir paket cancel tanpa tuju kurir spx akhir dapat ingat ulang banyak sistem bayar tempat non aktif padahal bukan batal,4,Positif,2026-05-12 13:04:17,47,27,0
senang belanja di Shopee harga terjangkau,senang belanja harga jangkau,5,Positif,2026-05-12 13:02:23,6,4,0
Lagi Nyoba nih!! Semoga Bermanfaat.,nyoba moga manfaat,5,Positif,2026-05-12 13:00:49,5,3,0
shopee sangat mempermudah bangett kadang kasih SOP lagi sama driver go food kadang ada yg masih kurang ramah karna mereka mungkin lagi marah Maslah pribadi atau double order selainnya memuaskan bangett,sangat mudah bangett kadang kasih sop sama driver go food kadang kurang ramah mungkin marah mas pribadi double order selain muas bangett,5,Positif,2026-05-12 13:00:27,31,22,0
platform digital online yang sangat bagus,platform digital online sangat bagus,5,Positif,2026-05-12 12:59:31,6,5,0
APLIKASI SANGAT BERGUNA,sangat guna,5,Positif,2026-05-12 12:56:19,3,2,0
murah berkualitas hemat terjamin 👍👍👍,murah kualitas hemat jamin,5,Positif,2026-05-12 12:56:12,5,4,0
"murah bgt, pengiriman cpt",murah banget kirim cpt,5,Positif,2026-05-12 12:51:54,4,4,0
"fitur spinjam tidak berguna, saya sudah bayar tepat waktu tetapi saat ingin meminjam lagi selalu tidak bisa sampai 4x dan 1x nya saja 1bulan",fitur spinjam tidak guna bayar tepat waktu pinjam selalu tidak bulan,1,Negatif,2026-05-12 12:51:38,24,11,0
layanan shopee sangat memuaskan sekali,layan sangat muas sekali,5,Positif,2026-05-12 12:51:28,5,4,0
cukup baik semoga lebih maju lagi,cukup baik moga lebih maju,5,Positif,2026-05-12 12:50:54,6,5,0
aman dan terpercaya,aman percaya,5,Positif,2026-05-12 12:50:18,3,2,0
"untuk saat ini masih bagus, semoga kedepan nya lebih bagus lagi",bagus moga depan lebih bagus,4,Positif,2026-05-12 12:49:56,11,5,0
"sangat membantu , harga dan swller baik baik semua",sangat bantu harga swller baik baik semua,5,Positif,2026-05-12 12:45:14,9,7,0
"untuk tahun 2026 enggak deh belanja di shopee,ongkirnya mahal dan lama.. di shopee saya cuma cari no. penjual,nanti pesanan saya via eferpro bisa cod juga biar aman bagi saya... selain itu agak murah dibanding via shopee..",tahun tidak belanja ongkirnya mahal lama cuma cari no jual pesan via eferpro bayar tempat biar aman murah banding via,1,Negatif,2026-05-12 12:41:26,36,20,1
"tolong untuk shopee food, kalau memang pesanan terlalu jauh gausah diterima aja pesanannya, karena driver kalian banyak yg komen karena pesan terlalu jauh, padahal pihak restonya menerima. Kalau memang tidak bisa memesan shopeefood dengan alamat yg jauh tolak aja sekalian pesanannya, jadi customer yg diomelin sama driver, padahal pihak shopee yg ngasih potongan ongkir",food kalau memang pesan terlalu jauh gausah terima pesan driver kalian banyak komen pesan terlalu jauh padahal pihak restonya terima kalau memang tidak mes shopeefood alamat jauh tolak sekali pesan jadi customer diomelin sama driver padahal pihak ngasih potong ongkos kirim,1,Negatif,2026-05-12 12:39:41,54,41,0
barang bisa di pesan mudah dan bayaran nya bisa cod,barang pesan mudah bayar bayar tempat,5,Positif,2026-05-12 12:39:37,10,6,0
sangat cocok untuk Anda,sangat cocok,5,Positif,2026-05-12 12:39:27,4,2,0
iklan mu goblokkkk,iklan goblokkkk,1,Negatif,2026-05-12 12:38:34,3,2,0
suka banget pokoknys,suka banget pokoknys,5,Positif,2026-05-12 12:35:00,3,3,0
sering macet,sering macet,2,Negatif,2026-05-12 12:31:32,2,2,0
blanja mudah,blanja mudah,5,Positif,2026-05-12 12:31:24,2,2,0
"tolong perhatikan lagi shopeefoodnya, udh beberapa kali seperti ini, nunggu lama akhirnya gak menemukan driver, klo memang gak ada jngn lama nunggunya",perhati shopeefoodnya beberapa kali nunggu lama akhir tidak temu driver kalau memang tidak jngn lama nunggunya,1,Negatif,2026-05-12 12:28:09,22,16,0
pengembalian barangnya buruk shopee lebih memilih penjual dari pada komplen pembeli,kembali barang buruk lebih pilih jual komplen beli,1,Negatif,2026-05-12 12:26:51,11,8,0
"pelayanan yg ahir2 ini sangat buruk, paket sering macet dibekasi dan bandar Lampung berhari2 sampe LBH seminggu... komplain berkali2 TDK diindahkan...",layan ahir sangat buruk paket sering macet bekas bandar lampung hari sampe lebih minggu komplain kali tdk indah,1,Negatif,2026-05-12 12:26:43,21,18,0
yahud,yahud,5,Positif,2026-05-12 12:23:51,1,1,0
enak di buat belanja,enak buat belanja,3,Netral,2026-05-12 12:22:25,4,3,0
Shope skrng pengiriman nya sngt lambat.,sekarang kirim sngt lambat,1,Negatif,2026-05-12 12:21:48,6,4,0
